"method","mstop","theta_hat","direct","min_threshold_gap","max_contrast_spread","max_probability_error","backfit_iterations","backfit_converged","max_condition_number","error","replication","seed","sample_signature","fold_signature"
"pure",500,0.901035650779592,0.806443977214945,0.93957945219526,2.9457685359895e-16,2.22044604925031e-16,0,1,NA,"",1,192001,14406118,13527699
"pure",1000,0.918815865471511,0.8442170362197,0.96393738555235,4.19792956917582e-16,2.22044604925031e-16,0,1,NA,"",1,192001,14406118,13527699
"pure",2000,0.936354809184481,0.875507260729614,0.988958688247596,4.92386716157092e-16,2.22044604925031e-16,0,1,NA,"",1,192001,14406118,13527699
"pure",5000,0.958443833764018,0.91070365561527,1.02148758495872,5.92566696871603e-16,2.22044604925031e-16,0,1,NA,"",1,192001,14406118,13527699
"pure",10000,0.973700953814272,0.929697795113532,1.04189498772424,6.17713108733665e-16,2.22044604925031e-16,0,1,NA,"",1,192001,14406118,13527699
"pure",500,0.959463956049812,0.870178434637081,0.927803136854348,3.00524310239356e-16,2.22044604925031e-16,0,1,NA,"",2,192002,14033750,13387392
"pure",1000,0.976360559791052,0.904095429090313,0.9436432418425,4.41370199620081e-16,2.22044604925031e-16,0,1,NA,"",2,192002,14033750,13387392
"pure",2000,0.993342270856823,0.933838392539752,0.959675707103583,5.12355138733043e-16,2.22044604925031e-16,0,1,NA,"",2,192002,14033750,13387392
"pure",5000,1.01810037836681,0.972204279482583,0.983302490171614,6.10778502862063e-16,2.22044604925031e-16,0,1,NA,"",2,192002,14033750,13387392
"pure",10000,1.03601295899463,0.998576825252884,1.00050272033276,6.13920500681338e-16,2.22044604925031e-16,0,1,NA,"",2,192002,14033750,13387392
"pure",500,1.00304715792974,0.87943032405021,0.938233748874415,3.35804953249591e-16,2.22044604925031e-16,0,1,NA,"",3,192003,14151174,13540948
"pure",1000,1.0229301546594,0.927851149812755,0.959308476690472,4.4580036440731e-16,2.22044604925031e-16,0,1,NA,"",3,192003,14151174,13540948
"pure",2000,1.0431798797279,0.972565527910048,0.982213292230884,5.70774693113589e-16,2.22044604925031e-16,0,1,NA,"",3,192003,14151174,13540948
"pure",5000,1.06853298937394,1.02331560474451,1.0127339948764,6.30358996540426e-16,2.22044604925031e-16,0,1,NA,"",3,192003,14151174,13540948
"pure",10000,1.08541080338591,1.055408743502,1.03076980068855,6.35074762236127e-16,2.22044604925031e-16,0,1,NA,"",3,192003,14151174,13540948
"pure",500,0.93967884705299,0.835628128077607,0.974615456811775,2.97392508509001e-16,2.22044604925031e-16,0,1,NA,"",4,192004,14271161,13509676
"pure",1000,0.960152778834841,0.878059937315555,0.995505615412845,4.49340524990225e-16,2.22044604925031e-16,0,1,NA,"",4,192004,14271161,13509676
"pure",2000,0.978603908527183,0.910964832282925,1.0179623806756,5.82197029739783e-16,2.22044604925031e-16,0,1,NA,"",4,192004,14271161,13509676
"pure",5000,1.00345221737099,0.948282715268532,1.04830615970997,5.96167275486897e-16,2.22044604925031e-16,0,1,NA,"",4,192004,14271161,13509676
"pure",10000,1.01923949850459,0.975859912257399,1.06594561734677,6.59614803314712e-16,2.22044604925031e-16,0,1,NA,"",4,192004,14271161,13509676
"pure",500,1.01877176168112,0.905714418483511,0.961204963054812,2.78231446889878e-16,2.22044604925031e-16,0,1,NA,"",5,192005,14416054,13472477
"pure",1000,1.03944325627434,0.956684284832335,0.982121839005563,4.15754024271877e-16,2.22044604925031e-16,0,1,NA,"",5,192005,14416054,13472477
"pure",2000,1.05979147784165,1.00132008361919,1.00219776418491,5.6051584532263e-16,2.22044604925031e-16,0,1,NA,"",5,192005,14416054,13472477
"pure",5000,1.08839098111285,1.05777138604529,1.03003411922493,5.85369404902277e-16,2.22044604925031e-16,0,1,NA,"",5,192005,14416054,13472477
"pure",10000,1.1062744774805,1.09035308123963,1.05025116371261,6.52337110837788e-16,2.22044604925031e-16,0,1,NA,"",5,192005,14416054,13472477
"pure",500,0.859701173053354,0.773294154765752,0.974819209932285,2.92227354839348e-16,2.22044604925031e-16,0,1,NA,"",6,192006,14357933,13552463
"pure",1000,0.877396206447513,0.816758504211898,0.997275008362234,4.39875766550942e-16,2.22044604925031e-16,0,1,NA,"",6,192006,14357933,13552463
"pure",2000,0.894287124728753,0.853393143900559,1.02016983402518,5.54091171131572e-16,2.22044604925031e-16,0,1,NA,"",6,192006,14357933,13552463
"pure",5000,0.918007399567889,0.900615735069976,1.05181249253957,6.21780495128124e-16,2.22044604925031e-16,0,1,NA,"",6,192006,14357933,13552463
"pure",10000,0.933186756478968,0.930448647062291,1.07305665469686,6.83590193314887e-16,2.22044604925031e-16,0,1,NA,"",6,192006,14357933,13552463
"pure",500,0.96480738886131,0.900154919251576,0.983096036579443,2.87971389339038e-16,2.22044604925031e-16,0,1,NA,"",7,192007,14179684,13557626
"pure",1000,0.983137717098887,0.941223770194043,1.00171397607836,4.49912598306444e-16,2.22044604925031e-16,0,1,NA,"",7,192007,14179684,13557626
"pure",2000,0.99883657258538,0.971612589289676,1.01866072856358,5.58953415967829e-16,2.22044604925031e-16,0,1,NA,"",7,192007,14179684,13557626
"pure",5000,1.01959138727032,1.00581419475708,1.04114671993634,6.62727092009084e-16,2.22044604925031e-16,0,1,NA,"",7,192007,14179684,13557626
"pure",10000,1.03515210904489,1.03037141802335,1.05763719862911,6.54352834794788e-16,2.22044604925031e-16,0,1,NA,"",7,192007,14179684,13557626
"pure",500,0.987959523495491,0.89132144388753,0.931180889526517,2.88685074174171e-16,2.22044604925031e-16,0,1,NA,"",8,192008,14411685,13598562
"pure",1000,1.0099185424878,0.947823543490814,0.952278666666426,4.3891572141351e-16,2.22044604925031e-16,0,1,NA,"",8,192008,14411685,13598562
"pure",2000,1.03257317178779,0.999889244695983,0.97399022282819,5.42835607466224e-16,2.22044604925031e-16,0,1,NA,"",8,192008,14411685,13598562
"pure",5000,1.06177575086107,1.05682813523982,1.00115505209211,6.0453061469614e-16,2.22044604925031e-16,0,1,NA,"",8,192008,14411685,13598562
"pure",10000,1.08070561708427,1.09076611037684,1.01936398651613,6.10626875940236e-16,2.22044604925031e-16,0,1,NA,"",8,192008,14411685,13598562
"pure",500,1.15793535426085,1.01336531273161,0.910035391463727,3.03488233343217e-16,2.22044604925031e-16,0,1,NA,"",9,192009,14364039,13541577
"pure",1000,1.18280474581672,1.06608893154847,0.928559289577446,4.21358623729833e-16,2.22044604925031e-16,0,1,NA,"",9,192009,14364039,13541577
"pure",2000,1.20429095237096,1.11020624240438,0.94661723242073,5.64539700607268e-16,2.22044604925031e-16,0,1,NA,"",9,192009,14364039,13541577
"pure",5000,1.23165782634268,1.1666583419415,0.970604493298497,5.74225251657035e-16,2.22044604925031e-16,0,1,NA,"",9,192009,14364039,13541577
"pure",10000,1.25135386058416,1.20563600612586,0.986876488182194,7.1240765016663e-16,2.22044604925031e-16,0,1,NA,"",9,192009,14364039,13541577
"pure",500,0.882639989571919,0.804077171662952,0.871849529759572,3.18087734335114e-16,2.22044604925031e-16,0,1,NA,"",10,192010,14282074,13416061
"pure",1000,0.898914302549235,0.840524617548193,0.888790665096648,4.36471013291682e-16,2.22044604925031e-16,0,1,NA,"",10,192010,14282074,13416061
"pure",2000,0.915974872229436,0.87554407404831,0.905808226570473,4.87029160668078e-16,2.22044604925031e-16,0,1,NA,"",10,192010,14282074,13416061
"pure",5000,0.937977152426162,0.917398900729446,0.927401943215018,5.60937872207606e-16,2.22044604925031e-16,0,1,NA,"",10,192010,14282074,13416061
"pure",10000,0.953141002815793,0.942600734667791,0.941430464470178,6.00020659027746e-16,2.22044604925031e-16,0,1,NA,"",10,192010,14282074,13416061
"pure",500,0.977575707280992,0.869598361745785,0.967300670794091,2.9264954724082e-16,2.22044604925031e-16,0,1,NA,"",11,192011,14064741,13470041
"pure",1000,0.994886040738009,0.910926172797496,0.988336889204198,4.37930078277858e-16,2.22044604925031e-16,0,1,NA,"",11,192011,14064741,13470041
"pure",2000,1.01082765109489,0.946161757014062,1.00680872905468,5.47421995407822e-16,2.22044604925031e-16,0,1,NA,"",11,192011,14064741,13470041
"pure",5000,1.03281094902275,0.988075636440358,1.03323680362846,5.94508179666716e-16,2.22044604925031e-16,0,1,NA,"",11,192011,14064741,13470041
"pure",10000,1.05011834324025,1.01821806652718,1.05475659714326,6.21846680715105e-16,2.22044604925031e-16,0,1,NA,"",11,192011,14064741,13470041
"pure",500,0.88584731543629,0.796091435242843,0.938905083193043,3.11650492779168e-16,2.22044604925031e-16,0,1,NA,"",12,192012,14315829,13466806
"pure",1000,0.902270191351343,0.830862274008735,0.955348236212942,4.20821082790654e-16,2.22044604925031e-16,0,1,NA,"",12,192012,14315829,13466806
"pure",2000,0.917840292282285,0.861712720691703,0.973407199934048,4.94492680089478e-16,2.22044604925031e-16,0,1,NA,"",12,192012,14315829,13466806
"pure",5000,0.937742974565093,0.900290493290236,0.996853301054659,6.0144220653228e-16,2.22044604925031e-16,0,1,NA,"",12,192012,14315829,13466806
"pure",10000,0.951818848726419,0.925880999626422,1.01309171593768,6.35301534163453e-16,2.22044604925031e-16,0,1,NA,"",12,192012,14315829,13466806
"pure",500,0.973351737823639,0.9188732037079,0.956250816882566,2.80221208451075e-16,2.22044604925031e-16,0,1,NA,"",13,192013,14475517,13475704
"pure",1000,0.992255653253789,0.958466102500982,0.97306291837506,4.4411237750586e-16,2.22044604925031e-16,0,1,NA,"",13,192013,14475517,13475704
"pure",2000,1.01013012599202,0.988278754421177,0.988199006562338,6.14389577156996e-16,2.22044604925031e-16,0,1,NA,"",13,192013,14475517,13475704
"pure",5000,1.03312801706538,1.02053954228302,1.00837194441135,6.50315138950655e-16,2.22044604925031e-16,0,1,NA,"",13,192013,14475517,13475704
"pure",10000,1.04876055512894,1.0387198176599,1.02237368114022,6.68231102092561e-16,2.22044604925031e-16,0,1,NA,"",13,192013,14475517,13475704
"pure",500,0.961300748025055,0.856454292279336,0.929889280369427,3.03149026538502e-16,2.22044604925031e-16,0,1,NA,"",14,192014,14386652,13640092
"pure",1000,0.984433841811846,0.908089048584811,0.953019880152985,4.50735108313541e-16,2.22044604925031e-16,0,1,NA,"",14,192014,14386652,13640092
"pure",2000,1.00266461783763,0.943485043644652,0.971484983290592,6.33744897131014e-16,2.22044604925031e-16,0,1,NA,"",14,192014,14386652,13640092
"pure",5000,1.02649241666466,0.982443729639891,0.996534950626968,5.96788247298013e-16,2.22044604925031e-16,0,1,NA,"",14,192014,14386652,13640092
"pure",10000,1.04246810127899,1.00836671763493,1.01347692898015,6.84988514079731e-16,2.22044604925031e-16,0,1,NA,"",14,192014,14386652,13640092
"pure",500,0.948128483598106,0.845662145363708,0.943377572921563,3.01856564351959e-16,2.22044604925031e-16,0,1,NA,"",15,192015,14388656,13402019
"pure",1000,0.967033909045027,0.890187882242089,0.964680584527207,4.21358623729833e-16,2.22044604925031e-16,0,1,NA,"",15,192015,14388656,13402019
"pure",2000,0.986262265251403,0.932287264237787,0.98658162305903,4.91717598516688e-16,2.22044604925031e-16,0,1,NA,"",15,192015,14388656,13402019
"pure",5000,1.01178530637194,0.985080221052982,1.01319633193516,6.07383151131852e-16,2.22044604925031e-16,0,1,NA,"",15,192015,14388656,13402019
"pure",10000,1.02761239328229,1.0188284844706,1.02915530224589,6.02553125011367e-16,2.22044604925031e-16,0,1,NA,"",15,192015,14388656,13402019
"pure",500,1.01196827874486,0.908295789084222,0.969281796379545,2.91416443079912e-16,2.22044604925031e-16,0,1,NA,"",16,192016,14352682,13478033
"pure",1000,1.03154871322229,0.952273723129751,0.991615338312733,4.142665274663e-16,2.22044604925031e-16,0,1,NA,"",16,192016,14352682,13478033
"pure",2000,1.04957004183769,0.986350384434701,1.0116125520788,5.64193318054466e-16,2.22044604925031e-16,0,1,NA,"",16,192016,14352682,13478033
"pure",5000,1.07251367357014,1.02291431483966,1.0366243802912,6.06518620734331e-16,2.22044604925031e-16,0,1,NA,"",16,192016,14352682,13478033
"pure",10000,1.08801402758106,1.04331564138962,1.05413245358768,6.3720969080176e-16,2.22044604925031e-16,0,1,NA,"",16,192016,14352682,13478033
"pure",500,0.893672817695317,0.820118769357613,0.876023418041004,2.92965792266176e-16,2.22044604925031e-16,0,1,NA,"",17,192017,14485789,13469173
"pure",1000,0.912141054909205,0.864431326311615,0.893796501245273,4.20649902984081e-16,2.22044604925031e-16,0,1,NA,"",17,192017,14485789,13469173
"pure",2000,0.929654155953142,0.89779536560889,0.909350166073666,5.12515764221347e-16,2.22044604925031e-16,0,1,NA,"",17,192017,14485789,13469173
"pure",5000,0.953506597366774,0.931718284613182,0.931820388665597,6.29722113413468e-16,2.22044604925031e-16,0,1,NA,"",17,192017,14485789,13469173
"pure",10000,0.970361399490036,0.94838808348196,0.950214132587825,6.08601573923356e-16,2.22044604925031e-16,0,1,NA,"",17,192017,14485789,13469173
"pure",500,1.07997151989143,0.996335918831579,0.918593823913917,3.14378698686515e-16,2.22044604925031e-16,0,1,NA,"",18,192018,14386509,13489244
"pure",1000,1.09936588953508,1.03792041269663,0.936713517803154,4.39056346948622e-16,2.22044604925031e-16,0,1,NA,"",18,192018,14386509,13489244
"pure",2000,1.11813636495877,1.07158850517913,0.953013967871695,5.73292776084392e-16,2.22044604925031e-16,0,1,NA,"",18,192018,14386509,13489244
"pure",5000,1.14270118939305,1.11020947981757,0.975270493716236,5.87684929718338e-16,2.22044604925031e-16,0,1,NA,"",18,192018,14386509,13489244
"pure",10000,1.15881705945226,1.13208880406829,0.991345999147371,6.61981477193583e-16,2.22044604925031e-16,0,1,NA,"",18,192018,14386509,13489244
"pure",500,0.941243119364836,0.851323017609153,0.951412907655313,3.03013237494046e-16,2.22044604925031e-16,0,1,NA,"",19,192019,14322743,13536853
"pure",1000,0.958777822597911,0.893455083681897,0.97118994470322,4.24860279148045e-16,2.22044604925031e-16,0,1,NA,"",19,192019,14322743,13536853
"pure",2000,0.975714003081566,0.927214141257047,0.99080372592346,5.23440598669416e-16,2.22044604925031e-16,0,1,NA,"",19,192019,14322743,13536853
"pure",5000,0.998068721766552,0.966734247902195,1.01759220999649,5.81772739366599e-16,2.22044604925031e-16,0,1,NA,"",19,192019,14322743,13536853
"pure",10000,1.01286389482559,0.988753285369685,1.03472042989547,6.27840363489519e-16,2.22044604925031e-16,0,1,NA,"",19,192019,14322743,13536853
"pure",500,1.03819661562581,0.914518091370498,0.978696469045361,3.4250927707088e-16,2.22044604925031e-16,0,1,NA,"",20,192020,14314807,13512126
"pure",1000,1.06149716224859,0.970070300389553,1.00187176500455,4.37859590296349e-16,2.22044604925031e-16,0,1,NA,"",20,192020,14314807,13512126
"pure",2000,1.08317625486917,1.01868102805497,1.02353851567784,5.45029808705132e-16,2.22044604925031e-16,0,1,NA,"",20,192020,14314807,13512126
"pure",5000,1.10708820542311,1.07024370372888,1.05029031065482,6.23102871132961e-16,2.22044604925031e-16,0,1,NA,"",20,192020,14314807,13512126
"pure",10000,1.12133809534681,1.10444434181425,1.06725543017001,6.12846977673003e-16,2.22044604925031e-16,0,1,NA,"",20,192020,14314807,13512126
