"seed","selection","truth","direct","raw_label","index_projection","sudo","scaled","orthogonal","targeted_projection","targeted_sudo","pit_intercept_tilt","pit_affine_tilt","affine_calibrated_sudo","correction","kappa","clipping_rate","max_inverse_information","direct_contrast_spread","target_failure","index_rmse","index_correlation","pit_intercept_tilt_theta","pit_intercept_tilt_intercept","pit_intercept_tilt_slope","pit_intercept_tilt_tilt","pit_intercept_tilt_score_error","pit_intercept_tilt_converged","pit_affine_tilt_theta","pit_affine_tilt_intercept","pit_affine_tilt_slope","pit_affine_tilt_tilt","pit_affine_tilt_score_error","pit_affine_tilt_converged","affine_calibrated_sudo_mean_intercept","affine_calibrated_sudo_mean_slope","affine_calibrated_sudo_mean_tilt","affine_calibrated_sudo_max_score_error","affine_calibrated_sudo_convergence_rate","oracle_sudo","oracle_orthogonal","sample_signature","fold_signature","error","cell","gating","clip","cell_n","cell_p","outer_folds","inner_folds","replication"
1618001,"min",0.75,0.628597767811858,0.132513487621563,0.628713650974843,0.653707272910181,0.676185875204497,0.693790624562677,0.688785223118803,0.683227474515717,0.688809577548935,0.689460843435894,0.687607616394204,0.0249936219353383,0.473510619295447,0.000333333333333331,1001.001001001,6.66133814775094e-15,0,0.452459983050468,0.973382778562384,0.688809577548935,-0.00296892272285906,1,0.0602118097370767,2.48726964950189e-15,1,0.689460843435894,-0.00211303659646443,1.09841143806725,-0.000998134672194081,5.36421191910108e-11,1,-0.00172321969996204,1.10172000070949,-0.00275816190246465,2.62240390513924e-11,1,0.731847552495117,0.722383811655971,2289956,13533911,"","randomized",TRUE,0.001,3000,80,5,5,1
1618002,"min",0.75,0.653110432312635,0.136775692779702,0.65126672345145,0.675175744004614,0.696583905362722,0.682659963992189,0.721031505231421,0.709293451924905,0.721059762992072,0.724855844012844,0.716963117413135,0.0239090205531639,0.472407163358565,0,289.838904592952,8.43769498715119e-15,0,0.377567021207261,0.979448268979201,0.721059762992072,-0.00366448222934744,1,0.0679493306794365,6.16647473824135e-15,1,0.724855844012844,-0.00432457815397513,1.11809312904866,-0.0053824428659139,4.17443857259059e-17,1,-0.00446360845720021,1.11923879438607,-0.00573066388995851,1.11207339633287e-16,1,0.738444125303275,0.663802380762941,2243146,13526297,"","randomized",TRUE,0.001,3000,80,5,5,2
1618003,"min",0.75,0.710274192495835,0.140278490178257,0.708181835539127,0.731114717982291,0.754283705389811,0.758921422749833,0.783662445003844,0.77070656442716,0.783648775689327,0.78665914827229,0.783668368083049,0.022932882443164,0.50256068750705,0,716.586321731526,8.21565038222616e-15,0,0.330561774287094,0.976251836756017,0.783648775689327,0.00233994508305648,1,0.0733745831934915,9.89275920441438e-13,1,0.78665914827229,0.0102315758071107,1.14485974605321,-0.0265051833766389,6.62433071359677e-17,1,0.0102476118812956,1.14551248478568,-0.0268551160479723,5.59552404411079e-16,1,0.757856139085942,0.775249964203659,2222577,13520072,"","randomized",TRUE,0.001,3000,80,5,5,3
1618004,"min",0.75,0.72327216948867,0.14265645435365,0.722992331212821,0.750848279524331,0.779388247618935,0.807256986084314,0.806833928271523,0.796662485919508,0.806846168903373,0.812906511096444,0.811045129764311,0.0278559483115097,0.50606444426019,0,218.482714442487,7.99360577730113e-15,0,0.301151265517714,0.981809007865177,0.806846168903373,0.00101424253219576,1,0.0835739994147031,3.62469757912246e-12,1,0.812906511096444,0.00292337836001356,1.13785201483147,-0.0100701842277661,1.53950926081355e-17,1,0.00318535646828213,1.14002439540514,-0.0118912901447523,1.99099995749445e-16,1,0.774500122395091,0.840021429585974,2234745,13322759,"","randomized",TRUE,0.001,3000,80,5,5,4
1618005,"min",0.75,0.70411331312476,0.141414740262567,0.702032948479728,0.72396186556341,0.745571148291567,0.754179326118408,0.774622540835046,0.763737233560763,0.774613712109887,0.778507069361426,0.772941569133265,0.0219289170836815,0.496329265370351,0,329.979424832647,7.54951656745106e-15,0,0.384134955781153,0.979026949511154,0.774613712109887,0.00333057754662438,1,0.0705003989851267,1.02085747262966e-13,1,0.778507069361426,0.0163738756019176,1.14802349422434,-0.0298315567019364,9.2370555648813e-17,1,0.0160373702088308,1.15003083539528,-0.0303206306204008,5.30854604718911e-11,1,0.771680853412553,0.785505738412408,2173458,13521234,"","randomized",TRUE,0.001,3000,80,5,5,5
1618006,"min",0.75,0.680635125269451,0.137164883972108,0.679681579492509,0.705434484898549,0.73032274142785,0.757652193928117,0.744672783354869,0.737803522926711,0.744678484334829,0.748165727577439,0.750611887273999,0.0257529054060406,0.49146298343387,0.000333333333333331,1001.001001001,9.10382880192628e-15,0,0.32215293885684,0.981329154263333,0.744678484334829,0.00144472278389597,1,0.0640433590653783,2.279823737202e-13,1,0.748165727577439,0.00268620524183871,1.10983905268192,-0.00722971507364591,2.33886983854366e-17,1,0.00200223260823627,1.11114255577119,-0.0068008090596625,7.46624984060418e-17,1,0.754021880659396,0.782296180241875,2204100,13501020,"","randomized",TRUE,0.001,3000,80,5,5,6
1618007,"min",0.75,0.641820393469068,0.128746734173932,0.642544213748645,0.664259235971562,0.685073618396869,0.702626303446569,0.701860964340743,0.693509093547148,0.701873278670054,0.703942951155938,0.704097879370337,0.0217150222229172,0.489411563539865,0,218.470740955791,8.65973959207622e-15,0,0.341806581624429,0.981414441577552,0.701873278670054,0.00132555920417867,1,0.0600528852009859,1.30104815809773e-13,1,0.703942951155938,0.00345354228455989,1.0937487298806,0.00195271098767604,1.21680443498917e-16,1,0.00355381955878625,1.09522065741831,0.00133248777284303,7.66053886991358e-17,1,0.731158501783859,0.733839292713077,2199117,13458842,"","randomized",TRUE,0.001,3000,80,5,5,7
1618008,"min",0.75,0.626684916398989,0.126988790204894,0.621722677064455,0.646371050498007,0.668939621634134,0.66286234853634,0.683779015786237,0.676366251798693,0.683769307594433,0.685735949707963,0.680001839600021,0.0246483734335513,0.477976102473608,0,284.270149612355,8.88178419700125e-15,0,0.349516607303743,0.979596267324056,0.683769307594433,-0.0028430653233665,1,0.0570843911954437,2.13356739682998e-14,1,0.685735949707963,-0.000910626029600305,1.09519795040137,-0.000608086279663031,8.9557990653096e-17,1,-0.000741394898040836,1.09600168105751,-0.00124350426032358,4.64147629127461e-11,1,0.721936898618564,0.677872687164514,2236181,13653494,"","randomized",TRUE,0.001,3000,80,5,5,8
1618009,"min",0.75,0.674405024189082,0.137893692307726,0.674392559260731,0.696711298813105,0.717695519713658,0.71730879094237,0.745529614645075,0.734588417345653,0.745526143595683,0.749263998370726,0.74290253910705,0.0223187395523742,0.484590907436082,0.000333333333333329,1001.001001001,5.77315972805081e-15,0,0.330762196634917,0.981650483375872,0.745526143595683,-0.000228218204366652,1,0.0711211194066004,2.04824453694149e-13,1,0.749263998370726,0.0046971062458403,1.12659378990753,-0.0105165137631316,9.91799235331807e-18,1,0.00435639295940157,1.12813232211708,-0.0113372382279177,1.98082291310205e-16,1,0.74877468226566,0.729940035305175,2210889,13419568,"","randomized",TRUE,0.001,3000,80,5,5,9
1618010,"min",0.75,0.676161405324868,0.136368259447231,0.677161926291006,0.699773718952504,0.721334613604856,0.7700417278343,0.733902301200235,0.731112670729587,0.733902310707543,0.736434836918063,0.739387157459295,0.0226117926614978,0.488104662937081,0,275.116479040237,9.32587340685131e-15,0,0.370883594528228,0.97532712764481,0.733902310707543,-0.000271710947377789,1,0.057740905382675,3.66113065789856e-14,1,0.736434836918063,0.00234715615311836,1.0914694191586,-0.00157465940933184,5.30345977504491e-11,1,0.00257799479206126,1.09199997318301,-0.00133617801386278,4.28095144518655e-11,1,0.757954174824457,0.810505868870152,2226449,13499099,"","randomized",TRUE,0.001,3000,80,5,5,10
1618011,"min",0.75,0.669282730767035,0.134375056920896,0.667761886880024,0.691687065919747,0.715270118845695,0.633601967289919,0.733393169283195,0.724678476141977,0.733396818825593,0.734897967468408,0.733098440772218,0.0239251790397232,0.49639929650484,0.000333333333333345,1001.001001001,6.66133814775094e-15,0,0.376300076580666,0.979753696730606,0.733396818825593,0.000672070097533561,1,0.0641140880585578,4.0423087099839e-13,1,0.734897967468408,0.00357676866888582,1.09686392068701,0.000785887351166651,4.11522667794391e-17,1,0.00401658156458466,1.09867832704798,-0.000363925130115049,1.01955481094744e-16,1,0.749421292213192,0.186107726405671,2214292,13617906,"","randomized",TRUE,0.001,3000,80,5,5,11
1618012,"min",0.75,0.663299724470078,0.130279392747301,0.66977631840602,0.690984929598907,0.712190426240812,0.760802573885428,0.716285134326906,0.712107798530142,0.716285050825013,0.719605394501294,0.735231663792316,0.021208611192887,0.49996328402104,0.000666666666666665,1001.001001001,8.65973959207622e-15,0,0.332863919562123,0.980892105267017,0.716285050825013,1.09173150566081e-05,1,0.0529853263549351,5.07940208412568e-13,1,0.719605394501294,0.00903440338241017,1.12171487454668,-0.0244277727195072,1.05397172471082e-16,1,0.0093491993666483,1.12262131457332,-0.0246436618683309,2.75612865863195e-16,1,0.744363459443726,0.786887914373272,2167545,13368711,"","randomized",TRUE,0.001,3000,80,5,5,12
1618013,"min",0.75,0.618299464695208,0.126975640139881,0.616510848306262,0.642544498740856,0.666293060462044,0.679697101113576,0.679492624038972,0.67307478728481,0.679490238052598,0.682294946582374,0.681054267537803,0.0260336504345937,0.477049144519182,0,732.893955514936,1.31006316905768e-14,0,0.413452780494815,0.974152471466671,0.679490238052598,0.000732745082318033,1,0.0611907733573892,1.67489725792317e-14,1,0.682294946582374,0.00580879393403235,1.11324023067882,-0.00602089212351347,3.83397017837221e-17,1,0.00557379959593782,1.11419807519919,-0.00629356246011851,8.40068755299702e-17,1,0.726039212427107,0.71156568544263,2186090,13439275,"","randomized",TRUE,0.001,3000,80,5,5,13
1618014,"min",0.75,0.633883305802266,0.131439786884935,0.6332662959097,0.657224638038751,0.678222105183638,0.698992078218324,0.69155870985618,0.684108894304666,0.691559391776388,0.695238652962979,0.696911121143578,0.0239583421290509,0.467069050340955,0.000333333333333333,1001.001001001,7.54951656745106e-15,0,0.380775046201148,0.978656009550621,0.691559391776388,0.000233462839295069,1,0.0576760859741224,3.66018326758422e-15,1,0.695238652962979,0.0043496201275636,1.1116473741305,-0.00941605943727009,7.5347135937894e-17,1,0.00385893145345691,1.11353885706917,-0.00978862821743921,4.008136433864e-11,1,0.734099372959204,0.734154436213328,2237936,13471971,"","randomized",TRUE,0.001,3000,80,5,5,14
1618015,"min",0.75,0.669434442012316,0.140229846786431,0.670940503031124,0.695448973665243,0.718132880795258,0.725699500927754,0.737825211810289,0.730188106022121,0.737855300733705,0.738119729931149,0.735576109583712,0.0245084706341191,0.48066887503292,0,100.007045665287,7.54951656745106e-15,0,0.417697852975272,0.971295210246813,0.737855300733705,-0.00421304368594505,1,0.0684208587213887,8.730497806179e-15,1,0.738119729931149,-0.00455760940713981,1.10527259096977,-0.00178781027620491,2.50665364021074e-11,1,-0.00453394958760167,1.10651300227757,-0.00267162726337228,4.46425627946094e-11,1,0.752646603656446,0.751254366180919,2255362,13623041,"","randomized",TRUE,0.001,3000,80,5,5,15
1618016,"min",0.75,0.663685776931149,0.134817758023745,0.665456487998086,0.681500582320964,0.696426653744278,0.700888227099437,0.712679619083178,0.705361495079022,0.712708105961457,0.715923985435571,0.717999353492861,0.0160440943228782,0.4819500013541,0.000333333333333338,1001.001001001,1.22124532708767e-14,0,0.36701533714707,0.979554737402708,0.712708105961457,0.0026954866536222,1,0.0490223290303078,2.78029451313463e-14,1,0.715923985435571,0.00880085783197034,1.10196249961954,-0.0154328522734125,7.54951656745107e-18,1,0.00902453071971059,1.10303774190406,-0.0155151058505501,3.5287586556502e-11,1,0.749806149352919,0.723409334609839,2214777,13527231,"","randomized",TRUE,0.001,3000,80,5,5,16
1618017,"min",0.75,0.739296868723025,0.150099907352243,0.743242118688469,0.769795908571751,0.79652950067044,0.829991960838863,0.814813089567402,0.80633171561227,0.814812721958307,0.818148374654133,0.826081235868397,0.0265537898832818,0.501687099353735,0,230.178349139921,7.54951656745106e-15,0,0.395230478261955,0.973022646267098,0.814812721958307,-0.000138669586415523,1,0.0755158532352819,7.09232376531569e-13,1,0.818148374654133,0.00711393729587874,1.16190263285297,-0.0408426035751091,1.96879549700194e-17,1,0.00743882809467501,1.16556175208823,-0.0429959147065363,6.62803145701218e-16,1,0.789532915367322,0.851852667980395,2227616,13651057,"","randomized",TRUE,0.001,3000,80,5,5,17
1618018,"min",0.75,0.762452705236871,0.148592778910341,0.762107681206892,0.782479845720802,0.803805307574067,0.824365859294025,0.843873467657626,0.828719525276712,0.843858241386496,0.849745062668078,0.848478007329583,0.0203721645139099,0.511431074408901,0.000666666666666656,1001.001001001,7.32747196252603e-15,0,0.306879391373788,0.97980164514327,0.843858241386496,0.00184152500694377,1,0.0814055361496252,9.51541956339952e-12,1,0.849745062668078,0.0100757701034117,1.17532373069571,-0.0463836953299591,1.45720472725467e-15,1,0.0101311778654844,1.17627668268011,-0.0466317933775865,2.59755180328132e-15,1,0.789527554314846,0.847500929816537,2196909,13494009,"","randomized",TRUE,0.001,3000,80,5,5,18
1618019,"min",0.75,0.754705903060508,0.149460983080856,0.749407171583358,0.77718686712536,0.805142925658089,0.828379094920789,0.833667861547382,0.82234423282433,0.833661055957602,0.840221302176007,0.835682259262771,0.027779695542002,0.50158213514516,0,583.15132005399,7.99360577730113e-15,0,0.354931305828417,0.973597013666742,0.833661055957602,-0.00104895511338985,1,0.0789551528970945,2.77536541896476e-12,1,0.840221302176007,0.00672191895413271,1.15267302342501,-0.02970783290145,2.29742151229099e-16,1,0.0063746634777917,1.15590331384004,-0.0319174849360697,1.04888320251462e-15,1,0.781649740124263,0.807748194023538,2196282,13416663,"","randomized",TRUE,0.001,3000,80,5,5,19
1618020,"min",0.75,0.660625336369027,0.134941658676228,0.661246916033561,0.67939354281516,0.6964458713719,0.618931608152908,0.727532546856979,0.714664295693608,0.727533707499082,0.730493477964801,0.724057793588247,0.0181466267815987,0.484455529797123,0,451.684160317911,9.10382880192628e-15,0,0.353456402672725,0.981918759941771,0.727533707499082,0.00402239279670774,1,0.066908371130055,6.96555405947189e-14,1,0.730493477964801,0.00981806586146106,1.13419067995163,-0.0187816214848565,7.72715225139109e-17,1,0.0098866128355601,1.13527407697899,-0.019304746430037,5.81016716220499e-17,1,0.741938991287112,0.528170210428855,2202268,13530071,"","randomized",TRUE,0.001,3000,80,5,5,20
1628001,"min",0.75,0.636061252852035,0.122343643645656,0.635258260951187,0.652941444984346,0.671046960094642,0.700498624975982,0.711729231683002,0.694981344660151,0.711770542274473,0.712691338295423,0.713515660389334,0.0176831840331589,0.505900341270358,0.000666666666666657,1001.001001001,5.10702591327572e-15,0,0.43611677958739,0.991709778339984,0.711770542274473,0.00215842002125783,1,0.0757092894224374,6.2085006765263e-12,1,0.712691338295423,0.00580967211997045,1.24376980621339,-0.0784224429042022,2.24063730532483e-14,1,0.00570900953339482,1.24531140304311,-0.0790555397268679,4.5869511892486e-14,1,0.735837849818854,0.718656851880495,2245452,13466277,"","confounded",TRUE,0.001,3000,80,5,5,1
1628002,"min",0.75,0.645333268951575,0.120789761585378,0.643884003071993,0.651997535007504,0.66026809811775,0.702579537293752,0.708325496200625,0.691009116872919,0.708359571151634,0.713373257130819,0.711531064341096,0.00811353193551045,0.504792183342958,0.000333333333333348,1001.001001001,6.21724893790088e-15,0,0.448322318589991,0.990949852355605,0.708359571151634,0.00391610311090668,1,0.063026302200059,3.8495979737263e-12,1,0.713373257130819,0.0285652674621523,1.25194779711356,-0.0945503073372011,1.38541770648241e-14,1,0.0283138941949053,1.25400589950586,-0.0958059661525792,7.50159194022141e-14,1,0.741332360717115,0.740259862284218,2113907,13504560,"","confounded",TRUE,0.001,3000,80,5,5,2
1628003,"min",0.75,0.671542602604531,0.122502269130287,0.673671152207014,0.680314941447968,0.687542558766879,0.747186128196014,0.741335318457899,0.724266301951178,0.741424322533832,0.744558060719874,0.744141343475106,0.00664378924095421,0.521044299849354,0.000333333333333333,1001.001001001,4.44089209850063e-15,0,0.436194364305473,0.988827425798709,0.741424322533832,0.00446481160359549,1,0.0698817199293007,2.76504377912564e-11,1,0.744558060719874,0.0373704646232782,1.25474599207088,-0.0980573284030086,9.54165265317404e-14,1,0.0375151577103238,1.25600754012252,-0.0988823839710635,1.89527467793956e-13,1,0.746828027364671,0.801710932784401,2119463,13484642,"","confounded",TRUE,0.001,3000,80,5,5,3
1628004,"min",0.75,0.622599866809164,0.117624238049356,0.622008475434484,0.633811296033314,0.645797921946103,0.686787282231925,0.684890294092651,0.67001035969685,0.684858350549403,0.685216229077066,0.687202977093332,0.0118028205988301,0.503863169197091,0,620.425127073928,6.21724893790088e-15,0,0.438584826845577,0.991713027822759,0.684858350549403,-0.00303575989654331,1,0.0622584837402399,2.30219443508872e-12,1,0.685216229077066,0.00370012782458458,1.24684700475165,-0.091070550012718,1.99040783854798e-14,1,0.00376667913839119,1.24837109328093,-0.0918574809644195,1.07472919452789e-13,1,0.724011641831719,0.708033444399812,2246276,13505832,"","confounded",TRUE,0.001,3000,80,5,5,4
1628005,"min",0.75,0.676485822579172,0.130619424845973,0.674894848233612,0.691994798905825,0.709351052900773,0.757715046275901,0.759841447554628,0.742194960992821,0.759823815196525,0.763664500397568,0.758909699924042,0.0170999506722123,0.503719262252061,0.000333333333333337,1001.001001001,5.77315972805081e-15,0,0.479683708159682,0.985068813308595,0.759823815196525,-0.00363495390242754,1,0.083337992617353,5.88933909047758e-12,1,0.763664500397568,0.00333442966019368,1.2667662045338,-0.0932848774919727,3.20374837770032e-14,1,0.00343907429346875,1.26863623122811,-0.094694348773253,5.79887989478796e-14,1,0.765211766358773,0.809510627893537,2224285,13527765,"","confounded",TRUE,0.001,3000,80,5,5,5
1628006,"min",0.75,0.60716060650754,0.113372945805444,0.607369710149497,0.616679944630448,0.626287425384766,0.675029165646956,0.666652410194951,0.654449024541173,0.666644512843502,0.665795640339353,0.666112540595472,0.00931023448095036,0.507856294210768,0.000666666666666665,1001.001001001,6.66133814775094e-15,0,0.47566808724212,0.984092981746431,0.666644512843502,0.00309459852476143,1,0.059483906335962,4.29315301827179e-12,1,0.665795640339353,0.015639293360691,1.21445822127036,-0.0715755498652285,2.35595247014923e-14,1,0.015396572115578,1.21564796021876,-0.0726405157664114,6.77139825692545e-14,1,0.714522721649724,0.717400036704969,2151620,13420441,"","confounded",TRUE,0.001,3000,80,5,5,6
1628007,"min",0.75,0.723171778716345,0.135632220440063,0.724475623688615,0.740640743857358,0.758546555880169,0.809545916111669,0.80647846821936,0.790047593214362,0.806478130412646,0.80739059494872,0.810846156318274,0.0161651201687438,0.525545116351391,0.000333333333333336,1001.001001001,5.10702591327572e-15,0,0.415652149510531,0.987648713772655,0.806478130412646,6.04325686403661e-05,1,0.083306351696301,5.40308538650909e-18,1,0.80739059494872,0.0103195789885842,1.28125661597104,-0.119178031015141,9.53647531313588e-14,1,0.0109581373390877,1.28365999686808,-0.121071070031631,4.87870253455351e-13,1,0.781426774620262,0.844691633038215,2203206,13482330,"","confounded",TRUE,0.001,3000,80,5,5,7
1628008,"min",0.75,0.631382205665095,0.118961718176381,0.632123790839701,0.639494560717042,0.646972506229617,0.659568289544558,0.69415731280725,0.674356605320594,0.694145159565071,0.69486768335369,0.694570750996324,0.00737076987734153,0.503608919439123,0.00066666666666666,1001.001001001,6.21724893790088e-15,0,0.474036527356097,0.98564793962047,0.694145159565071,-0.000706054229265458,1,0.0627629538999756,2.07073114211198e-12,1,0.69486768335369,0.0116689877790039,1.24959088769031,-0.0941017674952224,1.70832237245122e-14,1,0.0119833832554313,1.25043626844934,-0.0944152162311095,6.94165095775171e-14,1,0.722844672530311,0.665687593715101,2234207,13389196,"","confounded",TRUE,0.001,3000,80,5,5,8
1628009,"min",0.75,0.600217413137684,0.11678942647373,0.598782503183629,0.608266498642586,0.617350023874773,0.637420689957148,0.656629100895563,0.641775872826755,0.656607985986983,0.657664051071256,0.652964198476664,0.00948399545895628,0.489215840029738,0,243.944147958533,6.66133814775094e-15,0,0.494853853865832,0.984420668543272,0.656607985986983,-0.00313740299445319,1,0.0563905728492988,2.83677525914072e-13,1,0.657664051071256,0.0159586440005938,1.22989090569743,-0.0805378867880202,1.61130368307264e-15,1,0.0161255985591911,1.2312228673274,-0.0811590250926511,4.63333075610232e-15,1,0.71273953696925,0.640841820655054,2158458,13411427,"","confounded",TRUE,0.001,3000,80,5,5,9
1628010,"min",0.75,0.67332918539951,0.126043657811932,0.67211279304899,0.686870203587882,0.703142712942588,0.727070077028253,0.755103471886308,0.735893506027943,0.755122624632084,0.75447709089804,0.751488261981586,0.0147574105388918,0.524413514778797,0,429.890646385743,7.54951656745106e-15,0,0.398550998776356,0.98850582236705,0.755122624632084,0.00452716239743427,1,0.0817934392325733,3.79952608634918e-11,1,0.75447709089804,0.013508605656229,1.26714199011887,-0.0987265930942138,6.65553538207557e-14,1,0.0137184899891051,1.26887768655369,-0.0998130652430567,1.64805946667457e-13,1,0.747993421738646,0.708069871330685,2211346,13457452,"","confounded",TRUE,0.001,3000,80,5,5,10
1628011,"min",0.75,0.687515748280553,0.12924448978272,0.687882685476372,0.69240703937756,0.697185811265008,0.698336149944492,0.751222985293546,0.729482035736082,0.751209856345921,0.752582621079576,0.747059329009933,0.00452435390118833,0.513673790510824,0,285.83897693118,5.77315972805081e-15,0,0.503686276393463,0.982643216228938,0.751209856345921,0.00268162682370401,1,0.0636941080653678,4.81571493793354e-12,1,0.752582621079576,0.0251078851367499,1.23421157107026,-0.0959572707413122,1.13479596090353e-15,1,0.025641113880122,1.23651184851563,-0.0963657722681482,3.25887465161638e-15,1,0.761304339915937,0.762092284989332,2124063,13588706,"","confounded",TRUE,0.001,3000,80,5,5,11
1628012,"min",0.75,0.699610813350508,0.126712237632522,0.699961603551347,0.706770881439157,0.714181591594027,0.773209198762092,0.77715711841079,0.758074369287498,0.777173674504537,0.782506551918476,0.780654240918338,0.00680927788781072,0.521147425203649,0.000333333333333341,1001.001001001,5.32907051820075e-15,0,0.402694758527861,0.98776703188785,0.777173674504537,-0.00216738605277212,1,0.0775628611540286,3.84877315203388e-18,1,0.782506551918476,0.0106895478360172,1.3019982195903,-0.128385481470006,5.40881635776221e-13,1,0.0107291978346134,1.30213836124405,-0.128468091318336,9.64036350747932e-13,1,0.761493035932144,0.807579779574147,2214774,13447365,"","confounded",TRUE,0.001,3000,80,5,5,12
1628013,"min",0.75,0.737982498755212,0.135224296468862,0.739618428734089,0.752052642944727,0.766192363400516,0.791758571846899,0.823251116957466,0.803078406267354,0.823253525189151,0.830154849979973,0.829250323488458,0.0124342142106373,0.53208983288627,0,587.740286572538,4.88498130835069e-15,0,0.513482971311536,0.973154517356656,0.823253525189151,0.000247004618135321,1,0.0852710264339389,3.5527136788005e-18,1,0.830154849979973,0.0130786399376595,1.27494441852291,-0.110731817775573,1.85049013149789e-13,1,0.0130841178469734,1.27679556591578,-0.111337052907372,6.77769090851044e-13,1,0.779924621462725,0.80839237376991,2223901,13568058,"","confounded",TRUE,0.001,3000,80,5,5,13
1628014,"min",0.75,0.675564705377568,0.128195597088605,0.678312529439134,0.6944809588324,0.71141719699276,0.77059361855168,0.762588542135117,0.744530441424225,0.762582016045572,0.766064053630596,0.771410528712776,0.0161684293932655,0.511596684453202,0.000333333333333338,1001.001001001,5.77315972805081e-15,0,0.404775404393201,0.988544331112601,0.762582016045572,-0.00212319066152537,1,0.0870173106680035,1.84955378420189e-11,1,0.766064053630596,0.00576102982871961,1.27729506390907,-0.096831409899358,1.61612205099952e-13,1,0.0057560417540885,1.27822590403673,-0.0973731952053334,3.07531037672485e-13,1,0.756768078633193,0.833747453832408,2235971,13469532,"","confounded",TRUE,0.001,3000,80,5,5,14
1628015,"min",0.75,0.726356436684426,0.136997357050349,0.727116512824741,0.736349218871417,0.746115491508242,0.777536629831057,0.798747763114326,0.780488027862042,0.798744662038129,0.79922904361626,0.797711317001045,0.00923270604667659,0.514041980862148,0.00100000000000004,1001.001001001,6.66133814775094e-15,0,0.553693689386928,0.979425006121228,0.798744662038129,-0.00397876595635808,1,0.0723882253537031,6.61199199096056e-12,1,0.79922904361626,0.012493243533035,1.28538475102823,-0.134418443909099,5.38982192210824e-14,1,0.0124677133616347,1.2870308226645,-0.13540317790723,1.34330139604325e-13,1,0.780359527598367,0.770060707141116,2181957,13405905,"","confounded",TRUE,0.001,3000,80,5,5,15
1628016,"min",0.75,0.655664689656093,0.125888230842472,0.656870655812616,0.665346224356838,0.673755498929202,0.70889153454634,0.71494421747592,0.699156895368336,0.714927833596888,0.718807436034476,0.719695630574752,0.00847556854422193,0.49803687924727,0,772.92676576564,7.99360577730113e-15,0,0.534181415740978,0.984736514967207,0.714927833596888,-0.00334193795898387,1,0.059263143940795,1.06869979532576e-12,1,0.718807436034476,0.0220692461658635,1.25143023647035,-0.101711181587105,2.49459712146442e-15,1,0.0220370502038039,1.25161017762997,-0.101775777010207,5.59774449016004e-15,1,0.74827202914949,0.714335292754342,2146951,13568530,"","confounded",TRUE,0.001,3000,80,5,5,16
1628017,"min",0.75,0.672549685454559,0.12588715075978,0.674994059376356,0.68180347207269,0.689068401689704,0.710078934421002,0.746358800219373,0.726363553861125,0.746389820827664,0.74824107539724,0.747475448210435,0.00680941269633362,0.516182529547005,0.000333333333333334,1001.001001001,5.32907051820075e-15,0,0.45498577043387,0.98202043033058,0.746389820827664,0.00301685961848052,1,0.0738401353731048,2.49480314925184e-11,1,0.74824107539724,0.0236732504441874,1.26922183563271,-0.105373670929594,1.22059399624656e-13,1,0.0237069039749828,1.26995305860243,-0.105293010676097,3.53175914439656e-13,1,0.749631040199766,0.698370922366303,2146460,13443528,"","confounded",TRUE,0.001,3000,80,5,5,17
1628018,"min",0.75,0.676904128855769,0.123955073626313,0.675241346472475,0.687161355624309,0.700367220510377,0.732453658811735,0.753400714218152,0.734159234264754,0.753392854248326,0.758933018279416,0.757283403951902,0.0119200091518341,0.525588278686228,0.000333333333333343,1001.001001001,6.21724893790088e-15,0,0.400902008247883,0.985614985922633,0.753392854248326,-0.0014551367769012,1,0.0764887253925567,4.736951571734e-18,1,0.758933018279416,0.0132055419935534,1.25690966912229,-0.0918743263481984,2.78597885502071e-13,1,0.013378346938765,1.25881484572208,-0.0929470839786046,8.1793904982419e-13,1,0.749770600611507,0.769687482836265,2224913,13420040,"","confounded",TRUE,0.001,3000,80,5,5,18
1628019,"min",0.75,0.709483937240239,0.129693974093747,0.708766105957237,0.718007992157607,0.728068822595992,0.760870357929348,0.790203132885709,0.767239500066694,0.790201170763688,0.800199252393068,0.796475588429052,0.00924188620037014,0.521213186033371,0.00200000000000006,1001.001001001,5.77315972805081e-15,0,0.421353838253623,0.987330678263883,0.790201170763688,-0.000453840531036459,1,0.0807172335234495,4.29286236188394e-18,1,0.800199252393068,0.0346022938395854,1.30512127400055,-0.125763327660842,1.40263978209987e-12,1,0.0349003080263225,1.30603309796355,-0.125735903046922,2.94387014765363e-12,1,0.767191038449095,0.782209663031569,2064476,13417950,"","confounded",TRUE,0.001,3000,80,5,5,19
1628020,"min",0.75,0.623628143930319,0.118918287511958,0.623036367069854,0.629030814547684,0.634940610162163,0.685980821278232,0.675604439623629,0.663128380686368,0.675603814912093,0.672512570114864,0.670423761455782,0.00599444747782951,0.496444466788293,0,660.367629413465,6.21724893790088e-15,0,0.562254217802319,0.981733801421979,0.675603814912093,-4.8299121659434e-05,1,0.051975670981774,3.60548924049908e-13,1,0.672512570114864,0.0211387484946534,1.22827602780235,-0.0934749293376193,1.07129120389497e-15,1,0.0208634285478889,1.22982995821869,-0.0937057888843638,2.54241072639161e-15,1,0.734147751639003,0.772460200850655,2120238,13389987,"","confounded",TRUE,0.001,3000,80,5,5,20
1638001,"min",0.75,0.640615269369627,0.118827634905574,0.640111473713501,0.662542257356511,0.69895248067911,0.718574633033542,0.742249060583662,0.730635307331346,0.742293266697076,0.753935344364546,0.75062577930139,0.0224307836430103,0.618789942597,0,372.182952379895,6.43929354282591e-15,0,0.537054332384396,0.983579976691184,0.742293266697076,-0.00476668897104638,1,0.101677997327449,2.24472292605545e-15,1,0.753935344364546,0.0334377158395237,1.47300284861819,-0.189692772285223,3.72586702231577e-13,1,0.0339819775810048,1.47588266596663,-0.191119284916968,6.72588466403094e-13,1,0.758482513588164,0.789631193263163,2152830,13456124,"","high_signal",TRUE,0.001,3000,80,5,5,1
1638002,"min",0.75,0.661521154985848,0.120250568754051,0.662244691995106,0.686964746929737,0.730123349062754,0.78717706968397,0.775124793417491,0.766284699244028,0.775138981113634,0.787027793108016,0.791965458059474,0.0247200549346314,0.635819917444814,0,595.395563196056,5.77315972805081e-15,0,0.525458015177979,0.980324178528016,0.775138981113634,-0.00202638355972439,1,0.113617826127786,3.29922755781809e-14,1,0.787027793108016,0.00527474428056476,1.57581684736921,-0.25540838780982,5.72145590164534e-12,1,0.00543708107728135,1.57698929798046,-0.255990440239701,1.27171806418858e-11,1,0.765351778781967,0.844092104642986,2266062,13522911,"","high_signal",TRUE,0.001,3000,80,5,5,2
1638003,"min",0.75,0.624505566310097,0.117707349155595,0.625429608673718,0.646943924518676,0.682099917126836,0.698189193116316,0.72814906885813,0.715315832285013,0.728163950816831,0.740269320710944,0.739096497161177,0.0215143158449581,0.620360000991418,0,235.235668643181,3.99680288865056e-15,0,0.563447820393299,0.987046907744998,0.728163950816831,-0.00140544803906875,1,0.103658384506734,1.67806509428677e-15,1,0.740269320710944,-0.00247662398436224,1.59747977627348,-0.257365691639652,4.6315247933156e-13,1,-0.00245557316511917,1.59757316709289,-0.257191244727476,7.82761633288942e-13,1,0.750703564928091,0.699336026059533,2266223,13521103,"","high_signal",TRUE,0.001,3000,80,5,5,3
1638004,"min",0.75,0.634440251819854,0.117176846714722,0.632798502683106,0.656244336860086,0.695338754582638,0.71414603538417,0.738564397318174,0.726314005065818,0.738564139709731,0.752911527166156,0.749442813431569,0.02344583417698,0.625108094949078,0.000333333333333337,1001.001001001,5.77315972805081e-15,0,0.53859087886959,0.984324403329959,0.738564139709731,-0.00147054043481043,1,0.104123887889877,6.33685696508716e-15,1,0.752911527166156,0.00872646078840447,1.48097748621566,-0.186680202128044,8.88872679164857e-13,1,0.00940862969382564,1.48666574147494,-0.189808184638586,2.93493007674783e-12,1,0.755396923615138,0.768639410111448,2229628,13461490,"","high_signal",TRUE,0.001,3000,80,5,5,4
1638005,"min",0.75,0.635000712413299,0.116343997232543,0.635948469201755,0.659200177448539,0.697869605108597,0.741876287501836,0.741445987166442,0.731635205001139,0.741524662882528,0.75151069523241,0.753527717119705,0.0232517082467837,0.624494804459578,0,879.655096953974,5.32907051820075e-15,0,0.488657267269205,0.988441691830556,0.741524662882528,-0.0058943921585661,1,0.106523950469229,1.16517166285727e-14,1,0.75151069523241,0.00469926668900501,1.45294506565177,-0.171110456553851,2.22979797589081e-12,1,0.00404324686522179,1.45704138393281,-0.172995360615345,5.72914419609087e-12,1,0.748997119627956,0.776464116148078,2253744,13419453,"","high_signal",TRUE,0.001,3000,80,5,5,5
1638006,"min",0.75,0.622454696817966,0.114753721103895,0.622158418961913,0.644145303956631,0.67989467833988,0.708843636648131,0.726297529355252,0.714069100249788,0.726300948929849,0.739277048050776,0.739168774070322,0.0219868849947182,0.619184110096527,0,295.6896501471,5.10702591327572e-15,0,0.537599220505986,0.986344015715791,0.726300948929849,-0.00143841499383016,1,0.103846252111883,4.36628511124582e-15,1,0.739277048050776,0.0328847355222734,1.53160714637274,-0.214079013888895,1.1600048329304e-12,1,0.0331131655048018,1.53316545261727,-0.214922532536031,4.34715078749074e-12,1,0.750401394599334,0.747404238539953,2198853,13459144,"","high_signal",TRUE,0.001,3000,80,5,5,6
1638007,"min",0.75,0.637058349463007,0.116997809245907,0.639903288788744,0.661292612853769,0.696862490842276,0.699154290033369,0.749274963269392,0.735799748245919,0.749294915497991,0.76099909259593,0.76245805863112,0.0213893240650251,0.62447992082258,0,275.18231403414,5.32907051820075e-15,0,0.465348673547953,0.990515355610655,0.749294915497991,0.00283498530922966,1,0.112236566034984,1.61805383906236e-14,1,0.76099909259593,-0.00221950905168944,1.51883199401143,-0.206585510620597,4.31677360523963e-12,1,-0.00214127641548704,1.52204244123977,-0.208382879432321,8.84583961635599e-12,1,0.750840176063512,0.713535310354489,2269336,13405309,"","high_signal",TRUE,0.001,3000,80,5,5,7
1638008,"min",0.75,0.621827494019115,0.117821637346886,0.621764621276286,0.644593461095204,0.679830681205934,0.694542080049324,0.724573955892101,0.712467209490276,0.72458835676698,0.738542833936124,0.735202709129117,0.0228288398189175,0.60684710058549,0,903.494546491858,5.77315972805081e-15,0,0.498595113047209,0.990760913384815,0.72458835676698,-0.00133747556099695,1,0.102760862747865,7.04621546295433e-16,1,0.738542833936124,-0.0198193127512831,1.52868351141079,-0.21203460311279,6.30342888996438e-13,1,-0.0198570903153644,1.53099680938382,-0.213134611974642,1.20499758319662e-12,1,0.748399389491899,0.707793123854595,2300403,13405871,"","high_signal",TRUE,0.001,3000,80,5,5,8
1638009,"min",0.75,0.606680107087415,0.114647656319444,0.60661972687006,0.628693604668134,0.661948678529988,0.687543514742862,0.70064157308514,0.690005169932422,0.700641997953624,0.712387682109934,0.712007449449563,0.0220738777980741,0.601042905462079,0,314.463577254878,5.32907051820075e-15,0,0.494736145651835,0.991208687020062,0.700641997953624,0.000637167712759432,1,0.0939618908662095,3.08493971109177e-16,1,0.712387682109934,-0.00146937797737198,1.46113460956657,-0.174053619291043,3.29358466425826e-13,1,-0.00178774940167989,1.46405121568809,-0.175446225068524,9.76341045048438e-13,1,0.740509247875114,0.727313949275558,2265595,13427806,"","high_signal",TRUE,0.001,3000,80,5,5,9
1638010,"min",0.75,0.62532786559664,0.116518721572934,0.622012754759853,0.64652861856984,0.685223147730612,0.725301278037891,0.720179621385807,0.710897332524581,0.720178829050843,0.731662536827868,0.730607554696983,0.0245158638099866,0.612154542033501,0,387.77771560737,5.32907051820075e-15,0,0.518914762863849,0.985605554416412,0.720178829050843,0.000422761804255926,1,0.094850963454204,1.01474384450739e-15,1,0.731662536827868,0.016698032441908,1.43278483237553,-0.164297744260761,1.49743476877499e-13,1,0.016617207719226,1.43521016673712,-0.165223967724608,4.79768817266783e-13,1,0.752851926373946,0.791683235476383,2150691,13534404,"","high_signal",TRUE,0.001,3000,80,5,5,10
1638011,"min",0.75,0.620178273773499,0.11502933651376,0.618462111950416,0.642548841577369,0.679545649966342,0.713062825707671,0.720091947857488,0.70980586080997,0.720083992207623,0.732720946908714,0.73237484440291,0.0240867296269529,0.605675597561605,0,198.652789548318,5.99520433297585e-15,0,0.514168009764294,0.984586038724886,0.720083992207623,0.00194478569044922,1,0.0999057184341241,1.95488070175998e-15,1,0.732720946908714,0.0143159035547011,1.43100089317043,-0.154754716786056,7.06232701948769e-13,1,0.0145557626363989,1.43403957132573,-0.156054147998117,1.46840465712709e-12,1,0.745238974230633,0.738200645639385,2218066,13522392,"","high_signal",TRUE,0.001,3000,80,5,5,11
1638012,"min",0.75,0.639663869617142,0.118806623283109,0.638934434937666,0.661311385586887,0.697074746293643,0.688884098982074,0.748041309653448,0.73431125851851,0.748124755662215,0.76108027888187,0.758795756772854,0.0223769506492203,0.615121589008826,0,598.561219383375,4.88498130835069e-15,0,0.488453807610244,0.989412345118855,0.748124755662215,-0.00553171622573696,1,0.108460886045073,4.26621700929294e-15,1,0.76108027888187,0.0242467194259707,1.52682308101506,-0.215573281340992,2.17803730606647e-12,1,0.024590715687035,1.53068306071914,-0.217539085205054,1.30312871604588e-11,1,0.750183270508041,0.71088145494013,2198569,13629623,"","high_signal",TRUE,0.001,3000,80,5,5,12
1638013,"min",0.75,0.605682078243785,0.113892522311494,0.608464413943513,0.62938511684863,0.662327734123624,0.682196552222135,0.706335302340529,0.69557398254786,0.706329761166835,0.714873824469549,0.717250661342363,0.0209207029051169,0.611596484673407,0,247.113914258244,5.99520433297585e-15,0,0.584350737146213,0.985102248474969,0.706329761166835,-0.00181472409169629,1,0.10064768292305,1.17654034662943e-15,1,0.714873824469549,0.0215684963782692,1.48141677817245,-0.182393768479154,3.29753409763119e-13,1,0.0222319558632136,1.48424183339663,-0.1835544692108,8.89065857971142e-13,1,0.742893779238692,0.717624519239305,2194069,13446045,"","high_signal",TRUE,0.001,3000,80,5,5,13
1638014,"min",0.75,0.607549585934806,0.113465181160491,0.606502836637639,0.627357405059077,0.661150875322645,0.684315907481994,0.704623802489487,0.693713014884944,0.704619798955334,0.712108466012028,0.709915727472825,0.0208545684214378,0.618383954424333,0.000333333333333333,1001.001001001,5.32907051820075e-15,0,0.586555859068424,0.983627591389175,0.704619798955334,0.00115935183152498,1,0.0970702130205283,1.31006316905768e-15,1,0.712108466012028,0.00547310790945732,1.48444072539987,-0.189762882049426,3.53763388953136e-13,1,0.0054609256043481,1.48996477247253,-0.19284057382828,1.61573909922737e-12,1,0.739699751045963,0.676051360048834,2217839,13536240,"","high_signal",TRUE,0.001,3000,80,5,5,14
1638015,"min",0.75,0.685158777873268,0.123392232285702,0.683527712145574,0.711446309735391,0.762219768026178,0.808232823102993,0.813391242948543,0.803236471971655,0.813391236119319,0.828677245647067,0.828663247735343,0.0279185975898174,0.645217077157355,0,544.91184482422,5.10702591327572e-15,0,0.510101190967711,0.978706459019843,0.813391236119319,0.00145846121697705,1,0.128232458246051,1.64364521992866e-13,1,0.828677245647067,0.0159359802888693,1.55426071312864,-0.236238125056586,1.56161714670588e-11,1,0.0153706518825214,1.55673072854727,-0.23770836679978,4.70503772979451e-11,1,0.775007258164724,0.862120968724531,2211316,13473672,"","high_signal",TRUE,0.001,3000,80,5,5,15
1638016,"min",0.75,0.639180550078958,0.116856357454346,0.639742213998743,0.66286958590088,0.701431455254738,0.745493875396723,0.748049006959053,0.737198157627943,0.748048596171446,0.757827958306642,0.757508997609288,0.0231273719021365,0.625098778469912,0,369.856507684841,4.66293670342566e-15,0,0.517377539172327,0.985896673729806,0.748048596171446,0.000114981314707411,1,0.108868046092488,1.1584807187622e-14,1,0.757827958306642,-0.0068064189275559,1.50871856002907,-0.20651560080707,3.05056809442779e-12,1,-0.00695198796123117,1.50966655811522,-0.20691718226496,9.57581384556742e-12,1,0.755481111479362,0.815167581518051,2279489,13597298,"","high_signal",TRUE,0.001,3000,80,5,5,16
1638017,"min",0.75,0.621120645858546,0.114344330174912,0.619308246966438,0.641771456280836,0.679339654509291,0.711033773355385,0.725571390345763,0.714158535051326,0.725541909183525,0.735322389521401,0.735339402008625,0.0224632093143983,0.625809051730749,0,160.244987677631,4.88498130835069e-15,0,0.536417053690223,0.987597028614159,0.725541909183525,-0.0030955594738499,1,0.104421263324979,8.81309839921111e-15,1,0.735322389521401,-0.00932304690155432,1.51113674234754,-0.203275839866083,1.35790697205114e-12,1,-0.00958573089789392,1.51280247277151,-0.203948907164089,3.56603839050488e-12,1,0.747472328217874,0.746622544145524,2252066,13418699,"","high_signal",TRUE,0.001,3000,80,5,5,17
1638018,"min",0.75,0.640486278917565,0.117457160892153,0.642256259408637,0.665537867713232,0.705836465040869,0.74748007861719,0.748686416469427,0.738346287309248,0.748668914585039,0.760853215366716,0.763013768117865,0.0232816083045947,0.63382301027362,0,313.986087927138,4.88498130835069e-15,0,0.560134837636882,0.981184297939625,0.748668914585039,-0.00311317685433557,1,0.108182635667474,1.44709429624375e-14,1,0.760853215366716,-0.0254554684985622,1.53061542597424,-0.219484963269345,1.48786124161878e-12,1,-0.024882599965849,1.53644308374064,-0.222466085734708,5.01928295223072e-12,1,0.759145001665863,0.801988134889739,2321698,13462728,"","high_signal",TRUE,0.001,3000,80,5,5,18
1638019,"min",0.75,0.617062363949861,0.115637372661194,0.61760227473386,0.63506521976737,0.663103427181628,0.676604751786807,0.714429488906128,0.701618298089415,0.714442217123173,0.724226864688523,0.722677688341195,0.0174629450335101,0.616208731118262,0,836.943373967195,4.44089209850063e-15,0,0.610458221660117,0.983018501090123,0.714442217123173,0.0012013804571259,1,0.0973798531733124,5.1928831605134e-16,1,0.724226864688523,0.00428682535304503,1.60518822057717,-0.266274373285295,3.26917160009543e-13,1,0.00415893017900096,1.60742118217844,-0.267199315144749,1.45284580662282e-12,1,0.747632282797381,0.663109371682417,2258059,13555017,"","high_signal",TRUE,0.001,3000,80,5,5,19
1638020,"min",0.75,0.595623073261438,0.110813057620131,0.594604642695175,0.613011451904056,0.641137294482187,0.650156410837076,0.691248896877177,0.677250212315762,0.69124916590049,0.700948718533988,0.695552807541012,0.018406809208881,0.604432403871322,0,326.29896965369,4.44089209850063e-15,0,0.507811428282202,0.990797469178587,0.69124916590049,-0.00021507063946096,1,0.0956260926390522,5.99224373824351e-16,1,0.700948718533988,0.00365358246091943,1.44808556268869,-0.16156445466017,3.50282765756068e-13,1,0.00377465237008687,1.45004343810081,-0.162301828203949,9.55109324962677e-13,1,0.732575695518872,0.653143323982544,2231670,13523316,"","high_signal",TRUE,0.001,3000,80,5,5,20
1648001,"min",0.75,0.565688173661713,0.13229484857146,0.569578387218985,0.623747600267093,0.668497491185882,0.704436748795399,0.693416432093145,0.683578025866652,0.693432208380077,0.698769331941339,0.705806173831574,0.0541692130481081,0.452388761363674,0,213.219164073358,5.10702591327572e-15,0,0.557257186442108,0.952459309094467,0.693432208380077,-0.00232614815564888,1,0.127744034718363,6.76791955811495e-16,1,0.698769331941339,0.0144955677507592,1.25894963658115,-0.01340358870833,6.66133814775094e-17,1,0.0147373572048079,1.26067044438907,-0.014263630153731,6.96664947952286e-17,1,0.724035432999237,0.757949002971868,962719,6060308,"","high_dimensional",FALSE,0.001,2000,500,5,5,1
1648002,"min",0.75,0.546627482496434,0.124781744416173,0.548903344066552,0.586625822679875,0.617571321731041,0.629076308874131,0.638846390542467,0.633963184512313,0.638869623662828,0.640378886815721,0.638553952620326,0.0377224786133232,0.450654003564303,0,64.553603895687,7.32747196252603e-15,0,0.646606963429887,0.92066539666491,0.638869623662828,0.00282057842999335,1,0.0922421411663942,4.44089209850063e-18,1,0.640378886815721,0.00887854282817035,1.1051158680909,0.0362921819743289,5.65474111979825e-13,1,0.00868137179175203,1.10585703723623,0.0357761330182276,2.01106789207706e-12,1,0.715106251536451,0.62113897231516,953977,6003971,"","high_dimensional",FALSE,0.001,2000,500,5,5,2
1648003,"min",0.75,0.618278615814325,0.137929057357667,0.619868093650692,0.661218870728926,0.697810691283093,0.713420322905073,0.734415215418115,0.721644330034493,0.73465668672696,0.738767495096039,0.733743735210197,0.0413507770782345,0.469471401591509,0,61.7644820479493,7.7715611723761e-15,0,0.496156429605397,0.95457498271243,0.73465668672696,-0.00969774002749534,1,0.116378070912635,6.24345020128203e-15,1,0.738767495096039,0.00315901086515827,1.20812286810827,-0.00818903953157211,1.06581410364015e-17,1,0.0033617809079088,1.20978545190876,-0.0092041782185532,2.94532216671417e-11,1,0.749411794062207,0.751256479955079,952829,6021980,"","high_dimensional",FALSE,0.001,2000,500,5,5,3
1648004,"min",0.75,0.591050899097985,0.12974949816031,0.603260507098689,0.640078551047238,0.673871182768674,0.706009496606898,0.705675129357722,0.693743006607768,0.705743432248133,0.70710957493529,0.715640251073627,0.0368180439485485,0.478576807271663,0,290.105828455928,9.54791801177635e-15,0,0.605015717347079,0.934814716778989,0.705743432248133,0.0069687918353005,1,0.114692533150148,2.77948775107006e-14,1,0.70710957493529,0.0144063443443465,1.23302411681804,-0.0216704379195138,4.59632332194815e-17,1,0.0144084828767471,1.23410549436819,-0.0208737080491818,1.18238752122579e-16,1,0.735791715481721,0.729479772902864,1003798,5984291,"","high_dimensional",FALSE,0.001,2000,500,5,5,4
1648005,"min",0.75,0.554031835259542,0.128168166402869,0.54330476676225,0.597233242497526,0.640462707412611,0.657478601304574,0.66730911676498,0.658730797810347,0.667396992656529,0.677436359796729,0.665025226146473,0.0539284757352758,0.444940111180961,0,448.247116138487,7.99360577730113e-15,0,0.66526143722647,0.927529722512796,0.667396992656529,0.00921568062658641,1,0.113365157396987,5.32907051820075e-18,1,0.677436359796729,0.00954644623588308,1.2101287840768,0.00698648865426172,1.48120855580913e-11,1,0.00927444360975901,1.21139637111306,0.00652048177139789,4.248815632657e-11,1,0.727248001322095,0.711314206011435,1037044,6017617,"","high_dimensional",FALSE,0.001,2000,500,5,5,5
1648006,"min",0.75,0.529619707898276,0.121614444197579,0.528328362611001,0.57030979918299,0.603640559982603,0.626156087355271,0.610937615112586,0.609492889660837,0.610939834055385,0.611861942637411,0.612038189574948,0.0419814365719899,0.44256789687271,0,149.105231616904,1.35447209004269e-14,0,0.631771451400205,0.925760537008856,0.610939834055385,0.000283445974400988,1,0.081320126157109,3.99680288865056e-18,1,0.611861942637411,0.00597944185569114,1.0838214663863,0.0378487341960188,5.95921223478513e-12,1,0.00576050139963165,1.0875343751654,0.0368775242308226,3.07818986966524e-11,1,0.700123826857494,0.698588186244546,969197,6021623,"","high_dimensional",FALSE,0.001,2000,500,5,5,6
1648007,"min",0.75,0.631840029692616,0.145319849401223,0.631251312951891,0.683264058047982,0.72776577619405,0.749771459226522,0.75179058352712,0.743545563637755,0.751791991055265,0.756061633386553,0.749997770479512,0.0520127450960907,0.461088593886822,0,376.771037341686,6.21724893790088e-15,0,0.617114537574244,0.928610517988327,0.751791991055265,0.00178890300886192,1,0.119951961362648,5.03597163969971e-16,1,0.756061633386553,0.0137831485492536,1.15529200279905,0.0261019000343599,1.75321095419179e-11,1,0.0139990678641005,1.15724224537801,0.0256923787286598,4.42958697499662e-11,1,0.769239417831272,0.742867183632798,957037,6011860,"","high_dimensional",FALSE,0.001,2000,500,5,5,7
1648008,"min",0.75,0.5657771561345,0.130770400669226,0.565861770244403,0.608697256734504,0.643660773504976,0.654544531054735,0.673504608375494,0.663484891800302,0.673560778107932,0.680567492133722,0.677418649697767,0.0428354864901015,0.449408286805008,0,409.459330185523,6.43929354282591e-15,0,0.581429371596696,0.946751798115754,0.673560778107932,0.0089394908047876,1,0.107783621973432,2.66453525910038e-18,1,0.680567492133722,0.0146594872618263,1.20823904473001,-0.00302655852428511,1.08038589186066e-11,1,0.0143242676671489,1.21064928869077,-0.00358797093903912,4.56823806560536e-11,1,0.729470137893663,0.677622794773407,1004166,5980408,"","high_dimensional",FALSE,0.001,2000,500,5,5,8
1648009,"min",0.75,0.641082232791053,0.145078605626691,0.640076720715483,0.696977728745669,0.745631482040637,0.773189001464783,0.763594929371957,0.752185910463765,0.763594841024212,0.775325651967072,0.776821191340735,0.056901008030186,0.460933762571763,0,71.0917520522032,7.99360577730113e-15,0,0.593439639921206,0.934273655768021,0.763594841024212,-6.87753615687633e-05,1,0.122512608233158,6.39266417579165e-16,1,0.775325651967072,0.0143248578316674,1.21372738448306,-0.00277340967697598,2.60337130741917e-11,1,0.0143090882382745,1.21574863805433,-0.00377989922353136,4.77275052812587e-11,1,0.774342637291985,0.807010589255472,975856,6052760,"","high_dimensional",FALSE,0.001,2000,500,5,5,9
1648010,"min",0.75,0.605729653198071,0.138960651228382,0.612796299227977,0.657534971974908,0.696639860317421,0.697865610111027,0.731444212566808,0.717794727816552,0.731428734994,0.738979505814114,0.743274065160094,0.0447386727469314,0.46640299904242,0,61.2852944684189,9.54791801177635e-15,0,0.57091521331777,0.950993340066441,0.731428734994,0.00448329503883598,1,0.125699081795928,2.18314255562291e-15,1,0.738979505814114,0.0124962929135159,1.23605508657826,-0.0097357131126497,4.11721243764873e-11,1,0.0122445777005637,1.23811388230742,-0.010340962818167,5.01925528917369e-11,1,0.752754384174537,0.735855008524364,989363,6000286,"","high_dimensional",FALSE,0.001,2000,500,5,5,10
