"estimator","n_reps","bias","mc_se_bias","sd","mean_se","coverage","mc_se_coverage","fail_rate","cell","arm","treatment","family","truth"
"rao_blackwell",100,-0.014194016837737,0.00544082996308926,0.0544082996308926,0.0509081354180043,0.92,0.0271293199325011,0,"binary_negbin_tlog2","xgb_constrained","binary","negbin",0.693147180559945
"randomized",100,-0.0143319741847502,0.00550853275964838,0.0550853275964838,0.050893598147215,0.92,0.0271293199325011,0,"binary_negbin_tlog2","xgb_constrained","binary","negbin",0.693147180559945
"index_only",100,-0.122693369596323,0.00528706119933187,0.0528706119933187,0.0529978265729234,0.38,0.0485386443980464,0,"binary_negbin_tlog2","xgb_constrained","binary","negbin",0.693147180559945
"structured_gam",100,-0.000622556975794514,0.0053888886478369,0.053888886478369,NA,NA,NA,0,"binary_negbin_tlog2","xgb_constrained","binary","negbin",0.693147180559945
"poisson_one_step",100,-0.00165462156251108,0.0149175484633035,0.149175484633035,109834.048218035,0.88,0.0324961536185438,0,"binary_negbin_tlog2","xgb_constrained","binary","negbin",0.693147180559945
"raw_label",100,1.6720556656835,0.0675957572363535,0.675957572363535,NA,NA,NA,0,"binary_negbin_tlog2","xgb_constrained","binary","negbin",0.693147180559945
"rao_blackwell",100,0.0468495990550821,0.00372598913714732,0.0372598913714732,0.0393003769367178,0.78,0.041424630354416,0,"binary_poisson_tlog2","xgb_constrained","binary","poisson",0.693147180559945
"randomized",100,0.0469969002312165,0.00369817662587269,0.0369817662587269,0.0393635620347543,0.79,0.0407308237088326,0,"binary_poisson_tlog2","xgb_constrained","binary","poisson",0.693147180559945
"index_only",100,-0.0951678188444208,0.00405895077535227,0.0405895077535227,0.0353013402807589,0.21,0.0407308237088326,0,"binary_poisson_tlog2","xgb_constrained","binary","poisson",0.693147180559945
"structured_gam",100,0.00260854809050214,0.00296887928183928,0.0296887928183928,NA,NA,NA,0,"binary_poisson_tlog2","xgb_constrained","binary","poisson",0.693147180559945
"poisson_one_step",100,0.0240744562484369,0.0262115060015081,0.262115060015081,7763.11930103471,0.95,0.0217944947177034,0,"binary_poisson_tlog2","xgb_constrained","binary","poisson",0.693147180559945
"raw_label",100,1.89736764006549,0.291690939453729,2.91690939453729,NA,NA,NA,0,"binary_poisson_tlog2","xgb_constrained","binary","poisson",0.693147180559945
"rao_blackwell",100,-0.0117543500185468,0.00223565809310632,0.0223565809310632,0.023260432954595,0.93,0.0255147016443461,0,"continuous_negbin_tlog1p5","xgb_constrained","continuous","negbin",0.405465108108164
"randomized",100,-0.0119844445714154,0.0022247578061837,0.022247578061837,0.0232989710510098,0.94,0.0237486841740758,0,"continuous_negbin_tlog1p5","xgb_constrained","continuous","negbin",0.405465108108164
"index_only",100,-0.0577283013942907,0.00218108570104528,0.0218108570104528,0.0224651180243796,0.28,0.0448998886412873,0,"continuous_negbin_tlog1p5","xgb_constrained","continuous","negbin",0.405465108108164
"structured_gam",100,0.000839441606238982,0.00205924779858581,0.0205924779858581,NA,NA,NA,0,"continuous_negbin_tlog1p5","xgb_constrained","continuous","negbin",0.405465108108164
"poisson_one_step",100,0.00260922060745942,0.0270677003986558,0.270677003986558,9.64478809461638,1,0,0,"continuous_negbin_tlog1p5","xgb_constrained","continuous","negbin",0.405465108108164
"raw_label",100,0.82369575109442,0.0277485952012965,0.277485952012965,NA,NA,NA,0,"continuous_negbin_tlog1p5","xgb_constrained","continuous","negbin",0.405465108108164
"rao_blackwell",100,-0.0298045731984328,0.00221458722117234,0.0221458722117234,0.0238327165818524,0.78,0.041424630354416,0,"continuous_negbin_tlog2","xgb_constrained","continuous","negbin",0.693147180559945
"randomized",100,-0.0295766181863764,0.00223449866813558,0.0223449866813558,0.0238821336676605,0.78,0.041424630354416,0,"continuous_negbin_tlog2","xgb_constrained","continuous","negbin",0.693147180559945
"index_only",100,-0.0902355573446058,0.00243504256120835,0.0243504256120835,0.0246959096007676,0.03,0.017058722109232,0,"continuous_negbin_tlog2","xgb_constrained","continuous","negbin",0.693147180559945
"structured_gam",100,0.00274806382159402,0.00232173569630266,0.0232173569630266,NA,NA,NA,0,"continuous_negbin_tlog2","xgb_constrained","continuous","negbin",0.693147180559945
"poisson_one_step",100,1.25603658272698,1.30632046465274,13.0632046465274,5.78168485452093,0.96,0.0195959179422654,0,"continuous_negbin_tlog2","xgb_constrained","continuous","negbin",0.693147180559945
"raw_label",100,2.48728104120048,0.121011964223564,1.21011964223564,NA,NA,NA,0,"continuous_negbin_tlog2","xgb_constrained","continuous","negbin",0.693147180559945
"rao_blackwell",100,0.0164796688327257,0.00172127904723994,0.0172127904723994,0.018980646007567,0.89,0.031288975694324,0,"continuous_poisson_tlog1p5","xgb_constrained","continuous","poisson",0.405465108108164
"randomized",100,0.0166421215959123,0.00173918343249815,0.0173918343249815,0.0190240075959339,0.89,0.031288975694324,0,"continuous_poisson_tlog1p5","xgb_constrained","continuous","poisson",0.405465108108164
"index_only",100,-0.0461879381937755,0.00152552808250038,0.0152552808250038,0.0158938956564438,0.17,0.0375632799419859,0,"continuous_poisson_tlog1p5","xgb_constrained","continuous","poisson",0.405465108108164
"structured_gam",100,-0.00139079639700937,0.00116447685354064,0.0116447685354064,NA,NA,NA,0,"continuous_poisson_tlog1p5","xgb_constrained","continuous","poisson",0.405465108108164
"poisson_one_step",100,0.615236354040683,0.548846177382464,5.48846177382464,1.23327271612571,0.93,0.0255147016443461,0,"continuous_poisson_tlog1p5","xgb_constrained","continuous","poisson",0.405465108108164
"raw_label",100,1.11929309499661,0.256518191769578,2.56518191769578,NA,NA,NA,0,"continuous_poisson_tlog1p5","xgb_constrained","continuous","poisson",0.405465108108164
"rao_blackwell",100,0.0255168312255422,0.00180266632559858,0.0180266632559858,0.0213613083906644,0.81,0.0392300904918661,0,"continuous_poisson_tlog2","xgb_constrained","continuous","poisson",0.693147180559945
"randomized",100,0.025676709759938,0.00179802445610428,0.0179802445610428,0.021424464155562,0.82,0.0384187454245971,0,"continuous_poisson_tlog2","xgb_constrained","continuous","poisson",0.693147180559945
"index_only",100,-0.0691217815344605,0.00188960379249557,0.0188960379249557,0.0190353921518536,0.03,0.017058722109232,0,"continuous_poisson_tlog2","xgb_constrained","continuous","poisson",0.693147180559945
"structured_gam",100,0.000234544402943927,0.00124905765088643,0.0124905765088643,NA,NA,NA,0,"continuous_poisson_tlog2","xgb_constrained","continuous","poisson",0.693147180559945
"poisson_one_step",100,0.00141198248309834,0.0344231446105548,0.344231446105548,3.58870883126451,1,0,0,"continuous_poisson_tlog2","xgb_constrained","continuous","poisson",0.693147180559945
"raw_label",100,2.35058315727292,0.0407877435945385,0.407877435945385,NA,NA,NA,0,"continuous_poisson_tlog2","xgb_constrained","continuous","poisson",0.693147180559945
