"theta","learner","rep","resid_D_coef","resid_D_pval","var_ratio","theta_hat","theta_bias"
1.5,"gam",1,-0.158741010585705,0.0903471738655522,0.864914426170232,1.34006215552612,-0.159937844473877
1.5,"gam",2,-0.0829532290579579,0.359201347486297,0.919194888060524,1.47052103729286,-0.0294789627071406
1.5,"gam",3,0.108534058402882,0.222485201067323,1.02103101390259,1.57379234989795,0.0737923498979463
1.5,"gam",4,0.0240838164415266,0.793965515297105,1.07858277581399,1.30052476865251,-0.199475231347489
1.5,"gam",5,0.176055562426118,0.0633293346450491,0.955142490452968,1.78158028836551,0.281580288365512
1.5,"gam",6,0.0564414430011344,0.533538933396386,0.896114439952266,1.66807753745804,0.168077537458036
1.5,"gam",7,-0.0142861399688613,0.877120481728974,0.920867513968156,1.6100902138908,0.110090213890796
1.5,"gam",8,0.0321361865310839,0.730631193341853,0.999808739340978,1.91338021708194,0.413380217081938
1.5,"gam",9,0.0355672918323402,0.705537897884803,1.12867413381817,1.62794298016845,0.127942980168453
1.5,"gam",10,0.0508528491053981,0.57600691949347,1.11086478701706,1.63197758899454,0.131977588994536
1.5,"gam",11,-0.0756700818976425,0.429105005832828,0.927718360081557,1.26091581688129,-0.239084183118705
1.5,"gam",12,0.097677637961529,0.289772299955104,0.857329167404932,1.59455806646421,0.0945580664642134
1.5,"gam",13,-0.0430909834322662,0.643367986197597,0.967794190813095,1.76979802751437,0.269798027514373
1.5,"gam",14,0.0676305815905862,0.461442136851237,1.0514011625926,1.60392293128679,0.103922931286786
1.5,"gam",15,-0.0639672659378346,0.477571346483423,0.868865919643417,1.70530460400043,0.205304604000435
1.5,"gam",16,0.0427154415258347,0.642797410708089,0.98150863780683,1.45535073418569,-0.0446492658143112
1.5,"gam",17,-0.00848721007040064,0.925473305173696,1.14464889040218,1.36588030768909,-0.13411969231091
1.5,"gam",18,-0.035893507604031,0.692231222000482,0.920271906025093,1.47365437073741,-0.026345629262593
1.5,"gam",19,-0.00220835633696358,0.98117842144872,0.949621972829313,1.65264216561402,0.152642165614021
1.5,"gam",20,-0.14983131504919,0.103362651269851,0.848531836059798,1.47479788181669,-0.025202118183308
1.5,"gam",21,-0.0275237252396437,0.761708596451471,0.942789465883302,1.40020805903938,-0.0997919409606172
1.5,"gam",22,-0.031696425338794,0.72502531756006,1.0678492031535,1.40597391065324,-0.0940260893467588
1.5,"gam",23,0.0626460331388526,0.482488321550411,1.01929168161452,1.72903332756089,0.229033327560893
1.5,"gam",24,-0.0391545091052467,0.668697400044993,1.04426698075492,1.45152034694654,-0.0484796530534566
1.5,"gam",25,-0.00549031954408493,0.951489880120815,0.96792020233311,1.5260200979148,0.0260200979147951
1.5,"gam",26,0.19668848224179,0.035676191315637,0.923863752052264,1.61144201209262,0.111442012092624
1.5,"gam",27,-0.162194366360816,0.0821662671376006,1.00373180401672,1.29033985068441,-0.209660149315585
1.5,"gam",28,0.110375282129196,0.224033113436877,1.02650280666134,1.47137950369818,-0.028620496301822
1.5,"gam",29,-0.0530807245866281,0.563328679646537,1.13054439792669,1.37583396046782,-0.124166039532178
1.5,"gam",30,0.00655200275364449,0.941988400272319,1.05073854813474,1.43243038029246,-0.067569619707541
1.5,"gam",31,-0.115300032162287,0.217978188378172,0.917335809234903,1.45270610033058,-0.0472938996694203
1.5,"gam",32,0.0526963859506243,0.568471265354823,1.02136171293434,1.76245802578087,0.262458025780869
1.5,"gam",33,-0.0459699142349199,0.610407069440359,1.14877059857236,1.2614002188149,-0.238599781185098
1.5,"gam",34,0.0266654974945098,0.772511697584038,1.02028028723346,1.54730335049252,0.047303350492524
1.5,"gam",35,-0.0337395593425393,0.713992165613797,1.08925617591976,1.54122751839545,0.0412275183954498
1.5,"gam",36,-0.114873985797852,0.22092245009237,1.16675966312187,1.28146935500714,-0.218530644992864
1.5,"gam",37,0.131170441033187,0.145516053263147,1.00531133156454,1.76815224208405,0.268152242084047
1.5,"gam",38,-6.88728538514821e-05,0.999427751326576,0.961048351804665,1.56302998165074,0.0630299816507442
1.5,"gam",39,-0.0418718665825069,0.648571174707325,1.02450382774701,1.48848469517664,-0.0115153048233552
1.5,"gam",40,0.0723323143227834,0.428578496300383,1.08947151641435,1.50835067983835,0.00835067983834947
1.5,"gam",41,0.136334922968499,0.14483778445271,0.946755575793222,1.47811990686062,-0.021880093139381
1.5,"gam",42,-0.032283652613983,0.731304780985632,0.936681452053235,1.37850253039777,-0.121497469602226
1.5,"gam",43,0.0911395224144469,0.305413719632765,1.02429110183737,1.68385834504444,0.183858345044445
1.5,"gam",44,0.00585722163860015,0.948024802742255,1.12931637149853,1.63780591394026,0.137805913940256
1.5,"gam",45,0.04037699827152,0.666167753990973,1.06631485452913,1.67314553948376,0.17314553948376
1.5,"gam",46,-0.052097008054565,0.565593168319612,1.06199489901156,1.37485870775837,-0.125141292241631
1.5,"gam",47,0.112542824189347,0.227193391086611,0.968505680917607,1.76597535004322,0.26597535004322
1.5,"gam",48,-0.0372771313344544,0.682505587054488,0.779840418608068,1.55094356803213,0.0509435680321286
1.5,"gam",49,0.0213404774763248,0.818510154767214,0.953016717599163,1.58866505354675,0.0886650535467486
1.5,"gam",50,0.0985926114686416,0.283965675547463,1.20478196947202,1.66824199064391,0.168241990643907
1.5,"gam",51,-0.0645695815211623,0.485683152230851,1.04489293268003,1.37862703117139,-0.121372968828606
1.5,"gam",52,-0.0336588403265178,0.710991147602196,0.919620086540015,1.85154755522332,0.351547555223319
1.5,"gam",53,-0.0886717938341354,0.334318710620181,0.981990763973927,1.5949031478329,0.0949031478328974
1.5,"gam",54,0.0888960398827014,0.336507557421312,1.15901222764169,1.67210608030581,0.172106080305805
1.5,"gam",55,-0.160698177610339,0.0749508876220745,0.93484614197053,1.41349196973918,-0.0865080302608221
1.5,"gam",56,-0.0942531186273237,0.308354046398967,1.10570149690071,1.36462693577067,-0.13537306422933
1.5,"gam",57,0.045461241777163,0.610206128366868,1.04021544438924,1.41379408869419,-0.08620591130581
1.5,"gam",58,0.0869471451115668,0.338103663793377,1.05830175351826,1.48407141179458,-0.015928588205423
1.5,"gam",59,-0.0868392515380356,0.348495849550176,0.946284320578537,1.32347400737203,-0.176525992627966
1.5,"gam",60,0.0417335691272887,0.655867361585996,1.0242492325858,1.40688610790576,-0.0931138920942445
1.5,"gam",61,0.00977595762848369,0.915881612112994,1.00056583671312,1.4223534238167,-0.0776465761832992
1.5,"gam",62,-0.119790527935238,0.203756165711637,0.883874320638041,1.30827164375302,-0.191728356246984
1.5,"gam",63,-0.0222308225881171,0.81188231115323,0.932540896188338,1.34869525787502,-0.151304742124978
1.5,"gam",64,-0.0493109976360757,0.598979376457704,0.979627902326145,1.44577989427497,-0.0542201057250253
1.5,"gam",65,0.0609158433413969,0.508198655193242,0.983185904235528,1.23347914379717,-0.266520856202834
1.5,"gam",66,-0.123676542806001,0.185321728607012,1.04283282046205,1.31944201339815,-0.180557986601854
1.5,"gam",67,0.0529574586267748,0.557125187306445,0.976728327385364,1.49024655265307,-0.00975344734693184
1.5,"gam",68,-0.0609369351832908,0.503846053258789,0.923356124065526,1.60723299354912,0.107232993549119
1.5,"gam",69,-0.0121521867894758,0.893707696537108,0.972724807944965,1.8157661691679,0.315766169167897
1.5,"gam",70,-0.0342482148714077,0.704428289502731,1.07816469656921,1.31490653867648,-0.185093461323519
1.5,"gam",71,-0.0550431820287567,0.538920172808347,1.02779637199968,1.38562331766658,-0.114376682333423
1.5,"gam",72,0.0205968825285808,0.819721050603153,1.03545718395409,1.64734907998843,0.147349079988432
1.5,"gam",73,0.0579302267855985,0.526954653997618,0.999922087531351,1.57357258167699,0.0735725816769912
1.5,"gam",74,0.00155768025956461,0.986169406710238,0.947049628093659,1.59534565737843,0.0953456573784255
1.5,"gam",75,-0.0378888726001975,0.683214001327918,1.14870804497068,1.60920936353068,0.109209363530681
1.5,"gam",76,-0.011816951145903,0.898170673189733,0.978522592123397,1.78020619850316,0.280206198503165
1.5,"gam",77,0.0345730942835582,0.713411846640329,1.0122904160218,1.53868703191399,0.0386870319139911
1.5,"gam",78,-0.0198332031896967,0.828871095601562,0.941579488796704,1.64138335970884,0.141383359708844
1.5,"gam",79,-0.0862489896365284,0.332925592842738,1.07769383415792,1.13055435806791,-0.369445641932086
1.5,"gam",80,0.0270955832943407,0.76955990388129,1.12484481098638,1.42748182043443,-0.0725181795655683
1.5,"gam",81,0.0123628660675785,0.89120704734892,1.09887430784892,1.60519712188262,0.105197121882623
1.5,"gam",82,0.221387305991605,0.0206763305547409,0.972313529435752,1.85355378049318,0.353553780493181
1.5,"gam",83,0.117520884340181,0.201610195406937,1.00136109771868,1.75431937818975,0.254319378189746
1.5,"gam",84,-0.0971397350107936,0.302809849984074,0.857963404128354,1.48691774820581,-0.0130822517941878
1.5,"gam",85,0.119612162511397,0.187662239266887,1.0564595804496,1.60783431929699,0.10783431929699
1.5,"gam",86,0.00941582100737679,0.917353338905169,0.939747034276355,1.5524105435621,0.0524105435620987
1.5,"gam",87,-0.0909904423619855,0.341907402261152,0.950345729602093,1.32897765159637,-0.171022348403628
1.5,"gam",88,-0.0142966026174707,0.878479696280191,1.05327725272562,1.61768688720988,0.117686887209875
1.5,"gam",89,-0.038959392015926,0.667802688448802,1.01872099758221,1.38088162581764,-0.119118374182363
1.5,"gam",90,-0.0918358060381606,0.307524889293373,0.942952562883482,1.35910502183292,-0.140894978167081
1.5,"gam",91,-0.037401601508068,0.684161497508558,0.998603676610857,1.81990036449692,0.319900364496916
1.5,"gam",92,0.00572084539470409,0.950540248611969,0.89069760550779,1.50972576502571,0.00972576502570877
1.5,"gam",93,-0.0448540458577411,0.618309125885741,0.902312894113179,1.44246229449038,-0.057537705509622
1.5,"gam",94,-0.0770972731915776,0.385666649817645,0.967449292464903,1.46854405997967,-0.0314559400203345
1.5,"gam",95,0.00980990997383481,0.915228575651616,0.844887712183244,1.56188369255111,0.0618836925511133
1.5,"gam",96,-0.0916929078956343,0.306670060617591,0.874865063739012,1.27856517541225,-0.221434824587753
1.5,"gam",97,0.0805543829844181,0.366694881861218,0.904646110975752,1.61047206054705,0.110472060547047
1.5,"gam",98,0.0318511036227016,0.737144681268296,1.05600989548981,1.68569506683248,0.185695066832476
1.5,"gam",99,0.0385722380624514,0.669817579250265,0.939897375449876,1.74243196922597,0.242431969225973
1.5,"gam",100,0.0500125978983718,0.585842440116709,0.992563026571273,1.60956763565115,0.109567635651145
1.5,"ranger",1,-0.0499643888800438,0.589314979371031,0.961657780121665,1.36232891799238,-0.137671082007616
1.5,"ranger",2,0.0272087188559069,0.766782979124477,0.986554213722967,1.31593577618421,-0.184064223815786
1.5,"ranger",3,0.161833108312665,0.082147578104018,0.980787743280495,1.43356613185766,-0.0664338681423429
1.5,"ranger",4,0.220766802869421,0.0193351649130417,1.16500633908443,1.27994883703594,-0.220051162964058
1.5,"ranger",5,0.0215432345679623,0.820439393373302,0.911793326257994,1.42471194786976,-0.0752880521302424
1.5,"ranger",6,0.026378197355747,0.776136526953642,0.938747804706398,1.33647693026191,-0.163523069738094
1.5,"ranger",7,-0.000807993450171664,0.993155237666515,1.10874671195302,1.3928531715119,-0.107146828488103
1.5,"ranger",8,0.138401146317469,0.135674879866717,0.951836464237472,1.67251206115482,0.172512061154821
1.5,"ranger",9,0.0734966427214087,0.446455131256953,0.886723358599224,1.40834736518234,-0.0916526348176616
1.5,"ranger",10,0.174575495696412,0.0604561957764697,1.09352561754845,1.45132132476406,-0.0486786752359436
1.5,"ranger",11,0.107612399820922,0.253000266349532,0.971141197437473,1.21964424199342,-0.280355758006581
1.5,"ranger",12,0.149353497092939,0.104081912590312,0.890474209230483,1.53063469435832,0.0306346943583244
1.5,"ranger",13,-0.0455645618113329,0.639360096273556,1.02600848538567,1.47177925208289,-0.0282207479171119
1.5,"ranger",14,0.154650381092282,0.09904623171042,0.992456777604531,1.39080516522515,-0.10919483477485
1.5,"ranger",15,0.0896719391565935,0.337212082572288,0.930120366400877,1.65847111785491,0.158471117854913
1.5,"ranger",16,-0.031997488840522,0.724866370103191,0.875434387534499,1.17409297632629,-0.325907023673714
1.5,"ranger",17,0.0551586157981765,0.541683036271344,0.96779648382952,1.04340899277809,-0.456591007221909
1.5,"ranger",18,-0.0418748150831413,0.65699668948031,0.905085915923991,1.42250911624496,-0.0774908837550439
1.5,"ranger",19,0.0713278648685879,0.441797183085245,0.906853006352126,1.5546743925937,0.0546743925936979
1.5,"ranger",20,0.105132347146919,0.243118451004581,1.00132105932971,1.54823548001885,0.0482354800188451
1.5,"ranger",21,0.0432064020699197,0.643044230499064,0.849938000838904,1.29008355144022,-0.209916448559776
1.5,"ranger",22,0.239364568315701,0.00922780845484285,0.961414102130596,1.41364648366854,-0.0863535163314633
1.5,"ranger",23,-0.0151599260107859,0.868584157411956,0.96477128109851,1.37568771714694,-0.12431228285306
1.5,"ranger",24,0.14511312264794,0.108367829460719,0.99088190959243,1.43396438208873,-0.0660356179112691
1.5,"ranger",25,0.0477468037076632,0.60452038548111,1.01667449033162,1.37305992756106,-0.126940072438942
1.5,"ranger",26,0.246615233233207,0.00805639451195476,1.3097724691558,1.45108489493602,-0.0489151050639767
1.5,"ranger",27,0.0603535808706294,0.52147170598895,1.12356738833917,1.25566088616679,-0.244339113833214
1.5,"ranger",28,0.111230459272758,0.21667878339432,1.05584890851209,1.18471367076769,-0.315286329232307
1.5,"ranger",29,0.0697031143308916,0.459141744103503,0.984649463153958,1.20413946923886,-0.29586053076114
1.5,"ranger",30,0.117724495770753,0.190829788184882,0.98172719535557,1.41071166068261,-0.0892883393173878
1.5,"ranger",31,-0.00965845291128672,0.918176915169648,0.889965902421299,1.3578665394733,-0.142133460526703
1.5,"ranger",32,-0.00304572887632282,0.973668465589586,0.879207864057443,1.66412645009896,0.164126450098957
1.5,"ranger",33,-0.00648884047750553,0.942675693470217,0.970001762202742,1.21222078766337,-0.28777921233663
1.5,"ranger",34,0.106034359620231,0.256671544521527,0.926035850953625,1.42364877957143,-0.0763512204285703
1.5,"ranger",35,0.0569503702037348,0.544847902455071,1.10541911408586,1.48205552784844,-0.0179444721515607
1.5,"ranger",36,0.103806439080186,0.257937356016621,1.10457766788974,1.1502833338487,-0.349716666151304
1.5,"ranger",37,0.0772340063839482,0.40163982479381,1.03297500482921,1.53390439003075,0.0339043900307539
1.5,"ranger",38,0.0203168266507331,0.83024241896077,0.894663376449698,1.38705137552755,-0.112948624472451
1.5,"ranger",39,0.075164405240985,0.406630520229632,1.11263702544206,1.52379138704047,0.0237913870404673
1.5,"ranger",40,0.128108366338329,0.175739771501937,0.946070339822324,1.39419869866525,-0.105801301334753
1.5,"ranger",41,0.115040517705539,0.214113489133934,1.11707753851475,1.40269574934347,-0.0973042506565305
1.5,"ranger",42,0.044372587838187,0.641271924427873,0.913118368329333,1.22559917051341,-0.274400829486585
1.5,"ranger",43,0.148709921185434,0.0945248980238702,0.996873616193603,1.50224636774811,0.0022463677481106
1.5,"ranger",44,0.0763563522909579,0.391465702541332,1.19787447126225,1.4096977939009,-0.0903022060991028
1.5,"ranger",45,-0.0244634973598662,0.794490938541104,0.964250368612068,1.38105833897627,-0.118941661023735
1.5,"ranger",46,0.141018851346697,0.131997204172557,0.982889778864571,1.21210860440798,-0.287891395592015
1.5,"ranger",47,0.0958124871341427,0.29464139941955,0.978534333574276,1.60580833009548,0.105808330095477
1.5,"ranger",48,0.0349574034881114,0.700490899901909,1.09020843030858,1.40892009122001,-0.091079908779987
1.5,"ranger",49,0.0406187229798036,0.68059510094488,0.907184384581837,1.47628354344167,-0.0237164565583252
1.5,"ranger",50,-0.0341773477032558,0.70468772471789,0.905329158061894,1.21772268308684,-0.282277316913161
1.5,"ranger",51,0.0166943592748746,0.858128047328365,0.892302193817797,1.24729090367389,-0.25270909632611
1.5,"ranger",52,0.0884598894493125,0.341088796983871,0.932635958871782,1.68319153785979,0.183191537859791
1.5,"ranger",53,0.0812081256753616,0.381203362926199,1.08730397517803,1.45919030826847,-0.0408096917315268
1.5,"ranger",54,0.10197575176739,0.266601575624696,0.90080846906583,1.2814217186007,-0.218578281399296
1.5,"ranger",55,0.0608433130829515,0.516879937178595,0.980482368533788,1.46263084428795,-0.0373691557120526
1.5,"ranger",56,0.0905814626313431,0.331860563093061,0.943063909236723,1.28537323138804,-0.214626768611959
1.5,"ranger",57,0.128678344558988,0.167493218351067,1.0009426532778,1.3488673255052,-0.151132674494801
1.5,"ranger",58,0.170805658954093,0.068078824183974,1.22180963479563,1.32674022237307,-0.173259777626932
1.5,"ranger",59,0.0587842975821811,0.527508261934028,1.1255683226017,1.27623756363442,-0.223762436365576
1.5,"ranger",60,0.106461258097747,0.256809086619441,0.958603927259252,1.25830493816315,-0.241695061836852
1.5,"ranger",61,0.116642228232055,0.229388575078805,0.903606579249654,1.39471169695409,-0.105288303045914
1.5,"ranger",62,-0.10580994035552,0.260493248826438,1.00410394848174,0.928783656293064,-0.571216343706936
1.5,"ranger",63,0.10727587034248,0.234919947434378,1.03046565589508,1.21591837289615,-0.284081627103852
1.5,"ranger",64,0.0591123871318546,0.525892959074542,1.08386703119656,1.31989629179472,-0.180103708205277
1.5,"ranger",65,0.0498396020280378,0.596247560812697,0.945312266889051,1.11474186619437,-0.385258133805626
1.5,"ranger",66,0.171325327749364,0.0613965228841576,0.998637485218029,1.45967376324208,-0.0403262367579162
1.5,"ranger",67,-0.0363473321909661,0.697637202323849,1.08807447517179,1.20953120041587,-0.290468799584128
1.5,"ranger",68,-0.0111493430539954,0.899589548757194,0.857287511924888,1.43194343281114,-0.0680565671888578
1.5,"ranger",69,0.0518141891307338,0.574987704392723,0.873126950461091,1.67185571475847,0.171855714758467
1.5,"ranger",70,0.13089134257165,0.148556265257976,0.853872040135884,1.15686169925038,-0.343138300749621
1.5,"ranger",71,0.0687657391560863,0.453477875203433,1.04426714358207,1.33248007786621,-0.167519922133789
1.5,"ranger",72,-0.0623172730750269,0.499698970859743,1.05954147900538,1.4159228494417,-0.0840771505583038
1.5,"ranger",73,0.0169715132989703,0.855179336536202,0.879159282554589,1.18313833753456,-0.316861662465438
1.5,"ranger",74,0.0825546637805329,0.367341026588712,0.97937538624775,1.48399506000384,-0.0160049399961588
1.5,"ranger",75,0.0492975688242554,0.604633133026173,0.926444909609121,1.35932313955537,-0.140676860444627
1.5,"ranger",76,0.0491453889245361,0.595016311411026,1.05215245289093,1.40240833365679,-0.0975916663432064
1.5,"ranger",77,0.0749347415927242,0.434665689695989,0.988799152291957,1.43838811948391,-0.0616118805160928
1.5,"ranger",78,0.157195141808223,0.0895806562367717,0.938455150511995,1.52951210587263,0.02951210587263
1.5,"ranger",79,0.116420634277543,0.191020116250192,1.19484111499773,1.14819203716563,-0.351807962834375
1.5,"ranger",80,0.0128000404726038,0.889238220913562,1.12140014381396,1.16683508523758,-0.33316491476242
1.5,"ranger",81,0.015288918168718,0.874488963997201,0.915082476376364,1.41473184406701,-0.0852681559329924
1.5,"ranger",82,0.0676434413877646,0.480893963697717,1.01242312630937,1.50289884049186,0.00289884049186151
1.5,"ranger",83,0.114830809559822,0.227370229738298,1.02437548076256,1.4881306326663,-0.0118693673337025
1.5,"ranger",84,0.101022608243903,0.283646312455407,0.912487887488459,1.54528549360678,0.0452854936067777
1.5,"ranger",85,-0.00756741510159324,0.935700467502311,0.91802214644674,1.26510633193778,-0.234893668062216
1.5,"ranger",86,0.0301180593750785,0.74834421492335,1.077057141073,1.36842733631046,-0.131572663689539
1.5,"ranger",87,-0.0101001135798816,0.91573668420505,1.01161530947634,1.25923247998059,-0.240767520019408
1.5,"ranger",88,0.0236316019172963,0.800693085953897,1.01159222244653,1.36784494763456,-0.132155052365439
1.5,"ranger",89,-0.00106476614543011,0.990607876939029,0.945173721384949,1.04793361914444,-0.45206638085556
1.5,"ranger",90,0.0538453742039424,0.563636643853653,0.99461777958715,1.2869381592497,-0.213061840750301
1.5,"ranger",91,0.0438472637859723,0.632140932626313,1.06049119880695,1.69240165724148,0.192401657241482
1.5,"ranger",92,0.0531996056074062,0.568362666150776,0.977526470191469,1.39839561028023,-0.101604389719774
1.5,"ranger",93,0.136800485599321,0.145633306078755,0.982732256937677,1.47418096619219,-0.0258190338078124
1.5,"ranger",94,-0.0255051389266492,0.780847157832626,0.84857096406574,1.2872610222692,-0.212738977730801
1.5,"ranger",95,0.118145161482498,0.198341556536342,1.01657234846537,1.35500903622138,-0.144990963778624
1.5,"ranger",96,0.061044362665004,0.509374247685023,1.02411194234716,1.29102399429436,-0.208976005705639
1.5,"ranger",97,0.125775192467417,0.18489619166789,0.974533290517335,1.42437783813496,-0.0756221618650426
1.5,"ranger",98,0.0217160644197212,0.821250704471673,0.939077221741054,1.36028372388094,-0.139716276119058
1.5,"ranger",99,0.177670194575998,0.05111309726176,0.881919751220203,1.59646435691536,0.0964643569153587
1.5,"ranger",100,0.117651436862832,0.197856290996575,1.06058747557177,1.49029221986611,-0.0097077801338874
1.5,"nnet_d0.01",1,0.05003728145511,0.597502200807612,0.846242886463388,1.62821466012328,0.128214660123284
1.5,"nnet_d0.01",2,0.152118987688874,0.114548065486609,0.951108732951837,1.69779610691469,0.197796106914692
1.5,"nnet_d0.01",3,-0.027312366347721,0.781106233994505,1.04897666679244,1.50236018639394,0.00236018639393643
1.5,"nnet_d0.01",4,0.0402622121013406,0.684500343514012,1.00104852801366,1.4510950898312,-0.0489049101687982
1.5,"nnet_d0.01",5,0.118165025646462,0.229276694059388,0.963403044513269,1.86326115108797,0.363261151087966
1.5,"nnet_d0.01",6,-0.0463615504852686,0.621360976978584,0.914997819628396,1.81422997337985,0.314229973379846
1.5,"nnet_d0.01",7,-0.188229480895821,0.0505214853057551,0.98163388011759,1.59784569913441,0.0978456991344143
1.5,"nnet_d0.01",8,-0.00612893566191654,0.950470521886468,0.935538498391753,1.98207693269863,0.482076932698634
1.5,"nnet_d0.01",9,-0.100373068844378,0.310978480593414,0.950705134404482,1.54389869369621,0.0438986936962082
1.5,"nnet_d0.01",10,0.0225356615008756,0.816923374225451,0.910127024008782,1.68372992042789,0.183729920427886
1.5,"nnet_d0.01",11,-0.0212223970750736,0.829717152306834,0.857228963170254,1.37328698750331,-0.126713012496694
1.5,"nnet_d0.01",12,0.0924740865917645,0.345631303656962,0.918335497107471,1.79215498630792,0.292154986307918
1.5,"nnet_d0.01",13,-0.0306936314656889,0.754263038943282,0.996587770645106,1.74731510343904,0.247315103439036
1.5,"nnet_d0.01",14,0.0442480095774447,0.647876405096444,0.851858791568487,1.53339606195025,0.0333960619502531
1.5,"nnet_d0.01",15,-0.100439617566462,0.289821303352591,0.909738386450738,1.86268104728433,0.362681047284334
1.5,"nnet_d0.01",16,-0.0148542912304992,0.874995346900165,0.983110496495932,1.47345023715712,-0.0265497628428786
1.5,"nnet_d0.01",17,-0.0336476218630068,0.719617386098646,0.976768148114464,1.35088911506152,-0.149110884938479
1.5,"nnet_d0.01",18,0.0169384379651849,0.861290687366816,1.05923497714181,1.8440853479071,0.344085347907104
1.5,"nnet_d0.01",19,0.0393013590811283,0.697694359950251,0.94496740015222,1.68130910089078,0.181309100890777
1.5,"nnet_d0.01",20,0.097119294412913,0.315079737507661,0.874287741890368,1.86452562004012,0.364525620040118
1.5,"nnet_d0.01",21,-0.0515313171103205,0.582779142568122,0.912524343074383,1.44089611928994,-0.0591038807100601
1.5,"nnet_d0.01",22,-0.0494140911128807,0.606473483876914,0.852750368678541,1.53878758588172,0.038787585881715
1.5,"nnet_d0.01",23,0.0460207255590586,0.636760153426888,0.957444246222912,1.78658377080157,0.286583770801567
1.5,"nnet_d0.01",24,0.031998185324218,0.733211886866782,0.93191140347805,1.50236917361497,0.00236917361496558
1.5,"nnet_d0.01",25,-0.0788773617711087,0.414292479054391,0.951036047914855,1.55931509246347,0.0593150924634658
1.5,"nnet_d0.01",26,-0.0993824351500098,0.318566869968113,0.953069733330734,1.35174777192049,-0.148252228079509
1.5,"nnet_d0.01",27,0.0407888419663664,0.676340108866697,0.991981585700073,1.44166584875309,-0.0583341512469144
1.5,"nnet_d0.01",28,-0.0220039256539182,0.814528193582327,0.914138134362061,1.50575191190041,0.00575191190040858
1.5,"nnet_d0.01",29,0.00244921979087328,0.979875214175554,1.01963373025341,1.45098957055971,-0.0490104294402895
1.5,"nnet_d0.01",30,-0.0576989177787716,0.538594064064573,0.987208714780182,1.69515387616437,0.195153876164373
1.5,"nnet_d0.01",31,-0.122366981515498,0.205811480076737,0.956630411095166,1.66318458257726,0.163184582577258
1.5,"nnet_d0.01",32,-0.0437931906665805,0.648980286221796,0.952670585810903,2.02442546195787,0.524425461957873
1.5,"nnet_d0.01",33,0.186814343770846,0.0545745397442151,0.833131264885341,1.52452179435738,0.0245217943573781
1.5,"nnet_d0.01",34,0.053518097948317,0.585249739300186,0.898957874925322,1.88673716138827,0.386737161388266
1.5,"nnet_d0.01",35,0.0149000713586655,0.878196822431952,0.907535854580335,1.51362658440115,0.0136265844011532
1.5,"nnet_d0.01",36,0.0440049336327875,0.650307409501067,0.924293545668408,1.51228315276811,0.012283152768108
1.5,"nnet_d0.01",37,-0.0664686614222863,0.4953904253642,0.956293321759223,1.82200950984723,0.322009509847232
1.5,"nnet_d0.01",38,0.0835303066365992,0.403618709538223,1.01397087738192,1.69822177994616,0.19822177994616
1.5,"nnet_d0.01",39,0.0034865797699878,0.972199717689439,0.974227522583751,2.11226905689861,0.612269056898606
1.5,"nnet_d0.01",40,-0.0228863098551052,0.81316992664201,0.850082874331385,1.42265874801406,-0.0773412519859438
1.5,"nnet_d0.01",41,0.0713643298405249,0.472586922644871,0.897394068987206,1.52076472046449,0.0207647204644876
1.5,"nnet_d0.01",42,-0.034590291408902,0.72493166004337,0.968028947612376,1.4385863961596,-0.0614136038403996
1.5,"nnet_d0.01",43,-0.0121387094055903,0.896612973266478,1.00817598723015,1.96918903183109,0.469189031831088
1.5,"nnet_d0.01",44,0.0758749642030094,0.422855335139658,0.990054538717693,1.97150104671073,0.471501046710728
1.5,"nnet_d0.01",45,-0.0673721003436684,0.48344089113357,1.02906988951626,1.70118079599718,0.201180795997178
1.5,"nnet_d0.01",46,-0.0250978889216561,0.79164626105977,1.06654193225763,1.24039443727977,-0.259605562720231
1.5,"nnet_d0.01",47,-0.111253829220435,0.248999311024754,1.04983599133159,1.607463526016,0.107463526015998
1.5,"nnet_d0.01",48,-0.027617538631575,0.77551983459844,0.801199347334069,1.67192943948961,0.171929439489608
1.5,"nnet_d0.01",49,-0.0440264140600102,0.647174991354105,1.05892936203086,1.94041572147369,0.440415721473692
1.5,"nnet_d0.01",50,-0.0446262723329755,0.63267054012285,1.00654249521021,1.52645102033711,0.0264510203371062
1.5,"nnet_d0.01",51,-0.0205480650357519,0.832592849390044,1.06128621125721,1.55133532260046,0.05133532260046
1.5,"nnet_d0.01",52,-0.119324860590399,0.21931303608298,1.04060601923967,2.06154887486023,0.561548874860228
1.5,"nnet_d0.01",53,-0.0228374087925528,0.814261455404537,0.970449635176623,1.75222648464785,0.252226484647847
1.5,"nnet_d0.01",54,-0.0577040761061052,0.553034335769687,0.893252194483625,1.29022666797177,-0.209773332028231
1.5,"nnet_d0.01",55,0.0182933185584792,0.846424595324413,0.980332668971237,1.74977723176761,0.249777231767606
1.5,"nnet_d0.01",56,0.06404942233556,0.503768885903888,0.868991192076525,1.74393190280284,0.243931902802837
1.5,"nnet_d0.01",57,0.0257050383489984,0.790537827621609,0.981012035702557,1.46143628205578,-0.0385637179442209
1.5,"nnet_d0.01",58,0.0813179448045596,0.407454955701998,0.893114155825752,1.59586359356916,0.0958635935691625
1.5,"nnet_d0.01",59,-0.00749118499776658,0.938139247265126,0.891835459027412,1.61244721717038,0.112447217170381
1.5,"nnet_d0.01",60,-0.0340860210635993,0.725988411682059,1.00099045836707,1.22382527889866,-0.276174721101338
1.5,"nnet_d0.01",61,-0.0295094580152504,0.770778233984331,0.842306935273158,1.52879914653372,0.0287991465337176
1.5,"nnet_d0.01",62,-0.150889558803597,0.128043594160233,0.988859476394618,1.30170157261198,-0.198298427388024
1.5,"nnet_d0.01",63,0.0692604373104091,0.478283102629538,0.95632874558327,1.31009352006522,-0.18990647993478
1.5,"nnet_d0.01",64,-0.116572707453039,0.231921834469884,0.834081911823662,1.67545982653817,0.175459826538172
1.5,"nnet_d0.01",65,-0.0706874135235648,0.46480976948673,0.865432699503314,1.25653687373222,-0.243463126267782
1.5,"nnet_d0.01",66,0.00756191420802458,0.939659538432147,0.893883300510625,1.6996594244472,0.199659424447204
1.5,"nnet_d0.01",67,0.119754069225541,0.209864415592801,0.981442061618508,1.60213938678652,0.102139386786516
1.5,"nnet_d0.01",68,-0.0631255851478218,0.50843631133032,0.800150941206579,1.58049423932502,0.0804942393250225
1.5,"nnet_d0.01",69,0.0574432416603328,0.545823488281954,1.02604220591748,2.0514390797994,0.551439079799399
1.5,"nnet_d0.01",70,0.0497986274293996,0.611010535637958,1.08193814107084,1.4013515439749,-0.0986484560251031
1.5,"nnet_d0.01",71,0.0229231950615959,0.817837361640654,0.803738761251431,1.363447190544,-0.136552809456
1.5,"nnet_d0.01",72,0.120349399800427,0.224098727606911,0.870897685616617,1.92798258875427,0.427982588754271
1.5,"nnet_d0.01",73,-0.0620004157520074,0.522361509181473,1.00702250164366,1.40087438311916,-0.099125616880843
1.5,"nnet_d0.01",74,-0.116058453674912,0.219401817164977,0.862267010450249,1.5155586819158,0.0155586819158029
1.5,"nnet_d0.01",75,-0.0438008512179469,0.651742511603239,1.04509006387971,1.85075105418174,0.350751054181739
1.5,"nnet_d0.01",76,-0.00627702888072443,0.948982787391595,1.00336106636421,1.57009380070011,0.0700938007001071
1.5,"nnet_d0.01",77,0.0588079289909416,0.559123854910073,1.00431866747919,1.85256957030166,0.352569570301656
1.5,"nnet_d0.01",78,-0.176263842315431,0.0753673683237987,0.943559060015406,1.40571228070105,-0.0942877192989537
1.5,"nnet_d0.01",79,0.0928430390265434,0.338107516622896,0.932818381088586,1.51301135057802,0.0130113505780203
1.5,"nnet_d0.01",80,0.0569944183401096,0.564535607370167,0.839518657720028,1.63728345082355,0.13728345082355
1.5,"nnet_d0.01",81,-0.0189028563998261,0.847938412468208,1.01812158586941,1.80843798238165,0.308437982381648
1.5,"nnet_d0.01",82,0.06800698032692,0.495548422899938,0.953408836057563,1.83676601912652,0.336766019126517
1.5,"nnet_d0.01",83,0.0768694512454933,0.430692451121903,0.862597195464994,1.7498595317663,0.249859531766303
1.5,"nnet_d0.01",84,0.0981422954822011,0.317280844287944,0.968902783928095,1.70363823250994,0.203638232509942
1.5,"nnet_d0.01",85,-0.0444396274561834,0.647908948783492,0.859230829518732,1.53021608671811,0.0302160867181056
1.5,"nnet_d0.01",86,0.000732028192141863,0.993876038344437,0.82184105286553,1.617543507826,0.117543507825995
1.5,"nnet_d0.01",87,0.0268338662664842,0.788869105521726,0.942677119141503,1.54815319110348,0.0481531911034823
1.5,"nnet_d0.01",88,-0.0683259810227449,0.477239385292935,0.941734547315991,1.49090591711426,-0.00909408288574243
1.5,"nnet_d0.01",89,-0.114210588462751,0.227281252981872,0.903561801367232,1.2896292534406,-0.210370746559396
1.5,"nnet_d0.01",90,0.0141767517279341,0.887779725267659,0.976442774060606,1.63280889496111,0.132808894961108
1.5,"nnet_d0.01",91,0.0514822072112791,0.599815110649724,0.912939879453589,2.0187428388839,0.518742838883897
1.5,"nnet_d0.01",92,0.063595220082685,0.506693961467422,0.836184280566055,1.81011550007745,0.310115500077454
1.5,"nnet_d0.01",93,0.0841393775984902,0.38730592238551,1.01864208772989,1.75191160798581,0.25191160798581
1.5,"nnet_d0.01",94,-0.117355051599597,0.220721928750832,0.900299215554269,1.33052960220853,-0.169470397791467
1.5,"nnet_d0.01",95,0.0567456009006728,0.555754641184165,0.891856604722449,1.5497927140396,0.0497927140396015
1.5,"nnet_d0.01",96,-0.035911380581197,0.70345645955173,0.998823064566146,1.61713553666571,0.117135536665708
1.5,"nnet_d0.01",97,-0.0139943177351412,0.882466723425932,0.945684560232703,1.4216224327165,-0.0783775672834972
1.5,"nnet_d0.01",98,-0.00439313212911441,0.964263577130312,1.0279429328947,1.65344374129359,0.153443741293595
1.5,"nnet_d0.01",99,-0.122170811571047,0.203593067121785,0.869560774606239,1.64780475357626,0.147804753576259
1.5,"nnet_d0.01",100,0.139030187700921,0.145076480154792,0.87162900697297,1.6596791461597,0.159679146159701
1.5,"nnet_d0.1",1,0.0485043437680045,0.603533352989047,0.904238394975642,1.71237548422582,0.212375484225822
1.5,"nnet_d0.1",2,0.135381040681718,0.147226382536036,1.00248864949128,1.60855703176379,0.108557031763793
1.5,"nnet_d0.1",3,-0.0486340965344324,0.603136349158999,1.07778616483176,1.40853064856225,-0.0914693514377507
1.5,"nnet_d0.1",4,0.00642784785096924,0.94583807215598,1.02032778779292,1.30588889589527,-0.194111104104729
1.5,"nnet_d0.1",5,0.115536684293851,0.216216022878757,1.01120474687012,1.81992554067593,0.319925540675931
1.5,"nnet_d0.1",6,-0.0261839483091842,0.773463487144642,0.95332977505906,1.59163437261961,0.0916343726196147
1.5,"nnet_d0.1",7,-0.180899142300476,0.0553032923871356,0.984278749348988,1.49180607686064,-0.00819392313935685
1.5,"nnet_d0.1",8,-0.000763818907480397,0.993435666825632,0.979107861299092,1.82888681020075,0.32888681020075
1.5,"nnet_d0.1",9,-0.0186502348459065,0.844887746074787,0.963404456626377,1.54474902322539,0.0447490232253855
1.5,"nnet_d0.1",10,0.0598384004198568,0.531235452419399,0.965187735646841,1.57444826448862,0.0744482644886237
1.5,"nnet_d0.1",11,-0.0273306549920335,0.779826518720081,0.878027715491746,1.38609173580018,-0.113908264199822
1.5,"nnet_d0.1",12,0.133628542565026,0.151511578294489,0.94122427579762,1.68625956634527,0.186259566345269
1.5,"nnet_d0.1",13,-0.0324269250630195,0.735560730838181,1.03395368203628,1.76177536712403,0.261775367124033
1.5,"nnet_d0.1",14,0.0579535114019377,0.538868123435866,0.867447024299818,1.54880123430089,0.0488012343008908
1.5,"nnet_d0.1",15,-0.0378010597139756,0.685169274485028,0.875198703081539,1.74485504227179,0.244855042271794
1.5,"nnet_d0.1",16,-0.0433813508703884,0.640760893008196,1.04455443905091,1.40120730338769,-0.0987926966123136
1.5,"nnet_d0.1",17,0.0262569027607876,0.773241914342345,0.977222177746699,1.20442165694121,-0.295578343058792
1.5,"nnet_d0.1",18,0.0904256157968633,0.3417411116812,1.04523370013539,1.62926638741261,0.12926638741261
1.5,"nnet_d0.1",19,0.0133881414714857,0.89140285015327,1.00396343247304,1.70760697510831,0.207606975108306
1.5,"nnet_d0.1",20,0.118041280822979,0.205560315605862,0.904212459921256,1.78898833891036,0.288988338910359
1.5,"nnet_d0.1",21,-0.0233217945841498,0.79791350134562,0.993190377182756,1.39599208973167,-0.10400791026833
1.5,"nnet_d0.1",22,-0.00510426355633919,0.956290799185649,0.880579636266992,1.42809110756748,-0.07190889243252
1.5,"nnet_d0.1",23,0.0694965366632265,0.464822322523502,0.987852116583865,1.68759101742446,0.18759101742446
1.5,"nnet_d0.1",24,0.0150367384222908,0.868820441697826,0.95957130617541,1.53011008487284,0.0301100848728364
1.5,"nnet_d0.1",25,-0.0658303262841894,0.48395698516763,0.992487913457567,1.47066607020383,-0.0293339297961686
1.5,"nnet_d0.1",26,-0.0498270891744606,0.605482009809299,0.967183056531739,1.24745913998305,-0.252540860016945
1.5,"nnet_d0.1",27,0.102362448781134,0.288361508196924,0.965382760238708,1.4153312480422,-0.0846687519577962
1.5,"nnet_d0.1",28,0.0274170909797118,0.762225629587736,0.919987460594545,1.34351847219284,-0.156481527807157
1.5,"nnet_d0.1",29,0.00579721681430994,0.950342402909803,1.0808849409093,1.34412538935173,-0.155874610648274
1.5,"nnet_d0.1",30,0.0182768738028091,0.843009305201002,1.01693595718316,1.54698181798103,0.0469818179810306
1.5,"nnet_d0.1",31,-0.114093584690231,0.224535030445193,1.00326139930232,1.54785026402825,0.0478502640282468
1.5,"nnet_d0.1",32,-0.000224155846956627,0.998061190707622,0.952223743404251,1.82400075409048,0.324000754090479
1.5,"nnet_d0.1",33,0.130084334272279,0.161647995245701,0.901494475706778,1.42210555651224,-0.0778944434877615
1.5,"nnet_d0.1",34,0.075369959853874,0.423487239677119,0.938329516206856,1.6491182522185,0.149118252218505
1.5,"nnet_d0.1",35,-0.0378617886812861,0.684404272986166,0.988653400139662,1.5387807215407,0.0387807215407012
1.5,"nnet_d0.1",36,0.0642720754645523,0.497119028492454,0.97930915756113,1.42451838407749,-0.075481615922514
1.5,"nnet_d0.1",37,-0.0417203390071412,0.654583789429812,0.928999806257551,1.58840263587458,0.0884026358745815
1.5,"nnet_d0.1",38,0.0858672938642266,0.372634219140487,1.1391359330228,1.65570488805448,0.155704888054482
1.5,"nnet_d0.1",39,0.0484843805156704,0.618280791072995,0.985588837559851,1.71714516538787,0.217145165387865
1.5,"nnet_d0.1",40,-0.0443035388621923,0.639535214966159,0.861994697485723,1.36393526984564,-0.136064730154358
1.5,"nnet_d0.1",41,0.0521717690139941,0.590775279896481,0.901338217376721,1.48709581346919,-0.0129041865308053
1.5,"nnet_d0.1",42,-0.0340149392969955,0.720257763127726,0.960452393818688,1.37675181641296,-0.123248183587038
1.5,"nnet_d0.1",43,0.051592786031741,0.570964660047655,1.0215259620664,1.69551997608672,0.195519976086722
1.5,"nnet_d0.1",44,0.0814862310756099,0.373304253566583,1.0464227762518,1.66675493512638,0.166754935126384
1.5,"nnet_d0.1",45,-0.0535803923719239,0.565811993896513,1.09226335777673,1.54521365372893,0.0452136537289334
1.5,"nnet_d0.1",46,0.0226433754151944,0.809020667084861,1.04849413146962,1.14935007798787,-0.350649922012128
1.5,"nnet_d0.1",47,-0.11809780782763,0.207409596447225,1.09964149020158,1.63164002185629,0.131640021856291
1.5,"nnet_d0.1",48,-0.043487904460673,0.641199746804695,0.870476780264247,1.60867391536323,0.108673915363232
1.5,"nnet_d0.1",49,-0.00653047338647578,0.943004264820498,1.1306478300673,1.77573408184617,0.275734081846169
1.5,"nnet_d0.1",50,-0.00315214399973655,0.972353807172641,0.968697329555732,1.45013702315993,-0.0498629768400725
1.5,"nnet_d0.1",51,0.0241937717321319,0.796869666364435,1.08921406753454,1.49441145700757,-0.00558854299243272
1.5,"nnet_d0.1",52,-0.0495729475278359,0.590652235256457,1.09126328441786,1.80124629543744,0.30124629543744
1.5,"nnet_d0.1",53,-0.0122890516469113,0.897073656261396,1.00175689921221,1.60108551053656,0.101085510536562
1.5,"nnet_d0.1",54,-0.0823613401702665,0.390799057555576,0.941942068405612,1.26840402832737,-0.231595971672631
1.5,"nnet_d0.1",55,0.0260725938837252,0.775985280514303,0.989788879099367,1.64832542887094,0.148325428870936
1.5,"nnet_d0.1",56,0.0431488319012501,0.645861482278491,0.924545310484869,1.58424931819109,0.0842493181910899
1.5,"nnet_d0.1",57,0.0195595397709742,0.83517672883117,0.965293336923636,1.3652214820054,-0.134778517994601
1.5,"nnet_d0.1",58,0.0950175408441673,0.321786548007155,0.904890252691314,1.57189201083905,0.0718920108390542
1.5,"nnet_d0.1",59,-0.0298615838690153,0.74831826897174,0.983126146683276,1.48845871969115,-0.0115412803088517
1.5,"nnet_d0.1",60,-0.0308152806730938,0.74492649145749,1.03703897070874,1.27916342519657,-0.220836574803433
1.5,"nnet_d0.1",61,-0.0313593889271062,0.749792980768674,0.877755037568176,1.41915068903682,-0.080849310963182
1.5,"nnet_d0.1",62,-0.144009507397131,0.140712879234717,1.00563693997055,1.22676778989005,-0.27323221010995
1.5,"nnet_d0.1",63,0.0479297931109054,0.619474824350855,0.986798614944027,1.29386715057382,-0.206132849426183
1.5,"nnet_d0.1",64,-0.120772541642039,0.191165622201319,0.879422503231722,1.45328203182497,-0.0467179681750272
1.5,"nnet_d0.1",65,-0.0393224232600034,0.677989894858901,0.930160663916118,1.20920095077902,-0.290799049220977
1.5,"nnet_d0.1",66,-0.0217027711482335,0.820424460182049,0.928303139301325,1.46857063786756,-0.031429362132436
1.5,"nnet_d0.1",67,0.132859222703175,0.156766724704312,1.02406737064749,1.60396228361827,0.10396228361827
1.5,"nnet_d0.1",68,-0.0733700726154824,0.429451234718237,0.849188879657937,1.65998681645101,0.159986816451008
1.5,"nnet_d0.1",69,0.0660466109358625,0.478003506343985,1.06752487660291,2.01764494854628,0.517644948546283
1.5,"nnet_d0.1",70,0.0918425683655852,0.336285517987634,1.14904922608953,1.47915854537544,-0.0208414546245612
1.5,"nnet_d0.1",71,-0.015020229352129,0.872730488372012,0.938701769352275,1.31513030817069,-0.184869691829313
1.5,"nnet_d0.1",72,0.139587326898226,0.141395793411302,0.93610810368653,1.89330979611565,0.393309796115649
1.5,"nnet_d0.1",73,-0.0600458446305109,0.530600260830476,1.03139118575133,1.45109815899558,-0.048901841004422
1.5,"nnet_d0.1",74,-0.124008630123532,0.178856664437267,0.920283914377188,1.43913512710104,-0.0608648728989596
1.5,"nnet_d0.1",75,-0.000889544549650229,0.992455989659597,1.08333163835809,1.65661416811702,0.156614168117018
1.5,"nnet_d0.1",76,-0.00198783027567045,0.98332216862349,1.01437883945282,1.5557923050874,0.0557923050873963
1.5,"nnet_d0.1",77,0.0546808825295204,0.576382230445626,1.02751953459423,1.65137318452732,0.151373184527316
1.5,"nnet_d0.1",78,-0.150626743455974,0.117916156875568,0.981214356288477,1.45819987528392,-0.0418001247160806
1.5,"nnet_d0.1",79,0.125670096159657,0.172667473794281,0.969639761979277,1.30102857914403,-0.19897142085597
1.5,"nnet_d0.1",80,0.104332132537626,0.278592148622915,0.846657419850489,1.49027896193761,-0.00972103806239089
1.5,"nnet_d0.1",81,0.0125552868211071,0.894988121689674,0.995389810159253,1.73298986753598,0.23298986753598
1.5,"nnet_d0.1",82,0.0515558074358433,0.599787498927384,0.96451420571626,1.74443374519571,0.244433745195706
1.5,"nnet_d0.1",83,0.0621058115724475,0.513523906159792,0.877306227809163,1.70726152815691,0.207261528156914
1.5,"nnet_d0.1",84,0.0968201324398331,0.310786743585962,1.05173590386099,1.75180481447454,0.251804814474543
1.5,"nnet_d0.1",85,-0.0234398613487678,0.804745218170495,0.863604385256328,1.44607386438505,-0.0539261356149514
1.5,"nnet_d0.1",86,-0.00235512194591455,0.979527356010312,0.8367742371749,1.57062656900861,0.0706265690086147
1.5,"nnet_d0.1",87,0.00754307349231911,0.938122406642755,0.942066691808957,1.48910078375569,-0.0108992162443116
1.5,"nnet_d0.1",88,-0.0872536559033106,0.361037256036494,0.999052591707817,1.43709068506194,-0.0629093149380553
1.5,"nnet_d0.1",89,-0.105292685432448,0.254711406679841,0.943815856342366,1.14566529644936,-0.354334703550636
1.5,"nnet_d0.1",90,0.046498414989101,0.632502447820189,1.01022940989884,1.53150142038764,0.0315014203876431
1.5,"nnet_d0.1",91,0.00979938527001382,0.917588353549249,0.966376304870544,1.95280249175049,0.452802491750486
1.5,"nnet_d0.1",92,0.083750834035789,0.376358480258187,0.889380246873165,1.65586152564396,0.155861525643961
1.5,"nnet_d0.1",93,0.0996851762564187,0.290299710980454,1.05261668229637,1.59456649270714,0.0945664927071357
1.5,"nnet_d0.1",94,-0.136387542155027,0.142060340141017,0.957539862166889,1.31541637580503,-0.184583624194968
1.5,"nnet_d0.1",95,0.079484603464178,0.394058175798408,0.922880106070109,1.49420907024693,-0.00579092975306694
1.5,"nnet_d0.1",96,-0.0251783394820386,0.781947753718265,0.981226317897635,1.48900988643215,-0.0109901135678518
1.5,"nnet_d0.1",97,-0.0122851631515949,0.894664222070604,0.984464607025864,1.37222106489552,-0.127778935104477
1.5,"nnet_d0.1",98,0.0131624646035624,0.891275807603627,1.04230152605696,1.59911967099394,0.0991196709939377
1.5,"nnet_d0.1",99,-0.132756498050239,0.147305249172859,0.881106062969663,1.50577826080068,0.00577826080067778
1.5,"nnet_d0.1",100,0.138025676545586,0.136887110800133,0.841225908219817,1.56173396199774,0.0617339619977353
3,"gam",1,-0.164119897116428,0.0790746936703409,0.914138911110074,2.72045934085825,-0.279540659141752
3,"gam",2,-0.118990627043422,0.19745566350295,0.914731207469534,3.0614509801788,0.0614509801787948
3,"gam",3,0.116070514359361,0.198674391741822,1.04302811201581,2.79938344911319,-0.200616550886808
3,"gam",4,0.0328637761834582,0.719319579918178,1.01314934651324,2.96361062923183,-0.0363893707681706
3,"gam",5,0.166024381099402,0.0755824511690122,0.925141652827635,3.27315111046649,0.273151110466493
3,"gam",6,0.0629667356123797,0.485191620743747,0.88684765562895,2.84779921309961,-0.15220078690039
3,"gam",7,0.00940052816431996,0.921187348429732,0.979050565446844,3.39033447647631,0.390334476476306
3,"gam",8,0.00614609687124376,0.947072624255018,0.995770321381617,3.25642323426244,0.256423234262438
3,"gam",9,-0.00186889518347999,0.984146466901852,1.1098318147621,3.15675623893398,0.156756238933983
3,"gam",10,0.0537211490152289,0.557067827614359,1.12081835573584,3.0631851105103,0.0631851105103034
3,"gam",11,-0.0670094824009677,0.482481524599285,0.910953800236524,3.00020490651705,0.000204906517052628
3,"gam",12,0.0926643237122061,0.315096094302082,0.86977580991898,2.99464907402135,-0.00535092597865328
3,"gam",13,-0.0308195245421195,0.738272178259903,0.933148542144421,3.42612476839111,0.426124768391106
3,"gam",14,0.0937244566664059,0.308645641107277,1.04016251549746,3.21679456825409,0.216794568254092
3,"gam",15,-0.0567320592869412,0.526854356834793,0.833059407749425,3.12003519072999,0.120035190729988
3,"gam",16,0.0597705867690179,0.516752228494138,0.974095590642448,3.01603194625248,0.0160319462524763
3,"gam",17,-0.00304486023825998,0.973126294109086,1.09146352033852,2.89005085376616,-0.10994914623384
3,"gam",18,-0.0434451462985675,0.63144057526127,0.904977520222126,2.79051419298968,-0.20948580701032
3,"gam",19,0.00880281625115782,0.925671554843352,0.971215803005145,2.88349944424347,-0.116500555756527
3,"gam",20,-0.1735864576279,0.0590749964599696,0.836650289169434,3.08178193921332,0.0817819392133208
3,"gam",21,-0.0217945139253699,0.809526538960751,0.883882627066014,3.17385519783909,0.173855197839088
3,"gam",22,-0.0367366761128985,0.680377820331026,1.04967958775053,3.10416022106883,0.104160221068833
3,"gam",23,0.0801587608701119,0.382741035562222,1.00699367700612,3.2800868158441,0.280086815844103
3,"gam",24,-0.0153087171251367,0.864832267019088,0.991231853230674,3.07922156454152,0.0792215645415175
3,"gam",25,-0.017459341952959,0.847319694299158,0.988700007377069,3.20850457388959,0.208504573889593
3,"gam",26,0.205624865352505,0.0291582957006847,0.934789313523473,3.31606498336205,0.316064983362051
3,"gam",27,-0.170066128457407,0.0678312979022318,0.960179084974748,2.98142873629557,-0.018571263704434
3,"gam",28,0.0957624835195505,0.29387093291731,1.0481003954561,3.09427842301399,0.094278423013987
3,"gam",29,-0.0602149647468215,0.513544257532601,1.1357003845882,2.8252386240757,-0.1747613759243
3,"gam",30,0.00922681913938866,0.918223376242852,1.01675999709269,3.0223359460314,0.0223359460314039
3,"gam",31,-0.10274596360306,0.279334791735572,0.945399493078551,3.03978281964874,0.0397828196487353
3,"gam",32,0.0455759477618712,0.614851942499433,1.03404918580197,3.34138943080803,0.341389430808033
3,"gam",33,-0.0472661349896576,0.604218334261729,1.18059702988972,2.58086368016978,-0.419136319830216
3,"gam",34,0.00354966079757043,0.969675346434105,1.02420169423808,2.97897277754281,-0.0210272224571937
3,"gam",35,-0.0678577325911745,0.472275765390567,1.10305567028442,2.95284330390409,-0.0471566960959131
3,"gam",36,-0.107132810246838,0.256548278770038,1.15971974221925,2.81792715248082,-0.182072847519177
3,"gam",37,0.14287951989951,0.113925429130775,0.998548329568287,3.17125015443351,0.171250154433511
3,"gam",38,-0.0239903704158402,0.801136463839993,0.936452528612021,3.01305527549029,0.0130552754902946
3,"gam",39,-0.0690639966556754,0.446346146817555,0.97637939884587,2.98793117622278,-0.012068823777224
3,"gam",40,0.0752502369387259,0.41197235366454,1.0785051391285,2.9836232200233,-0.0163767799767047
3,"gam",41,0.13179427674376,0.161414302474479,0.943405793399884,2.73638888670704,-0.263611113292965
3,"gam",42,-0.0369881475995242,0.695325217838843,0.957103261667056,2.83232930126707,-0.167670698732928
3,"gam",43,0.0987575504626043,0.264561602631142,0.996396730160878,2.913895227805,-0.0861047721950015
3,"gam",44,0.0136448983283263,0.879056658945181,1.1092802586697,3.57112935753244,0.571129357532441
3,"gam",45,0.0617266113758227,0.50603761341423,1.03945759517499,3.37658837878076,0.37658837878076
3,"gam",46,-0.0528283488163684,0.570045274624524,1.12610833522678,2.81286683611173,-0.187133163888272
3,"gam",47,0.100473521233278,0.274360358014462,0.918401196465325,3.53111479062895,0.531114790628946
3,"gam",48,-0.0663612408651698,0.467443977854828,0.802695343550243,2.81019184401153,-0.189808155988474
3,"gam",49,0.0278466039202148,0.765042317424738,0.95066904408421,3.07722187985628,0.0772218798562805
3,"gam",50,0.111314189279365,0.215304742180031,1.11623213135872,3.2424402457952,0.2424402457952
3,"gam",51,-0.0413846058127272,0.655408945130239,1.01923727530223,2.89730929935316,-0.102690700646845
3,"gam",52,-0.0248099780929079,0.786017087022658,0.912533748183678,3.53846817032214,0.538468170322143
3,"gam",53,-0.111825315447781,0.223981775977201,0.985663063185367,3.07763669501684,0.0776366950168383
3,"gam",54,0.10801565932727,0.236567608658944,1.08048559854051,3.26877239269513,0.268772392695132
3,"gam",55,-0.177782583567473,0.0480785844015754,0.936802008648466,2.86345922360016,-0.136540776399842
3,"gam",56,-0.11590660033801,0.206014400280549,1.07191367056893,2.65278251619593,-0.347217483804069
3,"gam",57,0.0544913268252932,0.540640006052021,0.989197931489937,2.85942610795525,-0.140573892044752
3,"gam",58,0.0976293983813277,0.28581264649258,1.07376965489383,3.26014771986224,0.260147719862244
3,"gam",59,-0.108332905568226,0.23972678339391,0.916146893187907,2.74415988738407,-0.255840112615927
3,"gam",60,0.0277436006906768,0.76852564999038,1.06267064290018,2.86703261039248,-0.132967389607515
3,"gam",61,0.019764435740264,0.831048227607128,0.958327395873926,2.9571313327559,-0.042868667244099
3,"gam",62,-0.132917778057652,0.151929125616474,0.869889856035902,3.04357770342119,0.0435777034211902
3,"gam",63,-0.0406070678311964,0.666943672908369,0.922544816956114,2.80875126965369,-0.191248730346313
3,"gam",64,-0.0621482257505883,0.504561974876802,0.981311980231642,2.78902664607129,-0.210973353928712
3,"gam",65,0.0624024520308867,0.497830109295774,0.968397111725179,2.91149857781855,-0.0885014221814493
3,"gam",66,-0.131087285425034,0.16164310629199,1.09336064760212,2.75466426113226,-0.245335738867743
3,"gam",67,0.0689632454774358,0.44937304365007,0.988502604394107,3.19792767538231,0.197927675382314
3,"gam",68,-0.0663278732800398,0.468303703203311,0.934251532488952,3.07211085081959,0.0721108508195929
3,"gam",69,-0.0286092242931409,0.751777331408694,0.98503075714803,3.17701171785835,0.177011717858345
3,"gam",70,-0.0249363478368459,0.783038356321404,1.09417556668571,2.61805434237975,-0.381945657620248
3,"gam",71,-0.0406820944151125,0.650457707689525,1.01009536901006,2.90951527684417,-0.0904847231558255
3,"gam",72,0.00479847910306059,0.957714069797107,1.03359484402165,3.23542193682777,0.235421936827767
3,"gam",73,0.0680935639982742,0.459572641512452,1.0191087241115,2.9238555644012,-0.076144435598803
3,"gam",74,-0.00598101204120477,0.946894656733664,0.958715071390074,3.14194999253411,0.141949992534111
3,"gam",75,-0.0415736020541731,0.654201049247427,1.15457744294237,2.76319352756312,-0.236806472436877
3,"gam",76,-0.0137259066464972,0.881723189034858,0.982760174725373,3.27010838331267,0.270108383312669
3,"gam",77,0.033104968003728,0.724493552629144,0.999113695701012,2.74459464816097,-0.255405351839029
3,"gam",78,-0.00308483741831215,0.972981176662585,0.890872209226661,3.17041382783773,0.170413827837728
3,"gam",79,-0.0497816141534069,0.575604345784448,1.03990750614943,2.9041592040926,-0.0958407959074021
3,"gam",80,0.0374411628102556,0.682341892551142,1.0612180010494,2.97350440362492,-0.0264955963750753
3,"gam",81,0.0129879349649554,0.887246392292923,1.15415814902696,3.31686400189684,0.316864001896838
3,"gam",82,0.244860007824522,0.0106568318290787,0.981736579565772,3.12005221533607,0.120052215336068
3,"gam",83,0.136063185796775,0.137266113192679,0.944792232676537,3.5861096619937,0.586109661993705
3,"gam",84,-0.117556360450755,0.211005092966372,0.882636521792704,2.86038691636014,-0.139613083639863
3,"gam",85,0.134254887170068,0.138540028422992,1.02086432616547,3.19397386940163,0.193973869401625
3,"gam",86,0.0130668394522188,0.886007278659224,0.951881912075225,2.95499068715784,-0.0450093128421578
3,"gam",87,-0.0983729823978909,0.300939362028654,0.899945308516444,2.9790094813165,-0.020990518683496
3,"gam",88,-0.0158431054211268,0.864990217385295,1.06005005239951,3.12628746783495,0.126287467834952
3,"gam",89,-0.0256544763713239,0.77589323002648,0.967276212799309,2.93128444068332,-0.068715559316681
3,"gam",90,-0.115634368608141,0.208270435280809,0.98034480101726,2.7906008201864,-0.209399179813596
3,"gam",91,-0.0116481426474213,0.899149082267404,1.00400685025622,3.37238434353515,0.372384343535146
3,"gam",92,0.0206249842044569,0.828045038227871,0.861859296881006,2.95171775903152,-0.0482822409684753
3,"gam",93,-0.0396249087671629,0.660668253059999,0.867975541121149,3.22720496037082,0.227204960370819
3,"gam",94,-0.0925573639146099,0.294427724666305,0.964593404862007,2.8421425404773,-0.157857459522702
3,"gam",95,0.0233880132455979,0.805332779884193,0.849333290381429,3.12718434957725,0.127184349577252
3,"gam",96,-0.0933690916844435,0.309895261196021,0.915499735418702,2.73125543218734,-0.268744567812665
3,"gam",97,0.0899335998693887,0.316232458259933,0.920623614347635,3.00368781371478,0.00368781371477578
3,"gam",98,0.0347964643705138,0.716459157513176,1.08310232320944,3.1926021256685,0.192602125668499
3,"gam",99,0.0453405496623232,0.62228110141487,0.982740263601541,3.44042002108072,0.440420021080717
3,"gam",100,0.0492278696909207,0.589195674658313,0.972526765722283,2.99209797043912,-0.0079020295608756
3,"ranger",1,-0.067666615259903,0.465255260674053,0.974407982591917,2.73802485421364,-0.261975145786356
3,"ranger",2,0.00480686716984893,0.957885463261662,0.971607729541588,3.21985718486305,0.219857184863054
3,"ranger",3,0.14900687800821,0.113840486822639,0.997758382580732,2.60503734516589,-0.39496265483411
3,"ranger",4,0.229977642146706,0.0128854025698335,1.10709796327145,3.00392614661357,0.00392614661356605
3,"ranger",5,0.0150505907656706,0.871556331899549,0.845957008814594,3.23749000485595,0.237490004855945
3,"ranger",6,0.0206877633094292,0.825112526107012,0.956428320095991,2.8123719550819,-0.187628044918097
3,"ranger",7,-0.00922680884138032,0.921300935185371,1.09574963182697,3.57022644084378,0.570226440843783
3,"ranger",8,0.118302114303503,0.210789640664057,1.02130798352206,3.16546445622438,0.165464456224377
3,"ranger",9,0.0518578823573024,0.590195570066699,0.889029025916162,3.04989464852484,0.0498946485248415
3,"ranger",10,0.190662785910403,0.0380016771125725,1.04383317904624,2.88040317699987,-0.119596823000127
3,"ranger",11,0.0660071929491012,0.493542770720055,1.06864264360691,3.13608011130907,0.13608011130907
3,"ranger",12,0.113547211309856,0.226032327124137,0.955432441804414,3.00993408134526,0.00993408134526108
3,"ranger",13,-0.0962517920410875,0.31247618641507,1.02525393267757,3.29375998664953,0.293759986649526
3,"ranger",14,0.131378073474552,0.160433152319011,0.995912045347043,3.12219738999623,0.122197389996229
3,"ranger",15,0.0808280110628473,0.388200703312113,0.938925397743808,3.32200333060462,0.322003330604617
3,"ranger",16,-0.0620323791870237,0.510571560479822,1.0103069253233,2.91299160524517,-0.0870083947548301
3,"ranger",17,0.0849521425097144,0.361759874578234,0.995686527681894,2.65373290777669,-0.346267092223309
3,"ranger",18,-0.0750378862873483,0.429928545310509,0.925021988133356,2.79765378408615,-0.202346215913855
3,"ranger",19,0.0523517814764764,0.57600477781712,0.933112532689563,3.13121800002357,0.131218000023567
3,"ranger",20,0.0796415226413984,0.392577429588993,1.10093570617937,3.35778080084821,0.357780800848213
3,"ranger",21,0.0316634032537217,0.734687315952373,0.861874727223424,3.53447606107624,0.534476061076242
3,"ranger",22,0.224252971798543,0.0164242192837628,1.0285372203663,3.2214122682046,0.221412268204598
3,"ranger",23,-0.0130475087352146,0.889069629608665,1.03177622678925,2.8272337733625,-0.172766226637495
3,"ranger",24,0.140406733977465,0.112543310718472,0.910307275553888,3.26839114385542,0.268391143855416
3,"ranger",25,0.0248226240376308,0.784021945329858,0.973757117555484,3.08206170369203,0.0820617036920295
3,"ranger",26,0.212950086800059,0.021720062541659,1.30253260257355,3.52913851474408,0.52913851474408
3,"ranger",27,0.0538231952402159,0.570645709711566,1.15103590089489,2.94811414501008,-0.0518858549899175
3,"ranger",28,0.0849498983222474,0.346685427183616,1.07368690240742,2.91241327454935,-0.0875867254506466
3,"ranger",29,0.0403374546292743,0.669499613659757,0.999940725142081,2.65227962339846,-0.347720376601536
3,"ranger",30,0.109507594304378,0.224667404535328,0.96639975197717,3.20846195566065,0.208461955660652
3,"ranger",31,-0.00824351490516576,0.930519963641838,0.909577933671159,3.01444612991986,0.0144461299198557
3,"ranger",32,-0.0643771635125866,0.493467362156792,0.956931331404014,3.41111963021773,0.411119630217729
3,"ranger",33,-0.0453041873874011,0.627926040745816,1.09750957609594,2.73319047060692,-0.266809529393084
3,"ranger",34,0.0889032889534397,0.34178085232904,0.928691703145749,2.94158300862404,-0.0584169913759629
3,"ranger",35,0.0475402225373239,0.626381032871579,1.22363399661343,3.09058788951644,0.0905878895164367
3,"ranger",36,0.0663990026437633,0.474080994503679,1.14270703578851,2.76830771827082,-0.231692281729183
3,"ranger",37,0.0617923204936101,0.516150968055622,1.08127924731561,3.0972440054716,0.0972440054715977
3,"ranger",38,0.030536852662327,0.748109497937144,0.902897108141886,2.88512267808936,-0.114877321910638
3,"ranger",39,0.0687527108277733,0.45240846202157,1.16923159228921,3.20425235205908,0.20425235205908
3,"ranger",40,0.143643496603545,0.13166334826465,0.954665521780453,2.98049935253291,-0.0195006474670936
3,"ranger",41,0.136214724157684,0.141029045258954,1.11664407497069,2.73575948403879,-0.264240515961208
3,"ranger",42,0.000162031384125849,0.998650267936751,0.982105991977627,2.76169914136764,-0.238300858632359
3,"ranger",43,0.12521889154588,0.155920566098197,0.970999409050477,2.86634425842448,-0.133655741575517
3,"ranger",44,0.071750614174186,0.426920922350246,1.23969695887593,3.55258773792793,0.552587737927931
3,"ranger",45,-0.024410386645752,0.789353384275866,0.895461887767802,3.27356178426923,0.273561784269231
3,"ranger",46,0.145397963455576,0.119406078072023,0.960316988439007,2.60351662076854,-0.396483379231463
3,"ranger",47,0.0760391600750338,0.410157846876601,1.01477872515803,3.49984667297475,0.499846672974753
3,"ranger",48,0.0200776410063569,0.829216948752931,1.17888170429312,2.66903377627632,-0.330966223723682
3,"ranger",49,0.0272057147197726,0.781854843563974,0.890637312970212,3.74697756476422,0.746977564764219
3,"ranger",50,-0.0952631156350802,0.297427197197881,0.965197944026286,3.25786715796045,0.257867157960447
3,"ranger",51,-0.0127426030885513,0.89278720111639,0.92551408136267,2.84171483645571,-0.158285163544288
3,"ranger",52,0.0886913831994236,0.336288213894883,0.903049256253097,3.56260053140432,0.562600531404317
3,"ranger",53,0.0519286325573616,0.575818455550577,1.08430705109496,3.05168923082117,0.0516892308211658
3,"ranger",54,0.0830013467491983,0.365015004983076,0.898979596487877,2.78931800579058,-0.21068199420942
3,"ranger",55,0.0451999815009027,0.631247832245741,0.998724423906177,3.15667172669003,0.156671726690026
3,"ranger",56,0.0736762411764823,0.433852699634635,0.963390737232828,2.60089048053928,-0.399109519460717
3,"ranger",57,0.111816548344866,0.231871068662231,1.02729185124982,3.20775176292657,0.207751762926573
3,"ranger",58,0.15755063209502,0.0955575317704156,1.27619194395626,3.33085799833113,0.330857998331131
3,"ranger",59,0.018390932201289,0.844085610415241,1.12556535057156,2.80399814628144,-0.19600185371856
3,"ranger",60,0.0590285568044729,0.543179267539763,1.07335127725309,2.72226944145211,-0.27773055854789
3,"ranger",61,0.0921120744428313,0.338792015553587,0.892627740374798,3.09735364441249,0.097353644412494
3,"ranger",62,-0.133172423533997,0.15689013768558,0.98645026328073,2.95752467667159,-0.0424753233284081
3,"ranger",63,0.100651694352867,0.282185207752342,1.065796919616,2.76458757941307,-0.235412420586927
3,"ranger",64,0.0242398143471228,0.800598195223669,1.19561794882415,2.59747676218509,-0.40252323781491
3,"ranger",65,0.0213515527429872,0.820697423550952,0.956130850869006,3.31360551284954,0.313605512849541
3,"ranger",66,0.161074668838998,0.0811875472778159,1.03430440584919,3.11896167383032,0.118961673830316
3,"ranger",67,-0.0462184494391091,0.613111231876216,1.02059381441858,2.85648130821257,-0.143518691787433
3,"ranger",68,-0.0124113708855266,0.890448184500608,0.92276014145805,3.00478418354558,0.00478418354557819
3,"ranger",69,0.0440488774165217,0.634368541582968,0.876196362121606,3.21200025758553,0.212000257585533
3,"ranger",70,0.0689633225481689,0.458082834371371,0.942691115821527,2.52196509330101,-0.478034906698994
3,"ranger",71,0.0803992064863726,0.385853498879348,1.07425391178798,3.08355247914234,0.0835524791423379
3,"ranger",72,-0.0841157826512259,0.376045795715837,1.15989638725366,3.37397341976402,0.373973419764021
3,"ranger",73,-0.0190427944593714,0.840787551542586,0.946555556823814,2.60989461878941,-0.390105381210593
3,"ranger",74,0.107235699607172,0.239373021105853,0.960165650556059,3.37896510947313,0.378965109473131
3,"ranger",75,0.0226589040753987,0.815661177336822,1.01065517494181,2.42542280616734,-0.574577193832658
3,"ranger",76,0.0451803208052156,0.628331371610873,1.07831082380382,3.33775935282363,0.337759352823628
3,"ranger",77,0.0402053239086567,0.681584150947087,1.05067401348975,2.71817458943043,-0.281825410569573
3,"ranger",78,0.155698973611421,0.0948945926041901,0.953406102855339,3.17308687733815,0.17308687733815
3,"ranger",79,0.0967027087983797,0.290807983831594,1.30806527957778,3.11922588704408,0.119225887044076
3,"ranger",80,-0.0408356190727798,0.660227492021846,1.1896236496814,2.81246567956167,-0.187534320438328
3,"ranger",81,0.0154887815801915,0.872802425323547,0.90807868506328,3.44925037901345,0.449250379013447
3,"ranger",82,0.0539001575154491,0.57524053068297,1.01691614697198,2.75377243459851,-0.246227565401493
3,"ranger",83,0.156318356341039,0.0896303141634557,0.914113968265998,3.5183600116595,0.5183600116595
3,"ranger",84,0.0879376375841472,0.361912392681783,0.987508028039184,3.03755130128874,0.0375513012887363
3,"ranger",85,-0.021577882349365,0.822403099892571,0.988368455314175,3.03284158651866,0.0328415865186633
3,"ranger",86,0.0214567574203053,0.818058077752831,1.05426809626554,2.92491708453211,-0.0750829154678918
3,"ranger",87,-0.0211266886472753,0.82469681684266,1.01016373972283,3.42451935876915,0.424519358769149
3,"ranger",88,0.011795137562534,0.902642819097551,1.11409141566426,3.0497883158551,0.0497883158550954
3,"ranger",89,-0.0233007010156508,0.801450867698251,1.01783091333465,2.56145830806967,-0.438541691930331
3,"ranger",90,0.0108741815215171,0.909993451733985,1.09473877007753,3.2351999348189,0.235199934818904
3,"ranger",91,0.0478622943086976,0.60924583788673,1.14218731197607,3.41314853367068,0.41314853367068
3,"ranger",92,0.0548770202410703,0.550255354992449,0.939539858468898,2.99277022841639,-0.00722977158361271
3,"ranger",93,0.147894062297667,0.116896116066662,0.989492115937167,3.72940141743255,0.729401417432551
3,"ranger",94,-0.0431064468806637,0.637589183714874,0.862173156108859,2.84573543792189,-0.154264562078113
3,"ranger",95,0.0888874979595785,0.338595784545419,1.06693760820549,3.09434202822611,0.0943420282261056
3,"ranger",96,0.0462916540099069,0.615995132998333,1.0147023056469,3.02542273606457,0.02542273606457
3,"ranger",97,0.117440692593189,0.214083974966818,0.952238081980532,2.8407351544741,-0.1592648455259
3,"ranger",98,0.00301353226952071,0.975571730524399,1.01688898288913,2.92295449232231,-0.0770455076776861
3,"ranger",99,0.15854911103799,0.081896411876338,0.887300228072871,3.25221556907857,0.252215569078572
3,"ranger",100,0.140600696037509,0.12857383564979,1.11014079867935,3.07279698869719,0.0727969886971942
3,"nnet_d0.01",1,-0.00734279108551802,0.940946039554872,0.793270153990167,3.38208950432657,0.382089504326574
3,"nnet_d0.01",2,0.113354997969853,0.252840632637452,0.913459378089558,3.61803865381745,0.618038653817453
3,"nnet_d0.01",3,-0.126857399526514,0.202567572290287,1.01248950307244,2.81804664027748,-0.181953359722523
3,"nnet_d0.01",4,-0.0156238602773172,0.87554099951617,0.925651638974834,3.65433217684571,0.654332176845714
3,"nnet_d0.01",5,0.122713848444192,0.21005560859175,0.925605829252691,3.99955586575462,0.999555865754619
3,"nnet_d0.01",6,-0.0140380976541466,0.8831118065833,0.958514220052868,3.21572923524189,0.215729235241886
3,"nnet_d0.01",7,-0.156073011856687,0.114417146751548,0.888669597082639,4.05231006295776,1.05231006295776
3,"nnet_d0.01",8,-0.029892736266249,0.761005247151208,0.932970501812869,3.39202896015574,0.392028960155739
3,"nnet_d0.01",9,0.02655009959068,0.791302277763934,0.882706383326573,3.23796707944044,0.237967079440441
3,"nnet_d0.01",10,0.0583899289950985,0.551876356222783,0.85279271253561,3.24178347172319,0.241783471723189
3,"nnet_d0.01",11,0.00501821385734628,0.960233554293313,0.829964484844535,3.59550263066976,0.595502630669755
3,"nnet_d0.01",12,0.140512833819072,0.156480758424102,0.916979698381374,3.43900496282725,0.439004962827248
3,"nnet_d0.01",13,0.00914198245504714,0.928989566410268,0.920807757100207,3.99200555867158,0.992005558671583
3,"nnet_d0.01",14,0.0751082839590532,0.433585956938937,0.792102540745308,3.41856392653193,0.418563926531927
3,"nnet_d0.01",15,-0.0748409562593708,0.438712233176836,0.806798052122322,3.67225223401775,0.672252234017754
3,"nnet_d0.01",16,-0.000897055348540993,0.992564647945929,0.987700565684578,3.38326276825532,0.383262768255323
3,"nnet_d0.01",17,-0.0064752420094212,0.945982666079826,0.947851970309807,3.11042520180256,0.110425201802555
3,"nnet_d0.01",18,0.106599589675643,0.273941197882062,0.8750709250858,3.28100577123682,0.281005771236821
3,"nnet_d0.01",19,0.0458119979564685,0.652701834712237,0.907966032804499,3.42729940952916,0.427299409529157
3,"nnet_d0.01",20,0.14525253962302,0.134837227223163,0.909406511052612,3.73834108185375,0.738341081853752
3,"nnet_d0.01",21,-0.0240687629036509,0.803145932813997,1.01909489304555,3.979543329258,0.979543329257999
3,"nnet_d0.01",22,0.0525518990093593,0.58705398972529,0.771261072724318,3.40687731499659,0.406877314996593
3,"nnet_d0.01",23,0.0821496666156977,0.395808291990933,0.847149834932143,3.48114517005989,0.48114517005989
3,"nnet_d0.01",24,0.00132522861815177,0.988700316611648,0.90714983099447,3.48930140552662,0.489301405526622
3,"nnet_d0.01",25,-0.0921378693278384,0.332852300409514,0.898200469057584,3.53661291485265,0.536612914852649
3,"nnet_d0.01",26,-0.10354640376016,0.295264183400504,0.910328893565229,3.26562805309566,0.265628053095664
3,"nnet_d0.01",27,0.0659598629631719,0.509025141280726,0.815150562275381,3.32847923811113,0.328479238111128
3,"nnet_d0.01",28,0.0470747550565188,0.62063043091997,0.885257760792102,3.15228742724669,0.152287427246688
3,"nnet_d0.01",29,-0.00618399387642804,0.950538307665422,1.04371204644294,2.9599740801972,-0.0400259198027948
3,"nnet_d0.01",30,0.0362693568454561,0.7041154035182,0.992836914820599,3.63016667797052,0.630166677970519
3,"nnet_d0.01",31,-0.164751529622227,0.0896536660423244,0.97726403683413,3.4885748910264,0.488574891026401
3,"nnet_d0.01",32,-0.0406220839996174,0.671448508186918,0.932540516717381,3.79425867181729,0.794258671817288
3,"nnet_d0.01",33,0.151214418772947,0.126285524015556,0.791744494859609,2.99312937028081,-0.00687062971919339
3,"nnet_d0.01",34,0.0431467978339196,0.662541540780915,0.84353998440723,3.33513764157055,0.335137641570554
3,"nnet_d0.01",35,-0.0431091159609124,0.660693270883434,0.914698293976681,3.05936291312315,0.0593629131231523
3,"nnet_d0.01",36,0.0846701731350257,0.387362514148168,0.816774280788724,3.30881859653715,0.308818596537153
3,"nnet_d0.01",37,-0.0919141197296556,0.344264621229376,0.88419024441238,3.58836735441884,0.58836735441884
3,"nnet_d0.01",38,0.0944247006713202,0.34612248595298,1.04559066203778,3.16914974425929,0.16914974425929
3,"nnet_d0.01",39,-0.0213246263371188,0.831700298521381,0.80285189530809,3.81286149715491,0.812861497154908
3,"nnet_d0.01",40,-0.0269855724558173,0.782834584833333,0.818293049860363,3.39575185648522,0.395751856485222
3,"nnet_d0.01",41,0.0471060962002015,0.641900504657444,0.880071203776924,3.23587810272384,0.235878102723835
3,"nnet_d0.01",42,-0.0433601703481845,0.659588737082506,0.886981545060511,3.21450218226527,0.21450218226527
3,"nnet_d0.01",43,0.00325056298193225,0.972690316212351,0.964740545923373,3.60773089069374,0.607730890693739
3,"nnet_d0.01",44,0.0640396144928616,0.49845095674353,0.987494265563894,4.40068998206722,1.40068998206722
3,"nnet_d0.01",45,-0.0416408920214013,0.665156198041926,0.866753456260929,3.92333879659191,0.92333879659191
3,"nnet_d0.01",46,-0.0240147111978214,0.807281689441756,0.994558617725239,2.90545980239847,-0.0945401976015261
3,"nnet_d0.01",47,-0.103647854237555,0.284421748207461,0.928138584999252,3.36664851297777,0.366648512977769
3,"nnet_d0.01",48,-0.0463739476691067,0.628486396715418,0.809785056431652,3.0590418345894,0.0590418345893982
3,"nnet_d0.01",49,0.0226907581202666,0.814331074603665,1.03431429572627,4.7423229129568,1.7423229129568
3,"nnet_d0.01",50,-0.0244741531545574,0.801094406604123,0.887161678350942,3.40657769470229,0.40657769470229
3,"nnet_d0.01",51,0.0893442709001839,0.371853744316476,1.01675840561532,3.4772535340295,0.477253534029502
3,"nnet_d0.01",52,-0.0871798765916537,0.356408796719325,0.975588175229184,3.96395291553635,0.963952915536352
3,"nnet_d0.01",53,-0.0729733231660554,0.45113600276471,0.915073906651011,3.87505643801987,0.875056438019871
3,"nnet_d0.01",54,-0.0844043419718318,0.401477183311619,0.86699756936389,3.20362761072528,0.203627610725279
3,"nnet_d0.01",55,-0.0198228611933686,0.83747720951875,0.924802249012718,3.25626188010393,0.256261880103931
3,"nnet_d0.01",56,0.0654076929210876,0.497472909843865,0.86164227790934,2.96045264410239,-0.0395473558976129
3,"nnet_d0.01",57,0.0421970533470867,0.669165177434507,0.886245876545,3.09109099202532,0.0910909920253249
3,"nnet_d0.01",58,0.0374060627328661,0.714618842324977,0.797377986280023,3.95000644715786,0.950006447157865
3,"nnet_d0.01",59,0.00250704437388661,0.979156373737453,0.917554165258196,3.09192396582241,0.0919239658224136
3,"nnet_d0.01",60,-0.0831318284478381,0.39703541513127,1.04691249561659,2.89476396890674,-0.105236031093263
3,"nnet_d0.01",61,-0.0600565687564219,0.55365755309029,0.770191080682958,3.34058495294033,0.340584952940332
3,"nnet_d0.01",62,-0.123179909389063,0.224834578061392,0.896198088777655,3.31437723904122,0.314377239041224
3,"nnet_d0.01",63,0.0727558923072251,0.453112316347091,0.8672502324068,3.08312405030713,0.0831240503071284
3,"nnet_d0.01",64,-0.0694550378740352,0.478155151471352,0.801506887050393,2.91263759600351,-0.0873624039964915
3,"nnet_d0.01",65,-0.0361742125339281,0.714085796994202,0.869488813197723,3.60236883216353,0.602368832163528
3,"nnet_d0.01",66,-0.0527588436857883,0.58999357776001,0.874189225742181,3.33198960627531,0.331989606275313
3,"nnet_d0.01",67,0.140617605154799,0.155624077075318,0.97316302529329,3.78537084033464,0.785370840334638
3,"nnet_d0.01",68,-0.0827905230136914,0.395190536298169,0.828969235653897,3.88285906100896,0.882859061008956
3,"nnet_d0.01",69,0.0775808006033033,0.421353917461033,0.87715810144975,3.70900908792751,0.709009087927511
3,"nnet_d0.01",70,0.06501289922944,0.502962916130795,0.925460772775436,2.96509100844973,-0.0349089915502718
3,"nnet_d0.01",71,-0.0251357288710964,0.794022684372184,0.837419030018901,3.15366420263393,0.153664202633935
3,"nnet_d0.01",72,0.203208893177532,0.0402513801876996,0.80760521413967,3.99499823645678,0.994998236456781
3,"nnet_d0.01",73,-0.0547235568418621,0.582130854734402,0.942042884491416,3.1096091700123,0.109609170012298
3,"nnet_d0.01",74,-0.0922925799068262,0.33512801368183,0.855546556460533,3.54200494359085,0.542004943590848
3,"nnet_d0.01",75,0.053047616474942,0.587959617759591,0.980139351709552,3.23401267728686,0.234012677286862
3,"nnet_d0.01",76,-0.0261084884321417,0.789240290824004,0.911321588219878,3.45610557803663,0.456105578036635
3,"nnet_d0.01",77,0.0136017490448331,0.892152500560631,0.986869843018247,3.26049021188557,0.260490211885573
3,"nnet_d0.01",78,-0.161487015711618,0.103876742654702,0.914224705653407,3.20038674908479,0.200386749084792
3,"nnet_d0.01",79,0.180212261610946,0.0613382097866786,0.831371091068181,3.45363831083846,0.453638310838458
3,"nnet_d0.01",80,0.116261691564214,0.241837332543463,0.807501219458639,3.26710654390607,0.267106543906069
3,"nnet_d0.01",81,0.0282827300662551,0.778570684175446,0.842863678454183,3.97804429899292,0.978044298992923
3,"nnet_d0.01",82,0.0321572868086644,0.746442178700843,0.888901375608851,3.28266338671688,0.28266338671688
3,"nnet_d0.01",83,0.0960656698435075,0.339962658676228,0.744707451047497,4.31277592923526,1.31277592923526
3,"nnet_d0.01",84,0.052489484396423,0.597477931449623,0.906284863892912,3.32493831846367,0.324938318463665
3,"nnet_d0.01",85,0.00289829841807265,0.976880763073034,0.829100606602632,3.48109549637231,0.481095496372309
3,"nnet_d0.01",86,-0.0361792884769584,0.70619897173656,0.793064484432724,3.72376142177249,0.723761421772493
3,"nnet_d0.01",87,-0.0378241862399612,0.707390147894249,0.862517756076986,3.88776732047603,0.887767320476026
3,"nnet_d0.01",88,-0.105991023604981,0.286015426519491,0.907490036487264,3.13943015851236,0.139430158512365
3,"nnet_d0.01",89,-0.0658157598682223,0.494840418867061,0.778922680142882,2.82115773338804,-0.178842266611961
3,"nnet_d0.01",90,0.026603743972755,0.794748885239785,0.931591302571519,3.2179212947617,0.217921294761704
3,"nnet_d0.01",91,0.0136470912530451,0.890433881070479,0.87474095002035,4.00287306176992,1.00287306176992
3,"nnet_d0.01",92,0.0782763988604944,0.415405562677891,0.810053745240173,3.55735608207027,0.557356082070269
3,"nnet_d0.01",93,0.117303373761213,0.227490847868322,0.902772022589837,4.01044619100506,1.01044619100506
3,"nnet_d0.01",94,-0.140517759544944,0.154447694087575,0.880679464132216,3.11548824015271,0.115488240152714
3,"nnet_d0.01",95,0.138236637219545,0.171974042290061,0.806648703643837,3.42585146428115,0.425851464281151
3,"nnet_d0.01",96,-0.0216462998312643,0.820370238207519,0.945801096684111,3.3956570826544,0.395657082654397
3,"nnet_d0.01",97,-0.108637806450391,0.266938153852857,1.02631779804382,3.3327095047118,0.332709504711797
3,"nnet_d0.01",98,-0.0221894219994893,0.827288778396602,0.951069930961499,3.53733606447206,0.537336064472056
3,"nnet_d0.01",99,-0.173723758934926,0.0692031589081528,0.834333818226914,3.61506722169861,0.615067221698611
3,"nnet_d0.01",100,0.148232234483125,0.13433390090522,0.830879745080105,3.43444373500714,0.434443735007136
3,"nnet_d0.1",1,0.0342165636085099,0.716557452281355,0.871350226592771,3.0958839933359,0.0958839933359013
3,"nnet_d0.1",2,0.112028422810348,0.236547607182835,0.985799269530196,3.2071832569118,0.2071832569118
3,"nnet_d0.1",3,-0.0573982713440257,0.541195652339125,1.02915562621182,2.54663899574301,-0.453361004256992
3,"nnet_d0.1",4,0.0196867480813984,0.83918997988937,0.997579790570674,3.0211427089072,0.0211427089071972
3,"nnet_d0.1",5,0.125560091032082,0.188509916766515,1.0526013864184,3.59111259779047,0.591112597790474
3,"nnet_d0.1",6,-0.0330247292843563,0.72087854401229,1.00360630725274,2.95975150384122,-0.0402484961587803
3,"nnet_d0.1",7,-0.124334906616248,0.194330054131444,0.948527533469278,3.40374553719417,0.403745537194166
3,"nnet_d0.1",8,0.013042737259426,0.889268284876591,0.953495383720699,3.10917978898101,0.109179788981006
3,"nnet_d0.1",9,0.0100250676253674,0.917227302737647,0.958268455379094,3.07817484564249,0.0781748456424922
3,"nnet_d0.1",10,0.0875141301482172,0.357796017623224,0.915074613746233,2.90566407882945,-0.0943359211705492
3,"nnet_d0.1",11,-0.0430793903143866,0.656091745088662,0.87369228610258,3.16662443481416,0.166624434814156
3,"nnet_d0.1",12,0.193051705180632,0.0413994971747392,0.942741680901974,3.0313842472614,0.0313842472613959
3,"nnet_d0.1",13,0.0160878568830424,0.868434354811929,1.0759960312391,3.42696805126097,0.426968051260968
3,"nnet_d0.1",14,0.0485508225261696,0.60323852182916,0.814902490230517,3.09285932224347,0.0928593222434722
3,"nnet_d0.1",15,-0.0620361433247955,0.500450569626539,0.856175752756301,3.24549123883321,0.245491238833207
3,"nnet_d0.1",16,0.00688732268494817,0.941024712146189,1.00429005201255,3.09556916408628,0.0955691640862839
3,"nnet_d0.1",17,0.00515582223935666,0.955335740725826,0.974345486263545,2.83078408919396,-0.169215910806038
3,"nnet_d0.1",18,0.082934983278852,0.37800399127449,0.949296632483027,2.99665738324996,-0.00334261675004432
3,"nnet_d0.1",19,0.0176510809498066,0.855613763175708,0.977273254050804,3.16489158857504,0.164891588575037
3,"nnet_d0.1",20,0.0960340265150474,0.312290583118293,0.908037174442325,3.48537231424769,0.485372314247687
3,"nnet_d0.1",21,0.00277058197110907,0.976199074813745,1.01458663974443,3.39058948538473,0.390589485384729
3,"nnet_d0.1",22,-0.0185953473852707,0.842043139051373,0.83921779041295,3.13457295236789,0.134572952367888
3,"nnet_d0.1",23,0.0685735672233287,0.464089905285729,0.917502718467326,3.17583955701035,0.175839557010346
3,"nnet_d0.1",24,-0.00448533016093659,0.960932303528695,0.955947028544034,3.18221412432219,0.182214124322193
3,"nnet_d0.1",25,-0.0674004670851786,0.467173966803534,0.944580023631736,3.19091431712077,0.190914317120768
3,"nnet_d0.1",26,-0.0777181547996071,0.412879092760154,0.937117667660934,2.88340127565993,-0.116598724340069
3,"nnet_d0.1",27,0.080255862187648,0.401010428436246,0.953705700989606,3.04453619863711,0.0445361986371071
3,"nnet_d0.1",28,-0.00881996072772228,0.923361118177484,0.932774924233526,2.89262545820056,-0.107374541799435
3,"nnet_d0.1",29,0.000913583760316983,0.992287272682994,1.06696169966534,2.65291456719974,-0.347085432800264
3,"nnet_d0.1",30,0.0159400635854408,0.861784602551728,1.00039944975965,3.36292810082681,0.362928100826813
3,"nnet_d0.1",31,-0.102485173689429,0.274196181964034,0.970916172052203,3.17594750549989,0.175947505499895
3,"nnet_d0.1",32,-0.0319529623641286,0.729713948784756,0.954937993188808,3.25327503393615,0.253275033936149
3,"nnet_d0.1",33,0.170020993252109,0.0669094435343246,0.845048904814777,2.7068528700072,-0.2931471299928
3,"nnet_d0.1",34,0.0749584370350435,0.42981750422172,0.910531921193261,2.93553885530779,-0.0644611446922081
3,"nnet_d0.1",35,-0.0353382535100987,0.709261787319968,0.972146710990866,2.87727376561118,-0.122726234388824
3,"nnet_d0.1",36,0.0774663759934138,0.408130299389552,0.922141909979998,2.99916576579972,-0.000834234200278061
3,"nnet_d0.1",37,-0.0482187618618118,0.61159427466606,0.927731578492579,3.04372031038369,0.0437203103836907
3,"nnet_d0.1",38,0.0678999944331048,0.480994714994702,1.11737986753787,3.00825296472364,0.00825296472363801
3,"nnet_d0.1",39,0.0373077666957679,0.696329289809472,0.894873066595694,3.1564468524229,0.1564468524229
3,"nnet_d0.1",40,-0.0163963110429967,0.862882336343084,0.829543700867897,2.99185576538787,-0.00814423461212588
3,"nnet_d0.1",41,0.0755347346248293,0.435201540292006,0.887331162815922,2.75833587059679,-0.241664129403207
3,"nnet_d0.1",42,-0.0168389905012342,0.859876295801123,0.903651710991745,2.72198661011889,-0.278013389881107
3,"nnet_d0.1",43,0.0534910340636461,0.556761140108759,0.996960729234479,2.93733738451756,-0.0626626154824366
3,"nnet_d0.1",44,0.086831418261732,0.347131630360791,1.04998887310963,3.5537506678892,0.553750667889205
3,"nnet_d0.1",45,-0.0502712874264375,0.585949526569748,1.00582870222994,3.16939310416963,0.169393104169628
3,"nnet_d0.1",46,-0.00755137372362798,0.936541997014406,1.03755796211562,2.61323658805186,-0.386763411948135
3,"nnet_d0.1",47,-0.104433533248228,0.263734730058689,1.04525670525258,3.17017316317941,0.170173163179406
3,"nnet_d0.1",48,0.0064733477326939,0.944292532673356,0.83792526362558,2.71676735480441,-0.283232645195594
3,"nnet_d0.1",49,0.0333710194031022,0.720842811296529,1.11819366869885,3.79038149034035,0.790381490340346
3,"nnet_d0.1",50,0.0041255770760148,0.963923494062694,0.962837965606469,3.17418128957438,0.174181289574383
3,"nnet_d0.1",51,0.0913659653095323,0.341766797707766,1.06719957667085,3.05648272225968,0.0564827222596826
3,"nnet_d0.1",52,-0.0266231496664245,0.770477592629901,1.00417546750948,3.54781713943493,0.547817139434929
3,"nnet_d0.1",53,-0.0192929756071077,0.836698323026171,0.942366209799302,3.24792854551352,0.247928545513516
3,"nnet_d0.1",54,-0.0838353883222644,0.378666893093718,0.893453537863497,2.91885618540108,-0.0811438145989194
3,"nnet_d0.1",55,0.0292832181238951,0.751619762481431,0.944766776811918,2.99993125906699,-6.87409330129007e-05
3,"nnet_d0.1",56,0.0507455488339209,0.58917257688747,0.898525653497313,2.73543202914837,-0.264567970851628
3,"nnet_d0.1",57,0.0620325493005639,0.505660186473725,0.930295602966792,2.81873702472825,-0.181262975271746
3,"nnet_d0.1",58,0.109927839060765,0.250076199620579,0.860812177380323,3.37478756315324,0.374787563153241
3,"nnet_d0.1",59,-0.00191809013365137,0.983425623251522,0.941933325245007,2.79194813753274,-0.208051862467264
3,"nnet_d0.1",60,-0.0465775602441318,0.625390157648445,1.04202530257195,2.63425968355313,-0.365740316446875
3,"nnet_d0.1",61,-0.0461851357943215,0.637018866490605,0.812125007006433,2.91570614523673,-0.0842938547632737
3,"nnet_d0.1",62,-0.106308584321283,0.276089606183186,0.915845462346427,3.07407810107226,0.0740781010722626
3,"nnet_d0.1",63,0.0442885867526223,0.642757742060791,0.947372562989477,2.79864800480083,-0.20135199519917
3,"nnet_d0.1",64,-0.0646581875355619,0.49247165251608,0.902696098707187,2.73230497099419,-0.267695029005815
3,"nnet_d0.1",65,-0.0586068916255958,0.543492831996282,0.936987099280252,3.29629222955345,0.29629222955345
3,"nnet_d0.1",66,-0.0246547847341948,0.79703197433783,0.911531241398298,2.93167876798659,-0.0683212320134117
3,"nnet_d0.1",67,0.123880893138413,0.19317430480266,1.01165269907851,3.23327619518664,0.233276195186643
3,"nnet_d0.1",68,-0.0541568898224891,0.5631908986503,0.859318011863835,3.16667258559935,0.166672585599346
3,"nnet_d0.1",69,0.0830479939797022,0.371944018366978,1.01625076395067,3.48697590326367,0.486975903263669
3,"nnet_d0.1",70,0.0959994977564416,0.306749242230568,1.07163551841012,2.86078738982095,-0.139212610179052
3,"nnet_d0.1",71,0.0213291964684702,0.82048595768478,0.878656393754844,2.97896066491306,-0.0210393350869356
3,"nnet_d0.1",72,0.13745203821426,0.149784520257056,0.879906916385106,3.46778832033953,0.467788320339534
3,"nnet_d0.1",73,-0.0580153039286658,0.541042850863159,0.959694362374042,2.83289653580344,-0.167103464196561
3,"nnet_d0.1",74,-0.123086672458989,0.186071750202296,0.911749249832882,3.06574220886612,0.0657422088661224
3,"nnet_d0.1",75,0.0152173431267686,0.870471849165827,1.06067477304647,2.75568982376385,-0.244310176236151
3,"nnet_d0.1",76,-0.00554417571389279,0.95308420859227,0.982953200123436,3.21473424092421,0.214734240924214
3,"nnet_d0.1",77,0.0553816948811582,0.566671925801099,1.02271222209047,2.87916304345478,-0.12083695654522
3,"nnet_d0.1",78,-0.158034606446422,0.0985304497958277,0.941937828223294,2.86044356538177,-0.139556434618229
3,"nnet_d0.1",79,0.142402267119681,0.121954208058085,0.92962615698697,3.18503061029379,0.18503061029379
3,"nnet_d0.1",80,0.138513984194624,0.153439653525865,0.826440637764588,3.08419901668676,0.0841990166867568
3,"nnet_d0.1",81,0.0218702221320218,0.818692109220774,0.938739213472111,3.35128885329727,0.35128885329727
3,"nnet_d0.1",82,0.0466586459145216,0.627808588204336,0.93902726439412,2.98079230351793,-0.0192076964820651
3,"nnet_d0.1",83,0.10235640062819,0.2805975875789,0.820229231349751,3.66973613739691,0.66973613739691
3,"nnet_d0.1",84,0.0874116017937625,0.358725419816155,0.980878766957243,3.00892122788213,0.00892122788213223
3,"nnet_d0.1",85,-0.0242096053497416,0.799202617064685,0.854994166384541,3.1622895080993,0.162289508099299
3,"nnet_d0.1",86,0.00398293651066989,0.96545897985638,0.830162645132195,3.09611150276781,0.0961115027678097
3,"nnet_d0.1",87,0.0314573292985855,0.745903656267851,0.909110470895095,3.22974839029813,0.229748390298133
3,"nnet_d0.1",88,-0.0881082903029219,0.36441027668193,0.977468606688561,3.02842490447691,0.0284249044769127
3,"nnet_d0.1",89,-0.0869300370919887,0.339735216496657,0.902018370506582,2.64197191888469,-0.358028081115308
3,"nnet_d0.1",90,0.00593284091861126,0.952223746830155,1.03642295525852,3.00458269275633,0.00458269275632572
3,"nnet_d0.1",91,0.0287558152101813,0.760502576306015,0.919076291626976,3.42299779532662,0.422997795326621
3,"nnet_d0.1",92,0.101614685122708,0.27883439495425,0.844774083016011,3.11383766282092,0.113837662820924
3,"nnet_d0.1",93,0.127968026620279,0.170180174615329,0.995638627686573,3.50109007525611,0.501090075256108
3,"nnet_d0.1",94,-0.147709988030093,0.114333348056406,0.957390753414239,2.73539586733397,-0.264604132666029
3,"nnet_d0.1",95,0.11165596207563,0.240865758082936,0.893381497402961,3.30292961314261,0.302929613142606
3,"nnet_d0.1",96,-0.0163042603405172,0.857771314195349,1.01107419279605,3.00375538506154,0.00375538506154438
3,"nnet_d0.1",97,-0.0335777346415656,0.718921173641059,1.01989676184902,2.78200534382365,-0.217994656176355
3,"nnet_d0.1",98,0.0113926932597689,0.906720840129622,1.02925044410058,3.0777101432014,0.0777101432013954
3,"nnet_d0.1",99,-0.125334160681374,0.173511132494473,0.880161656021944,3.06076575669669,0.0607657566966933
3,"nnet_d0.1",100,0.167630208321549,0.0801791577498765,0.890362740278901,3.27209371963285,0.272093719632848
