"truth","rao_blackwell_theta","rao_blackwell_se","randomized_theta","randomized_se","completion_difference","treatment","family","cell","replication"
0.405465108108164,0.440493303979878,0.0208238013302031,0.44010014552967,0.0212737303040536,-0.000393158450207376,"continuous","poisson","continuous_poisson_tlog1p5",1
0.405465108108164,0.393109781200232,0.0216385033433461,0.393470396469517,0.0217979765276911,0.000360615269284936,"continuous","poisson","continuous_poisson_tlog1p5",2
0.405465108108164,0.439869083829319,0.0197464032762701,0.44105004817582,0.0195307894212178,0.00118096434650106,"continuous","poisson","continuous_poisson_tlog1p5",3
0.405465108108164,0.384044956672098,0.0224553147305901,0.379786352340786,0.0225950851662917,-0.00425860433131259,"continuous","poisson","continuous_poisson_tlog1p5",4
0.405465108108164,0.413951147280566,0.021846159196564,0.414106092094987,0.0218827656872652,0.000154944814421687,"continuous","poisson","continuous_poisson_tlog1p5",5
0.405465108108164,0.373427887611335,0.021412506612978,0.374496473348032,0.0213056969185071,0.00106858573669721,"continuous","poisson","continuous_poisson_tlog1p5",6
0.405465108108164,0.419924689578058,0.0232907112396765,0.420512779762207,0.0233161281883834,0.000588090184148571,"continuous","poisson","continuous_poisson_tlog1p5",7
0.405465108108164,0.403956659928143,0.0204393031851885,0.406612764268299,0.0203947817792422,0.00265610434015617,"continuous","poisson","continuous_poisson_tlog1p5",8
0.405465108108164,0.432652888250706,0.0215567334366441,0.431358086606365,0.021359985296061,-0.00129480164434115,"continuous","poisson","continuous_poisson_tlog1p5",9
0.405465108108164,0.377549975214946,0.0226635624668968,0.378744947677834,0.0225945725719029,0.00119497246288813,"continuous","poisson","continuous_poisson_tlog1p5",10
0.405465108108164,0.418897008935509,0.0220753268762335,0.417903119129191,0.0221434352099223,-0.000993889806317427,"continuous","poisson","continuous_poisson_tlog1p5",11
0.405465108108164,0.371451215374659,0.0202677382795623,0.371702981258664,0.0202071018801526,0.000251765884004496,"continuous","poisson","continuous_poisson_tlog1p5",12
0.405465108108164,0.424365896020474,0.020008620589509,0.422889485019852,0.0201768834499223,-0.00147641100062196,"continuous","poisson","continuous_poisson_tlog1p5",13
0.405465108108164,0.391251102670613,0.0222126348751725,0.389475457948905,0.0220423272950097,-0.00177564472170877,"continuous","poisson","continuous_poisson_tlog1p5",14
0.405465108108164,0.480457764978973,0.018669863629103,0.479829923551043,0.0185599980892047,-0.000627841427930098,"continuous","poisson","continuous_poisson_tlog1p5",15
0.405465108108164,0.380053441555276,0.0207003686911628,0.379729441116657,0.0206952270430108,-0.000324000438619132,"continuous","poisson","continuous_poisson_tlog1p5",16
0.405465108108164,0.382776792678818,0.0221939741025136,0.382137676709639,0.0219645597359832,-0.000639115969179538,"continuous","poisson","continuous_poisson_tlog1p5",17
0.405465108108164,0.38830727172321,0.0220487686864912,0.38605638547933,0.0223670507061467,-0.00225088624388087,"continuous","poisson","continuous_poisson_tlog1p5",18
0.405465108108164,0.399277232888413,0.0234501102627548,0.400898732308041,0.0236310465270284,0.0016214994196283,"continuous","poisson","continuous_poisson_tlog1p5",19
0.405465108108164,0.388779187633623,0.0200759738406668,0.388971978927226,0.0200913261396719,0.000192791293603389,"continuous","poisson","continuous_poisson_tlog1p5",20
0.405465108108164,0.412367907599228,0.0209148274524946,0.41212239020405,0.0208867298407232,-0.000245517395177752,"continuous","poisson","continuous_poisson_tlog1p5",21
0.405465108108164,0.393326199744145,0.0214919119167157,0.392361758937525,0.0216876978125686,-0.000964440806620004,"continuous","poisson","continuous_poisson_tlog1p5",22
0.405465108108164,0.368510560851809,0.02205076497429,0.368883879799165,0.0221439000979368,0.000373318947355872,"continuous","poisson","continuous_poisson_tlog1p5",23
0.405465108108164,0.414918163787997,0.021018810079043,0.414562808773184,0.0211357511963691,-0.000355355014813263,"continuous","poisson","continuous_poisson_tlog1p5",24
0.405465108108164,0.414551088620612,0.0219377466418458,0.41466299798653,0.0219750751572482,0.00011190936591815,"continuous","poisson","continuous_poisson_tlog1p5",25
0.405465108108164,0.405135728529295,0.0218923345587751,0.402047661791956,0.0219385652379269,-0.00308806673733913,"continuous","poisson","continuous_poisson_tlog1p5",26
0.405465108108164,0.447735985865838,0.0224597512041183,0.449619985218155,0.0225779031629973,0.00188399935231709,"continuous","poisson","continuous_poisson_tlog1p5",27
0.405465108108164,0.399255084430503,0.0206910565121619,0.400104034606846,0.0208246547049872,0.000848950176343344,"continuous","poisson","continuous_poisson_tlog1p5",28
0.405465108108164,0.386643137700962,0.0210513794127781,0.386124068809794,0.0209724001707855,-0.000519068891168151,"continuous","poisson","continuous_poisson_tlog1p5",29
0.405465108108164,0.413667056579347,0.0229720953300969,0.41540641648784,0.022598019074209,0.00173935990849228,"continuous","poisson","continuous_poisson_tlog1p5",30
0.405465108108164,0.401580601594207,0.0215341459594149,0.400787184716149,0.0214718335347694,-0.000793416878058173,"continuous","poisson","continuous_poisson_tlog1p5",31
0.405465108108164,0.420327142952935,0.0217984518303632,0.42232193451063,0.0217323003976299,0.00199479155769544,"continuous","poisson","continuous_poisson_tlog1p5",32
0.405465108108164,0.367135793382043,0.0216021128980706,0.367268308828164,0.0215130644384258,0.000132515446121362,"continuous","poisson","continuous_poisson_tlog1p5",33
0.405465108108164,0.404778989394272,0.0202841992505699,0.403691340161134,0.0202796450268952,-0.00108764923313809,"continuous","poisson","continuous_poisson_tlog1p5",34
0.405465108108164,0.416994706861143,0.0222332962540864,0.416006205650971,0.0219904972000216,-0.000988501210171133,"continuous","poisson","continuous_poisson_tlog1p5",35
0.405465108108164,0.423200907354928,0.0227884649788039,0.422766637898664,0.0230347039016779,-0.000434269456263514,"continuous","poisson","continuous_poisson_tlog1p5",36
0.405465108108164,0.414061776353201,0.0191388775380273,0.413942667940914,0.0193741823654326,-0.000119108412287405,"continuous","poisson","continuous_poisson_tlog1p5",37
0.405465108108164,0.400203954412425,0.0204690777306942,0.399520946699223,0.0203631026614773,-0.000683007713201567,"continuous","poisson","continuous_poisson_tlog1p5",38
0.405465108108164,0.380623911431372,0.0222402450025048,0.3808722574229,0.02226741145148,0.000248345991527898,"continuous","poisson","continuous_poisson_tlog1p5",39
0.405465108108164,0.416662436355495,0.0205490045177294,0.414177191099347,0.0206201439225278,-0.00248524525614713,"continuous","poisson","continuous_poisson_tlog1p5",40
0.405465108108164,0.388870782343421,0.0220645606231644,0.387472413765722,0.0223315370653633,-0.00139836857769843,"continuous","poisson","continuous_poisson_tlog1p5",41
0.405465108108164,0.424277430652447,0.0199471521081831,0.421248728243014,0.0200121061857021,-0.00302870240943359,"continuous","poisson","continuous_poisson_tlog1p5",42
0.405465108108164,0.399589950076838,0.0195027739684453,0.398235714387203,0.0192775496236603,-0.001354235689635,"continuous","poisson","continuous_poisson_tlog1p5",43
0.405465108108164,0.422561831841212,0.0223696967016452,0.42306392926027,0.022300340087262,0.000502097419057601,"continuous","poisson","continuous_poisson_tlog1p5",44
0.405465108108164,0.418280458182354,0.019840582348694,0.419157710876746,0.0200077316556922,0.000877252694392427,"continuous","poisson","continuous_poisson_tlog1p5",45
0.405465108108164,0.40875829983226,0.0216972052426325,0.406538237348486,0.0217215438786779,-0.00222006248377365,"continuous","poisson","continuous_poisson_tlog1p5",46
0.405465108108164,0.397649600801873,0.0194438675191333,0.397380055105518,0.0193212681217292,-0.000269545696354956,"continuous","poisson","continuous_poisson_tlog1p5",47
0.405465108108164,0.403733205206344,0.0215635772144128,0.407244439063363,0.0218541484066704,0.00351123385701935,"continuous","poisson","continuous_poisson_tlog1p5",48
0.405465108108164,0.39193577748842,0.0200034555364626,0.392740967625745,0.0199394055496129,0.000805190137325829,"continuous","poisson","continuous_poisson_tlog1p5",49
0.405465108108164,0.394403225991891,0.022420003754438,0.395094888721394,0.0226112480679433,0.000691662729503495,"continuous","poisson","continuous_poisson_tlog1p5",50
0.405465108108164,0.412324322949883,0.0183531352110723,0.41218245756926,0.0182995510716754,-0.000141865380623385,"continuous","poisson","continuous_poisson_tlog1p5",51
0.405465108108164,0.42485075290615,0.0261840392864615,0.426134870784131,0.0261867396043113,0.0012841178779805,"continuous","poisson","continuous_poisson_tlog1p5",52
0.405465108108164,0.423279441768399,0.020075992793371,0.419544550806348,0.0204380229385572,-0.00373489096205026,"continuous","poisson","continuous_poisson_tlog1p5",53
0.405465108108164,0.426990552259316,0.0183792616424126,0.427178041998434,0.0182670491469233,0.000187489739118252,"continuous","poisson","continuous_poisson_tlog1p5",54
0.405465108108164,0.406967926217078,0.0227509343621909,0.406774662772402,0.022807694539973,-0.000193263444675851,"continuous","poisson","continuous_poisson_tlog1p5",55
0.405465108108164,0.397614576482386,0.0203451358780042,0.39897845634703,0.0202044459593257,0.00136387986464398,"continuous","poisson","continuous_poisson_tlog1p5",56
0.405465108108164,0.36235981208752,0.0215897771832795,0.362273850371606,0.0215848661094432,-8.59617159142401e-05,"continuous","poisson","continuous_poisson_tlog1p5",57
0.405465108108164,0.377670038820202,0.0206123929078045,0.380234609106702,0.0209327172469741,0.00256457028650026,"continuous","poisson","continuous_poisson_tlog1p5",58
0.405465108108164,0.436603658174039,0.0222934497501483,0.436147512964874,0.0224376525803402,-0.000456145209165648,"continuous","poisson","continuous_poisson_tlog1p5",59
0.405465108108164,0.377522362770815,0.0208474335509733,0.376969191861186,0.0210044428390633,-0.000553170909629142,"continuous","poisson","continuous_poisson_tlog1p5",60
0.405465108108164,0.399038955113239,0.0212795615857795,0.398589522289063,0.0213076415402011,-0.000449432824176643,"continuous","poisson","continuous_poisson_tlog1p5",61
0.405465108108164,0.368495179787725,0.0197308554594108,0.370170139087919,0.0198407282407239,0.00167495930019385,"continuous","poisson","continuous_poisson_tlog1p5",62
0.405465108108164,0.399961128336722,0.0221541957013438,0.399938826336137,0.0221347069699698,-2.23020005853947e-05,"continuous","poisson","continuous_poisson_tlog1p5",63
0.405465108108164,0.434081447025343,0.0232673548436277,0.43437396051132,0.0231751910512938,0.000292513485977142,"continuous","poisson","continuous_poisson_tlog1p5",64
0.405465108108164,0.387626827963088,0.0213644919001795,0.387881443866974,0.0214622323501761,0.000254615903885202,"continuous","poisson","continuous_poisson_tlog1p5",65
0.405465108108164,0.39015389117523,0.0228114702622166,0.389792880892526,0.0227457986705648,-0.000361010282703689,"continuous","poisson","continuous_poisson_tlog1p5",66
0.405465108108164,0.388305787700293,0.0211786634287306,0.389380246322633,0.021417399487958,0.00107445862233957,"continuous","poisson","continuous_poisson_tlog1p5",67
0.405465108108164,0.425877378923158,0.0203156911183855,0.424299563379289,0.0200152160992781,-0.00157781554386932,"continuous","poisson","continuous_poisson_tlog1p5",68
0.405465108108164,0.404299075972083,0.0226823712584883,0.403970874221487,0.0228545808907062,-0.000328201750596113,"continuous","poisson","continuous_poisson_tlog1p5",69
0.405465108108164,0.406686619306738,0.020284817695647,0.40779567514351,0.0204522373260201,0.00110905583677184,"continuous","poisson","continuous_poisson_tlog1p5",70
0.405465108108164,0.427051349360552,0.0213561174130791,0.427472128668905,0.0214239436808184,0.000420779308353658,"continuous","poisson","continuous_poisson_tlog1p5",71
0.405465108108164,0.398687598354566,0.0216133352823049,0.396918188183295,0.021541594345717,-0.00176941017127075,"continuous","poisson","continuous_poisson_tlog1p5",72
0.405465108108164,0.401002801550955,0.0214323434379411,0.399938945499444,0.0216443833821315,-0.00106385605151171,"continuous","poisson","continuous_poisson_tlog1p5",73
0.405465108108164,0.418555595947932,0.0211390958146012,0.417377487737306,0.0209551334335912,-0.00117810821062547,"continuous","poisson","continuous_poisson_tlog1p5",74
0.405465108108164,0.429961195592323,0.0196582545124016,0.430896848547624,0.0197394176888025,0.000935652955301514,"continuous","poisson","continuous_poisson_tlog1p5",75
0.405465108108164,0.441520031143158,0.0228695022810432,0.440894965616446,0.0227302422238958,-0.000625065526711599,"continuous","poisson","continuous_poisson_tlog1p5",76
0.405465108108164,0.38611887725996,0.0197394898974285,0.387543506544762,0.0198968416074968,0.00142462928480191,"continuous","poisson","continuous_poisson_tlog1p5",77
0.405465108108164,0.385656926048382,0.022083249782718,0.385888606024385,0.0219362261153677,0.000231679976002319,"continuous","poisson","continuous_poisson_tlog1p5",78
0.405465108108164,0.403711005245688,0.0199029471218226,0.403997943730408,0.0197048075555087,0.000286938484719501,"continuous","poisson","continuous_poisson_tlog1p5",79
0.405465108108164,0.432794808181831,0.0224369199464646,0.434326444654426,0.0223103978728652,0.00153163647259491,"continuous","poisson","continuous_poisson_tlog1p5",80
0.405465108108164,0.412203664492256,0.0220605120245057,0.412423821741688,0.0223976828324374,0.000220157249431308,"continuous","poisson","continuous_poisson_tlog1p5",81
0.405465108108164,0.415764812524253,0.0213494083658301,0.41661466947316,0.021408561364707,0.000849856948906325,"continuous","poisson","continuous_poisson_tlog1p5",82
0.405465108108164,0.426020662095694,0.0218929664661484,0.425649992867831,0.0219182053512684,-0.000370669227862552,"continuous","poisson","continuous_poisson_tlog1p5",83
0.405465108108164,0.393273343015591,0.0246564277324618,0.393310992852417,0.0247106890549884,3.76498368264699e-05,"continuous","poisson","continuous_poisson_tlog1p5",84
0.405465108108164,0.405310551021111,0.0216030626262838,0.403173946864209,0.0216446214857728,-0.00213660415690214,"continuous","poisson","continuous_poisson_tlog1p5",85
0.405465108108164,0.387092418633135,0.0206448313954578,0.385514377241087,0.0208589323493271,-0.0015780413920482,"continuous","poisson","continuous_poisson_tlog1p5",86
0.405465108108164,0.413903233434453,0.022554679552318,0.413662529120681,0.0225741446190232,-0.000240704313771378,"continuous","poisson","continuous_poisson_tlog1p5",87
0.405465108108164,0.348691020495788,0.0211548396043974,0.349456177863433,0.0210770509198988,0.000765157367645042,"continuous","poisson","continuous_poisson_tlog1p5",88
0.405465108108164,0.406610904673624,0.0202883322491572,0.407329659994108,0.0202585514466525,0.000718755320483488,"continuous","poisson","continuous_poisson_tlog1p5",89
0.405465108108164,0.402081907740673,0.0222492373702991,0.40257392644562,0.0225114800259736,0.000492018704946917,"continuous","poisson","continuous_poisson_tlog1p5",90
0.405465108108164,0.40780604793116,0.0205601259202227,0.408271888892798,0.0205039983126551,0.000465840961637543,"continuous","poisson","continuous_poisson_tlog1p5",91
0.405465108108164,0.374040982041657,0.0196276007352465,0.373975106618483,0.0195156984392617,-6.58754231731562e-05,"continuous","poisson","continuous_poisson_tlog1p5",92
0.405465108108164,0.397427641272344,0.0209809310309565,0.396093044846834,0.0209491458747789,-0.00133459642551009,"continuous","poisson","continuous_poisson_tlog1p5",93
0.405465108108164,0.419090545764691,0.0213696181751591,0.420721926002012,0.0213588871115908,0.00163138023732012,"continuous","poisson","continuous_poisson_tlog1p5",94
0.405465108108164,0.423892830267562,0.0204817849535333,0.424281970633439,0.0204224297516737,0.000389140365876395,"continuous","poisson","continuous_poisson_tlog1p5",95
0.405465108108164,0.387204905447921,0.0199224156591018,0.386456559473287,0.0202494247749801,-0.000748345974633524,"continuous","poisson","continuous_poisson_tlog1p5",96
0.405465108108164,0.410084362836679,0.0207653954189247,0.4100895844808,0.0208344838585328,5.22164412047887e-06,"continuous","poisson","continuous_poisson_tlog1p5",97
0.405465108108164,0.38529199225676,0.0212295978666102,0.382290153714858,0.0211638722544483,-0.00300183854190211,"continuous","poisson","continuous_poisson_tlog1p5",98
0.405465108108164,0.400594113653995,0.0205278817821075,0.401738903373743,0.0204455161081431,0.0011447897197483,"continuous","poisson","continuous_poisson_tlog1p5",99
0.405465108108164,0.386691443048345,0.0201411640182489,0.385497226835114,0.0200792936340466,-0.00119421621323096,"continuous","poisson","continuous_poisson_tlog1p5",100
0.405465108108164,0.393660993936242,0.0199667231889972,0.395068892105606,0.0199687340846909,0.0014078981693641,"continuous","negbin","continuous_negbin_tlog1p5",1
0.405465108108164,0.401451768429524,0.0189091326881228,0.400007297492844,0.0189522343001762,-0.00144447093667982,"continuous","negbin","continuous_negbin_tlog1p5",2
0.405465108108164,0.405490142855019,0.0203871030682987,0.405294927549711,0.0205047846074025,-0.000195215305307805,"continuous","negbin","continuous_negbin_tlog1p5",3
0.405465108108164,0.439160803963645,0.0212553067844105,0.437995189402332,0.0216737084396788,-0.0011656145613127,"continuous","negbin","continuous_negbin_tlog1p5",4
0.405465108108164,0.395670529399294,0.0212238254171679,0.395203269475028,0.0211564600757152,-0.000467259924266439,"continuous","negbin","continuous_negbin_tlog1p5",5
0.405465108108164,0.423369671242499,0.0224562540193872,0.425254343065441,0.022673915781204,0.00188467182294166,"continuous","negbin","continuous_negbin_tlog1p5",6
0.405465108108164,0.387921690868197,0.0218802570999796,0.389575227755609,0.0220729463354046,0.00165353688741199,"continuous","negbin","continuous_negbin_tlog1p5",7
0.405465108108164,0.397938366313658,0.018958086297858,0.400172815991045,0.0190911201128608,0.00223444967738712,"continuous","negbin","continuous_negbin_tlog1p5",8
0.405465108108164,0.432027199041215,0.0242549609755622,0.432776494088461,0.0242898355852777,0.000749295047245968,"continuous","negbin","continuous_negbin_tlog1p5",9
0.405465108108164,0.41529657165503,0.0220547329701669,0.418403676975989,0.0222487793369123,0.00310710532095909,"continuous","negbin","continuous_negbin_tlog1p5",10
0.405465108108164,0.418202829979655,0.0225212184548464,0.420217150570074,0.0227930696053319,0.00201432059041856,"continuous","negbin","continuous_negbin_tlog1p5",11
0.405465108108164,0.437401864405526,0.0234894365927206,0.433983824671689,0.0236807997702326,-0.00341803973383731,"continuous","negbin","continuous_negbin_tlog1p5",12
0.405465108108164,0.401264337650365,0.0200211526233156,0.400823133611083,0.0198525397388297,-0.000441204039281717,"continuous","negbin","continuous_negbin_tlog1p5",13
0.405465108108164,0.402999324965985,0.0213464487581117,0.404489464949123,0.0213572676524459,0.00149013998313818,"continuous","negbin","continuous_negbin_tlog1p5",14
0.405465108108164,0.434864017955831,0.0213873205904741,0.432996523121053,0.0213603825722408,-0.00186749483477738,"continuous","negbin","continuous_negbin_tlog1p5",15
0.405465108108164,0.400016079847149,0.0227731167167172,0.4005471162975,0.0231264881437469,0.000531036450350852,"continuous","negbin","continuous_negbin_tlog1p5",16
0.405465108108164,0.423411650737247,0.0201151638785454,0.423506860015923,0.0201832319079085,9.52092786762337e-05,"continuous","negbin","continuous_negbin_tlog1p5",17
0.405465108108164,0.404676331027375,0.0221011008604878,0.401003748382628,0.0220972065174101,-0.00367258264474651,"continuous","negbin","continuous_negbin_tlog1p5",18
0.405465108108164,0.397474790359012,0.0233297625292019,0.394372704579358,0.0230585886508662,-0.00310208577965404,"continuous","negbin","continuous_negbin_tlog1p5",19
0.405465108108164,0.391502671460888,0.019708978722056,0.390268489736942,0.0197053928702826,-0.00123418172394624,"continuous","negbin","continuous_negbin_tlog1p5",20
0.405465108108164,0.425562172617576,0.0214470327671757,0.430114794488779,0.0215188920311876,0.00455262187120348,"continuous","negbin","continuous_negbin_tlog1p5",21
0.405465108108164,0.402990582905912,0.0203059882369078,0.402922558213647,0.0203290801002764,-6.80246922644678e-05,"continuous","negbin","continuous_negbin_tlog1p5",22
0.405465108108164,0.397120466830121,0.0248645604024785,0.398875607557318,0.024790382012224,0.00175514072719707,"continuous","negbin","continuous_negbin_tlog1p5",23
0.405465108108164,0.381807100126373,0.0216642583735416,0.383729228588036,0.0216109240068282,0.0019221284616639,"continuous","negbin","continuous_negbin_tlog1p5",24
0.405465108108164,0.370540189352697,0.0237150584967822,0.371238614593783,0.023633720053037,0.000698425241085487,"continuous","negbin","continuous_negbin_tlog1p5",25
0.405465108108164,0.398674381860727,0.0219776210589431,0.399671958451378,0.0220535988845516,0.00099757659065175,"continuous","negbin","continuous_negbin_tlog1p5",26
0.405465108108164,0.374917638031499,0.0226005312251987,0.374118291556511,0.0227484251621793,-0.000799346474988472,"continuous","negbin","continuous_negbin_tlog1p5",27
0.405465108108164,0.37934903410934,0.022367591322471,0.379112390488555,0.0224733750650845,-0.000236643620784349,"continuous","negbin","continuous_negbin_tlog1p5",28
0.405465108108164,0.419323373143908,0.0218020222704723,0.41727944527634,0.0216275574078675,-0.00204392786756835,"continuous","negbin","continuous_negbin_tlog1p5",29
0.405465108108164,0.403479868236565,0.0192908052135514,0.402277492414229,0.0193685127931987,-0.00120237582233551,"continuous","negbin","continuous_negbin_tlog1p5",30
0.405465108108164,0.457008674524136,0.0207099574532856,0.458733107900699,0.0209168351214758,0.00172443337656314,"continuous","negbin","continuous_negbin_tlog1p5",31
0.405465108108164,0.396068751537801,0.0223554605455947,0.392590225660362,0.0222948287901452,-0.00347852587743946,"continuous","negbin","continuous_negbin_tlog1p5",32
0.405465108108164,0.39059587025987,0.0209272757858153,0.38917690134544,0.0208218792995692,-0.00141896891442939,"continuous","negbin","continuous_negbin_tlog1p5",33
0.405465108108164,0.424491138453657,0.0198834886444056,0.427517844933211,0.0199460921206998,0.00302670647955394,"continuous","negbin","continuous_negbin_tlog1p5",34
0.405465108108164,0.404766404774967,0.0214197298107788,0.404485076671656,0.0214734478562641,-0.000281328103311218,"continuous","negbin","continuous_negbin_tlog1p5",35
0.405465108108164,0.421540626362544,0.0222012769182618,0.420388394082834,0.0223258453495507,-0.00115223227970929,"continuous","negbin","continuous_negbin_tlog1p5",36
0.405465108108164,0.435512704210453,0.0223343651623295,0.43618833216114,0.0222739277439451,0.000675627950687596,"continuous","negbin","continuous_negbin_tlog1p5",37
0.405465108108164,0.438777923933602,0.0212234123801943,0.439350942928817,0.0214663430945121,0.000573018995214558,"continuous","negbin","continuous_negbin_tlog1p5",38
0.405465108108164,0.401416146643476,0.0214291772042385,0.40077580357838,0.0214931030736611,-0.000640343065095972,"continuous","negbin","continuous_negbin_tlog1p5",39
0.405465108108164,0.385035233870437,0.0209630677268838,0.385326954952663,0.0210038555907529,0.000291721082226581,"continuous","negbin","continuous_negbin_tlog1p5",40
0.405465108108164,0.397665169859496,0.0209030309291325,0.398572427024039,0.020907237319666,0.000907257164542763,"continuous","negbin","continuous_negbin_tlog1p5",41
0.405465108108164,0.409645518630027,0.0191085245763682,0.407234574044122,0.0193928343358839,-0.00241094458590468,"continuous","negbin","continuous_negbin_tlog1p5",42
0.405465108108164,0.385931169097755,0.0210416281430917,0.383904468344457,0.0208105568981617,-0.00202670075329842,"continuous","negbin","continuous_negbin_tlog1p5",43
0.405465108108164,0.400392053835592,0.0218774546902494,0.39887914328651,0.0222800021307959,-0.00151291054908215,"continuous","negbin","continuous_negbin_tlog1p5",44
0.405465108108164,0.407252639916892,0.0226660205787875,0.406163460597778,0.0224200969186451,-0.00108917931911362,"continuous","negbin","continuous_negbin_tlog1p5",45
0.405465108108164,0.407952605115851,0.019128128112494,0.407618707131627,0.0195102246567555,-0.000333897984223841,"continuous","negbin","continuous_negbin_tlog1p5",46
0.405465108108164,0.408260261723667,0.0233711992491282,0.40857946751806,0.0233893191366168,0.000319205794392374,"continuous","negbin","continuous_negbin_tlog1p5",47
0.405465108108164,0.424925499692257,0.0201936690646839,0.426464396600557,0.0200179464608602,0.00153889690829978,"continuous","negbin","continuous_negbin_tlog1p5",48
0.405465108108164,0.456413007336419,0.0248254940745314,0.455404577355044,0.0248786702900017,-0.0010084299813749,"continuous","negbin","continuous_negbin_tlog1p5",49
0.405465108108164,0.429000339131919,0.0215982252467337,0.429849120771253,0.0216555379309136,0.000848781639334051,"continuous","negbin","continuous_negbin_tlog1p5",50
0.405465108108164,0.395911311662421,0.0196629038964172,0.393947761776293,0.0197157440556306,-0.00196354988612829,"continuous","negbin","continuous_negbin_tlog1p5",51
0.405465108108164,0.384377178214738,0.0207771177792687,0.383639945391286,0.0208050596817701,-0.000737232823452227,"continuous","negbin","continuous_negbin_tlog1p5",52
0.405465108108164,0.410945539256611,0.0219067931155653,0.409555082183531,0.0219531677708348,-0.00139045707308016,"continuous","negbin","continuous_negbin_tlog1p5",53
0.405465108108164,0.370752012417158,0.0235042166038139,0.370013117814693,0.02364297286463,-0.000738894602464513,"continuous","negbin","continuous_negbin_tlog1p5",54
0.405465108108164,0.431764808653328,0.0211172764189208,0.43191735116234,0.0211730683151018,0.000152542509011866,"continuous","negbin","continuous_negbin_tlog1p5",55
0.405465108108164,0.396207412153428,0.0213217533597503,0.396711937631475,0.0217998806571806,0.000504525478047246,"continuous","negbin","continuous_negbin_tlog1p5",56
0.405465108108164,0.408695582714927,0.0213373954036261,0.408606025067485,0.0214267430872018,-8.95576474416182e-05,"continuous","negbin","continuous_negbin_tlog1p5",57
0.405465108108164,0.429997801302596,0.0190568054333538,0.430671627232171,0.0194257613447604,0.000673825929574823,"continuous","negbin","continuous_negbin_tlog1p5",58
0.405465108108164,0.394792963186987,0.0210605832211101,0.392678751149612,0.0209896025092635,-0.00211421203737544,"continuous","negbin","continuous_negbin_tlog1p5",59
0.405465108108164,0.379603788840236,0.0207428283354855,0.38241941026176,0.0205598129887745,0.00281562142152325,"continuous","negbin","continuous_negbin_tlog1p5",60
0.405465108108164,0.395693556576964,0.016839402271357,0.394950699619356,0.0169173213048613,-0.000742856957608007,"continuous","negbin","continuous_negbin_tlog1p5",61
0.405465108108164,0.414627050504404,0.0204494314564815,0.412376232264458,0.0205007422900945,-0.00225081823994644,"continuous","negbin","continuous_negbin_tlog1p5",62
0.405465108108164,0.394554228270423,0.0227314177421926,0.393085493481019,0.0224735889912783,-0.00146873478940385,"continuous","negbin","continuous_negbin_tlog1p5",63
0.405465108108164,0.383477927332617,0.0225927195314154,0.386399669880239,0.0226452007113115,0.00292174254762217,"continuous","negbin","continuous_negbin_tlog1p5",64
0.405465108108164,0.405206129132899,0.0190975653607908,0.405074607073047,0.0191959907202157,-0.000131522059852729,"continuous","negbin","continuous_negbin_tlog1p5",65
0.405465108108164,0.42725589065804,0.0231591703020499,0.426915706281948,0.023164365531524,-0.00034018437609129,"continuous","negbin","continuous_negbin_tlog1p5",66
0.405465108108164,0.4127970271214,0.0202657163452238,0.412516973954243,0.0203005992730346,-0.00028005316715668,"continuous","negbin","continuous_negbin_tlog1p5",67
0.405465108108164,0.438712940610072,0.02151761890474,0.438687337939689,0.0216114086121936,-2.56026703828183e-05,"continuous","negbin","continuous_negbin_tlog1p5",68
0.405465108108164,0.404091259679935,0.0213470557704511,0.40179167688199,0.0213167152119384,-0.00229958279794518,"continuous","negbin","continuous_negbin_tlog1p5",69
0.405465108108164,0.356949747974198,0.0230084673203532,0.360094387950968,0.0230245966605069,0.00314463997677067,"continuous","negbin","continuous_negbin_tlog1p5",70
0.405465108108164,0.41984093992487,0.0235582208667489,0.418758618378941,0.023742424651381,-0.00108232154592958,"continuous","negbin","continuous_negbin_tlog1p5",71
0.405465108108164,0.416186251735923,0.0214442165288328,0.414410078770058,0.0216221565083108,-0.0017761729658648,"continuous","negbin","continuous_negbin_tlog1p5",72
0.405465108108164,0.433841313228184,0.0186138227774568,0.433803503950266,0.0186185250986103,-3.78092779182992e-05,"continuous","negbin","continuous_negbin_tlog1p5",73
0.405465108108164,0.399842937691857,0.0225737986934465,0.401483399281974,0.0227191179089657,0.00164046159011705,"continuous","negbin","continuous_negbin_tlog1p5",74
0.405465108108164,0.406379205403148,0.0219580670406005,0.406400119621635,0.0217429448448928,2.09142184869893e-05,"continuous","negbin","continuous_negbin_tlog1p5",75
0.405465108108164,0.440403590020087,0.0224273103097504,0.438582864517922,0.0224544320698576,-0.00182072550216505,"continuous","negbin","continuous_negbin_tlog1p5",76
0.405465108108164,0.408739915036204,0.0234448961714101,0.410770639231739,0.0232164998259147,0.00203072419553479,"continuous","negbin","continuous_negbin_tlog1p5",77
0.405465108108164,0.374837815444198,0.0211593515908209,0.376006727267106,0.0212653030554385,0.00116891182290807,"continuous","negbin","continuous_negbin_tlog1p5",78
0.405465108108164,0.408260478624111,0.0194937312218076,0.409768504049693,0.0193808538384524,0.00150802542558182,"continuous","negbin","continuous_negbin_tlog1p5",79
0.405465108108164,0.348244219801206,0.0232573388522284,0.350685402189014,0.0233176524884274,0.00244118238780816,"continuous","negbin","continuous_negbin_tlog1p5",80
0.405465108108164,0.429217251579736,0.0207734411800568,0.430386997367207,0.0205952455128012,0.00116974578747081,"continuous","negbin","continuous_negbin_tlog1p5",81
0.405465108108164,0.375303215544633,0.0212778680092463,0.373231999134977,0.0210715068491048,-0.00207121640965585,"continuous","negbin","continuous_negbin_tlog1p5",82
0.405465108108164,0.398477195445436,0.0220512533540387,0.398848166081711,0.0219478012771978,0.000370970636274726,"continuous","negbin","continuous_negbin_tlog1p5",83
0.405465108108164,0.353954589437281,0.0215998521425362,0.353769382829882,0.0215336361632961,-0.000185206607399291,"continuous","negbin","continuous_negbin_tlog1p5",84
0.405465108108164,0.383010480755823,0.020874265569437,0.383693863287291,0.021027024265179,0.000683382531468435,"continuous","negbin","continuous_negbin_tlog1p5",85
0.405465108108164,0.370386996200636,0.0186926670811425,0.373237427601449,0.0191566596083984,0.00285043140081348,"continuous","negbin","continuous_negbin_tlog1p5",86
0.405465108108164,0.430231852023661,0.0224539840714944,0.431905905590598,0.0225886797409617,0.0016740535669369,"continuous","negbin","continuous_negbin_tlog1p5",87
0.405465108108164,0.433712078724159,0.0180159015256591,0.432574547959258,0.0179021493780119,-0.00113753076490081,"continuous","negbin","continuous_negbin_tlog1p5",88
0.405465108108164,0.415133974030759,0.0224683188938023,0.414491838815834,0.0227592203305384,-0.000642135214924622,"continuous","negbin","continuous_negbin_tlog1p5",89
0.405465108108164,0.442144098675651,0.0234211657356639,0.444273292505028,0.0235708965198751,0.00212919382937737,"continuous","negbin","continuous_negbin_tlog1p5",90
0.405465108108164,0.440626932818057,0.0223026034860529,0.44201302585865,0.0226010129323876,0.0013860930405929,"continuous","negbin","continuous_negbin_tlog1p5",91
0.405465108108164,0.402392281703538,0.0200018251533013,0.402152703047851,0.0200652346637855,-0.000239578655687189,"continuous","negbin","continuous_negbin_tlog1p5",92
0.405465108108164,0.45541022514768,0.0194301692895515,0.455453339723091,0.0197408595246072,4.31145754108964e-05,"continuous","negbin","continuous_negbin_tlog1p5",93
0.405465108108164,0.381216904408131,0.0216220029272325,0.380432763037975,0.0219576374794751,-0.000784141370155866,"continuous","negbin","continuous_negbin_tlog1p5",94
0.405465108108164,0.404369606564271,0.0213880587876834,0.402709670687471,0.0213365383128512,-0.00165993587680013,"continuous","negbin","continuous_negbin_tlog1p5",95
0.405465108108164,0.412702110145337,0.0202931730984713,0.413395909515289,0.0203626668385377,0.000693799369951731,"continuous","negbin","continuous_negbin_tlog1p5",96
0.405465108108164,0.398621533823415,0.0228402308626542,0.39871788850386,0.0230114780245526,9.63546804451654e-05,"continuous","negbin","continuous_negbin_tlog1p5",97
0.405465108108164,0.390843368891368,0.0233405633768922,0.389073936711751,0.0232428098652186,-0.0017694321796165,"continuous","negbin","continuous_negbin_tlog1p5",98
0.405465108108164,0.39482846308198,0.021362730585405,0.396706591435359,0.0214883774917335,0.00187812835337892,"continuous","negbin","continuous_negbin_tlog1p5",99
0.405465108108164,0.440652235711437,0.0198112229207703,0.440980556747434,0.0197172681757929,0.00032832103599667,"continuous","negbin","continuous_negbin_tlog1p5",100
0.693147180559945,0.67197781630927,0.0200144936365712,0.672290418791982,0.0204027230170811,0.000312602482712587,"continuous","poisson","continuous_poisson_tlog2",1
0.693147180559945,0.704028367681882,0.0209869984533199,0.70379665377954,0.0205710040455829,-0.000231713902342556,"continuous","poisson","continuous_poisson_tlog2",2
0.693147180559945,0.709739709676538,0.0216245035168339,0.708470373580677,0.021535518214495,-0.00126933609586177,"continuous","poisson","continuous_poisson_tlog2",3
0.693147180559945,0.704408804487758,0.0193399939381514,0.702651973356937,0.0192489599405192,-0.00175683113082037,"continuous","poisson","continuous_poisson_tlog2",4
0.693147180559945,0.676476697234533,0.0230780774237842,0.676757374527679,0.023081172741068,0.000280677293145959,"continuous","poisson","continuous_poisson_tlog2",5
0.693147180559945,0.723060065835189,0.0202986272505036,0.723312685988584,0.0204067416573677,0.000252620153395444,"continuous","poisson","continuous_poisson_tlog2",6
0.693147180559945,0.710910984148934,0.0208809217561025,0.710126699937198,0.0210301538574101,-0.000784284211736264,"continuous","poisson","continuous_poisson_tlog2",7
0.693147180559945,0.680935389078423,0.0209099481063754,0.683436795068323,0.0207636128952141,0.0025014059898999,"continuous","poisson","continuous_poisson_tlog2",8
0.693147180559945,0.68185067012796,0.0209010273148517,0.682670337818399,0.0210446296300141,0.000819667690438619,"continuous","poisson","continuous_poisson_tlog2",9
0.693147180559945,0.701021371049863,0.0194410306469533,0.700986085589373,0.0194020933493525,-3.52854604895869e-05,"continuous","poisson","continuous_poisson_tlog2",10
0.693147180559945,0.692543270554454,0.0220612601987426,0.692529784211476,0.0221507476655236,-1.34863429773757e-05,"continuous","poisson","continuous_poisson_tlog2",11
0.693147180559945,0.741533014930694,0.0205436482163782,0.744121387026772,0.0206679556559559,0.00258837209607798,"continuous","poisson","continuous_poisson_tlog2",12
0.693147180559945,0.714664562402961,0.022856774731186,0.714578081020166,0.0230419064377473,-8.64813827947675e-05,"continuous","poisson","continuous_poisson_tlog2",13
0.693147180559945,0.722425955798219,0.0216580317511108,0.722493817678775,0.0215309412883944,6.78618805556308e-05,"continuous","poisson","continuous_poisson_tlog2",14
0.693147180559945,0.685287500577376,0.0200761488283948,0.682432517430013,0.0201017723829115,-0.00285498314736388,"continuous","poisson","continuous_poisson_tlog2",15
0.693147180559945,0.678386663446064,0.0216291953826208,0.680169355149434,0.0217900462432552,0.00178269170336953,"continuous","poisson","continuous_poisson_tlog2",16
0.693147180559945,0.684395111968548,0.0236353112481448,0.685639031613293,0.0236163931028439,0.00124391964474468,"continuous","poisson","continuous_poisson_tlog2",17
0.693147180559945,0.651947276003636,0.0219652990758,0.65013496545431,0.0220825582457955,-0.0018123105493254,"continuous","poisson","continuous_poisson_tlog2",18
0.693147180559945,0.718343981865476,0.018707842896219,0.72064904216058,0.0187933853718448,0.00230506029510402,"continuous","poisson","continuous_poisson_tlog2",19
0.693147180559945,0.68113298866201,0.0201586178730901,0.680916997767797,0.020039119142109,-0.000215990894213758,"continuous","poisson","continuous_poisson_tlog2",20
0.693147180559945,0.70805414418557,0.0230568647932427,0.708808106442998,0.0231500338787565,0.000753962257427965,"continuous","poisson","continuous_poisson_tlog2",21
0.693147180559945,0.667381879539498,0.0231993291163777,0.667511045884904,0.0232475568861551,0.000129166345406051,"continuous","poisson","continuous_poisson_tlog2",22
0.693147180559945,0.682170356148586,0.0201506844813137,0.679308826904016,0.0198743157699861,-0.00286152924457017,"continuous","poisson","continuous_poisson_tlog2",23
0.693147180559945,0.686355763604485,0.0199665946749017,0.686350296151526,0.0202328189743248,-5.46745295826323e-06,"continuous","poisson","continuous_poisson_tlog2",24
0.693147180559945,0.707787031168884,0.0233937535658483,0.706971958166223,0.0230629684521552,-0.000815073002660482,"continuous","poisson","continuous_poisson_tlog2",25
0.693147180559945,0.731857558187516,0.0213269684774176,0.730100580140499,0.0217078785922707,-0.00175697804701735,"continuous","poisson","continuous_poisson_tlog2",26
0.693147180559945,0.690517957159353,0.0202469696374116,0.690824400270552,0.020473862670106,0.000306443111198318,"continuous","poisson","continuous_poisson_tlog2",27
0.693147180559945,0.674551645227388,0.0223439688723353,0.676474185206101,0.022236536856049,0.00192253997871328,"continuous","poisson","continuous_poisson_tlog2",28
0.693147180559945,0.718988367892485,0.0233844864375343,0.717968936653051,0.0235106006453213,-0.00101943123943382,"continuous","poisson","continuous_poisson_tlog2",29
0.693147180559945,0.703686573859523,0.0196222696556143,0.70449781987432,0.0195585654331139,0.000811246014797318,"continuous","poisson","continuous_poisson_tlog2",30
0.693147180559945,0.712387965690059,0.018932252454407,0.708954857017291,0.019171053324136,-0.00343310867276814,"continuous","poisson","continuous_poisson_tlog2",31
0.693147180559945,0.681531422844772,0.0203066025017005,0.682071516318782,0.0204561089225469,0.000540093474009962,"continuous","poisson","continuous_poisson_tlog2",32
0.693147180559945,0.72986167686101,0.0175398083159806,0.7287598845594,0.0177054322862738,-0.001101792301611,"continuous","poisson","continuous_poisson_tlog2",33
0.693147180559945,0.674509848342895,0.0215779238579215,0.674558239036743,0.0213661514735447,4.83906938480994e-05,"continuous","poisson","continuous_poisson_tlog2",34
0.693147180559945,0.688446988035085,0.0202342286151821,0.690485909028762,0.0202392067009961,0.00203892099367697,"continuous","poisson","continuous_poisson_tlog2",35
0.693147180559945,0.670548890854522,0.0215401440799253,0.670000410367452,0.0216757781703138,-0.000548480487070124,"continuous","poisson","continuous_poisson_tlog2",36
0.693147180559945,0.691295693038044,0.0218071168005394,0.690751322023909,0.0218619777414173,-0.000544371014135403,"continuous","poisson","continuous_poisson_tlog2",37
0.693147180559945,0.697341469366263,0.0206635772271917,0.697703211389472,0.0207603367781012,0.000361742023208822,"continuous","poisson","continuous_poisson_tlog2",38
0.693147180559945,0.70380698663871,0.0214792105847797,0.702850280107603,0.0216739692717251,-0.000956706531106577,"continuous","poisson","continuous_poisson_tlog2",39
0.693147180559945,0.70540281717123,0.0205204662109212,0.704546118178951,0.0203445642346092,-0.000856698992278471,"continuous","poisson","continuous_poisson_tlog2",40
0.693147180559945,0.677866822575469,0.0229316031232812,0.678270183920758,0.0231050950617924,0.000403361345289621,"continuous","poisson","continuous_poisson_tlog2",41
0.693147180559945,0.711907441146558,0.0199232415107491,0.712345734868487,0.0202825831703017,0.000438293721928718,"continuous","poisson","continuous_poisson_tlog2",42
0.693147180559945,0.723804365590935,0.0242581101746665,0.724575482904463,0.0240448887010156,0.000771117313528302,"continuous","poisson","continuous_poisson_tlog2",43
0.693147180559945,0.69017954070004,0.0222457222269852,0.690438417255118,0.0222702451123762,0.000258876555078058,"continuous","poisson","continuous_poisson_tlog2",44
0.693147180559945,0.683580051663632,0.0197076561699017,0.68053479853086,0.0196553343795523,-0.0030452531327716,"continuous","poisson","continuous_poisson_tlog2",45
0.693147180559945,0.716225044523034,0.023563326039247,0.715804988877809,0.0236053782978744,-0.000420055645225181,"continuous","poisson","continuous_poisson_tlog2",46
0.693147180559945,0.674233673018721,0.0209471139155266,0.675505933525595,0.0209855908285614,0.00127226050687457,"continuous","poisson","continuous_poisson_tlog2",47
0.693147180559945,0.663293497319511,0.0211266412831683,0.663259339835541,0.0210608923855794,-3.41574839698433e-05,"continuous","poisson","continuous_poisson_tlog2",48
0.693147180559945,0.720930892399317,0.0214027073660991,0.721106947865194,0.0212652118406287,0.000176055465877178,"continuous","poisson","continuous_poisson_tlog2",49
0.693147180559945,0.685497240498288,0.0219205234836749,0.684703949971487,0.0221220355485396,-0.000793290526800994,"continuous","poisson","continuous_poisson_tlog2",50
0.693147180559945,0.697502639300873,0.0222502781815059,0.697242326275187,0.0223587827371095,-0.000260313025686187,"continuous","poisson","continuous_poisson_tlog2",51
0.693147180559945,0.72195902402412,0.0192512665881913,0.721469040666823,0.0191358978672237,-0.000489983357296331,"continuous","poisson","continuous_poisson_tlog2",52
0.693147180559945,0.670699042663131,0.0181586629656383,0.67090781135966,0.0181990255500978,0.000208768696529193,"continuous","poisson","continuous_poisson_tlog2",53
0.693147180559945,0.704645198524586,0.0195998546531211,0.70547860084192,0.0196813273886025,0.000833402317333753,"continuous","poisson","continuous_poisson_tlog2",54
0.693147180559945,0.702031679841363,0.0231770771592188,0.698920290599133,0.0232548732468943,-0.0031113892422302,"continuous","poisson","continuous_poisson_tlog2",55
0.693147180559945,0.680361316358855,0.023729009073304,0.679440765574886,0.0240907040094636,-0.000920550783969465,"continuous","poisson","continuous_poisson_tlog2",56
0.693147180559945,0.707203369811747,0.0208146671124945,0.710247031071253,0.0207492624935335,0.0030436612595055,"continuous","poisson","continuous_poisson_tlog2",57
0.693147180559945,0.688440499834931,0.023260688268732,0.687174796596149,0.0235792996419615,-0.00126570323878217,"continuous","poisson","continuous_poisson_tlog2",58
0.693147180559945,0.726142380188185,0.023637121974785,0.725445048203061,0.023810152492043,-0.000697331985123562,"continuous","poisson","continuous_poisson_tlog2",59
0.693147180559945,0.674646518070722,0.0193796594013621,0.676434540634186,0.0194476017702844,0.001788022563464,"continuous","poisson","continuous_poisson_tlog2",60
0.693147180559945,0.732723937317388,0.0239437389327713,0.735227910223005,0.0238317794483063,0.00250397290561621,"continuous","poisson","continuous_poisson_tlog2",61
0.693147180559945,0.67554832453257,0.0206528138171717,0.674418912878255,0.0207369100000378,-0.00112941165431513,"continuous","poisson","continuous_poisson_tlog2",62
0.693147180559945,0.688528263063138,0.0224068787616647,0.688633516913016,0.0227266118464546,0.00010525384987814,"continuous","poisson","continuous_poisson_tlog2",63
0.693147180559945,0.680408036809762,0.0212049854545073,0.679579933991249,0.021500862961938,-0.000828102818512977,"continuous","poisson","continuous_poisson_tlog2",64
0.693147180559945,0.705986203478861,0.0201449968265323,0.706095668106486,0.0200746740641089,0.000109464627624734,"continuous","poisson","continuous_poisson_tlog2",65
0.693147180559945,0.649236954694521,0.024260113508041,0.648712076846713,0.0242915120018738,-0.000524877847807526,"continuous","poisson","continuous_poisson_tlog2",66
0.693147180559945,0.709857527199104,0.021694999136793,0.709017647437105,0.021692706019075,-0.000839879761998286,"continuous","poisson","continuous_poisson_tlog2",67
0.693147180559945,0.694936743094715,0.0201267421791588,0.696216866721761,0.0201035227091684,0.00128012362704588,"continuous","poisson","continuous_poisson_tlog2",68
0.693147180559945,0.673965755158335,0.0216782665443255,0.673945397926399,0.0216807056846122,-2.03572319361633e-05,"continuous","poisson","continuous_poisson_tlog2",69
0.693147180559945,0.720130995297793,0.0177722895387058,0.71694551569205,0.0179892455401947,-0.00318547960574322,"continuous","poisson","continuous_poisson_tlog2",70
0.693147180559945,0.668210354570775,0.0227607742270651,0.668550665518675,0.0227327481591878,0.000340310947900324,"continuous","poisson","continuous_poisson_tlog2",71
0.693147180559945,0.692011923244004,0.0203558355042515,0.691869501036547,0.0201137257987075,-0.00014242220745686,"continuous","poisson","continuous_poisson_tlog2",72
0.693147180559945,0.704039147201603,0.0205048404432655,0.703616819449834,0.020665495298674,-0.000422327751768092,"continuous","poisson","continuous_poisson_tlog2",73
0.693147180559945,0.710058959144585,0.0194701974837761,0.708367701788752,0.0195764694623441,-0.00169125735583309,"continuous","poisson","continuous_poisson_tlog2",74
0.693147180559945,0.687590748212491,0.0204461693031767,0.685919597434298,0.0202077618680411,-0.00167115077819313,"continuous","poisson","continuous_poisson_tlog2",75
0.693147180559945,0.683975726514058,0.0200318355546857,0.681922532674049,0.0198988545442537,-0.00205319384000924,"continuous","poisson","continuous_poisson_tlog2",76
0.693147180559945,0.707502753499976,0.0208711302537642,0.70520542978279,0.0209785552428688,-0.00229732371718649,"continuous","poisson","continuous_poisson_tlog2",77
0.693147180559945,0.685258042106448,0.0195144908556626,0.68810977432125,0.0196883793781001,0.00285173221480273,"continuous","poisson","continuous_poisson_tlog2",78
0.693147180559945,0.722292558496333,0.0181052381044764,0.721530141934818,0.0181804616902619,-0.000762416561514656,"continuous","poisson","continuous_poisson_tlog2",79
0.693147180559945,0.668106003014229,0.0217476275516573,0.666707695100085,0.021896342088408,-0.00139830791414386,"continuous","poisson","continuous_poisson_tlog2",80
0.693147180559945,0.72864881764905,0.0191210591445838,0.728150664298294,0.0192326107745767,-0.000498153350756536,"continuous","poisson","continuous_poisson_tlog2",81
0.693147180559945,0.688919927409326,0.0226237885228422,0.687205067492795,0.0229033676580286,-0.0017148599165302,"continuous","poisson","continuous_poisson_tlog2",82
0.693147180559945,0.672529341616642,0.0219855272880862,0.673709549835942,0.0221357905181216,0.00118020821929921,"continuous","poisson","continuous_poisson_tlog2",83
0.693147180559945,0.667435254080517,0.0235089335971099,0.667755735290978,0.0236061229602007,0.000320481210460688,"continuous","poisson","continuous_poisson_tlog2",84
0.693147180559945,0.693215227125616,0.0209845567583622,0.695366867244808,0.0212967973259367,0.00215164011919222,"continuous","poisson","continuous_poisson_tlog2",85
0.693147180559945,0.70957840972608,0.0262314087666675,0.711839907876392,0.0264059577781522,0.00226149815031229,"continuous","poisson","continuous_poisson_tlog2",86
0.693147180559945,0.70023534195465,0.0203383163532949,0.699173222306671,0.0204339666142205,-0.00106211964797853,"continuous","poisson","continuous_poisson_tlog2",87
0.693147180559945,0.704934695459735,0.0206802099230056,0.704834978369885,0.0208884355777451,-9.97170898499045e-05,"continuous","poisson","continuous_poisson_tlog2",88
0.693147180559945,0.710210412584897,0.0189320130000359,0.711908541673231,0.0193562814916468,0.001698129088334,"continuous","poisson","continuous_poisson_tlog2",89
0.693147180559945,0.682167247615597,0.0195347993894561,0.67921324345701,0.0196321874329137,-0.00295400415858649,"continuous","poisson","continuous_poisson_tlog2",90
0.693147180559945,0.706869575063862,0.0191260254092483,0.708812568100975,0.0193766206846663,0.00194299303711365,"continuous","poisson","continuous_poisson_tlog2",91
0.693147180559945,0.668735101411028,0.0226573940863587,0.667960459027768,0.0226625017107071,-0.000774642383259194,"continuous","poisson","continuous_poisson_tlog2",92
0.693147180559945,0.671475941081097,0.0225655523379438,0.669761481311063,0.0225068798987603,-0.00171445977003437,"continuous","poisson","continuous_poisson_tlog2",93
0.693147180559945,0.687316874693231,0.0225500842711392,0.687371900398988,0.0226263699600612,5.50257057573278e-05,"continuous","poisson","continuous_poisson_tlog2",94
0.693147180559945,0.685250573287829,0.0226770884083396,0.681694563545341,0.0225730670552559,-0.00355600974248793,"continuous","poisson","continuous_poisson_tlog2",95
0.693147180559945,0.714708956785936,0.0242855173523541,0.709644797255547,0.0241618165099759,-0.00506415953038941,"continuous","poisson","continuous_poisson_tlog2",96
0.693147180559945,0.670510832973046,0.0232905860567781,0.666220219488632,0.0232826977369686,-0.00429061348441473,"continuous","poisson","continuous_poisson_tlog2",97
0.693147180559945,0.694592071411867,0.0212814631556434,0.694975765433627,0.0213696712430076,0.000383694021760306,"continuous","poisson","continuous_poisson_tlog2",98
0.693147180559945,0.671590304546206,0.0207524060004138,0.670073590632679,0.0207411381462837,-0.00151671391352737,"continuous","poisson","continuous_poisson_tlog2",99
0.693147180559945,0.687690472632362,0.0245025721400411,0.687547153883323,0.0244678042522401,-0.000143318749038168,"continuous","poisson","continuous_poisson_tlog2",100
0.693147180559945,0.693210235692167,0.020319738676831,0.692932550543266,0.0203847503369358,-0.000277685148900919,"continuous","negbin","continuous_negbin_tlog2",1
0.693147180559945,0.682055988198668,0.019761307067578,0.681471794122806,0.0200625658086707,-0.000584194075861966,"continuous","negbin","continuous_negbin_tlog2",2
0.693147180559945,0.665997652220532,0.0220962249121018,0.667954058503116,0.0220633112337301,0.00195640628258464,"continuous","negbin","continuous_negbin_tlog2",3
0.693147180559945,0.719191820311294,0.0197863993033422,0.71807021268939,0.0198403846736765,-0.0011216076219035,"continuous","negbin","continuous_negbin_tlog2",4
0.693147180559945,0.679858487284418,0.0220327094393082,0.68202152778695,0.0220924063487045,0.0021630405025318,"continuous","negbin","continuous_negbin_tlog2",5
0.693147180559945,0.69011909134729,0.0250157422931503,0.691609223417233,0.0250459267279529,0.0014901320699432,"continuous","negbin","continuous_negbin_tlog2",6
0.693147180559945,0.693645234844906,0.0225158582938398,0.693728719928742,0.0225048417403835,8.34850838352663e-05,"continuous","negbin","continuous_negbin_tlog2",7
0.693147180559945,0.745021012611336,0.0210871812523587,0.745673651030114,0.0212437205503844,0.000652638418778717,"continuous","negbin","continuous_negbin_tlog2",8
0.693147180559945,0.666266621384124,0.0212742518738534,0.665928506007036,0.0211386646400093,-0.000338115377088388,"continuous","negbin","continuous_negbin_tlog2",9
0.693147180559945,0.685985875711285,0.0214000840742096,0.685806941162646,0.0214667092435753,-0.000178934548638265,"continuous","negbin","continuous_negbin_tlog2",10
0.693147180559945,0.714500029952679,0.0197137027007331,0.715285302967588,0.0199604041788789,0.000785273014909493,"continuous","negbin","continuous_negbin_tlog2",11
0.693147180559945,0.680970537265406,0.0212844368097948,0.680487278476268,0.0208944034239946,-0.000483258789138463,"continuous","negbin","continuous_negbin_tlog2",12
0.693147180559945,0.694861289118976,0.0245220220300553,0.69589576708702,0.0245640004404698,0.00103447796804357,"continuous","negbin","continuous_negbin_tlog2",13
0.693147180559945,0.684656215097208,0.0244853520017103,0.686108787910354,0.0243926739157505,0.00145257281314615,"continuous","negbin","continuous_negbin_tlog2",14
0.693147180559945,0.679802684476063,0.0191491793690557,0.682362768936265,0.0190981684867208,0.00256008446020217,"continuous","negbin","continuous_negbin_tlog2",15
0.693147180559945,0.686518694568842,0.0234061060183299,0.689407166183038,0.0234535463124377,0.00288847161419603,"continuous","negbin","continuous_negbin_tlog2",16
0.693147180559945,0.647832436300818,0.0202715661355067,0.649510908697344,0.0203011679758567,0.00167847239652608,"continuous","negbin","continuous_negbin_tlog2",17
0.693147180559945,0.680763437008997,0.0207937523545798,0.68078879439943,0.0208139741570392,2.53573904336335e-05,"continuous","negbin","continuous_negbin_tlog2",18
0.693147180559945,0.694350398371913,0.0190201111495369,0.693922929412433,0.0189775067115062,-0.00042746895947976,"continuous","negbin","continuous_negbin_tlog2",19
0.693147180559945,0.70358298263975,0.0199461848806288,0.70194983882935,0.0200966907936895,-0.00163314381039958,"continuous","negbin","continuous_negbin_tlog2",20
0.693147180559945,0.712452441293232,0.0231149296398167,0.712128423184782,0.0229272874763685,-0.00032401810845073,"continuous","negbin","continuous_negbin_tlog2",21
0.693147180559945,0.689141377612824,0.0220937958851889,0.689079970844762,0.0221156543523866,-6.14067680616559e-05,"continuous","negbin","continuous_negbin_tlog2",22
0.693147180559945,0.676974210606843,0.018554733913105,0.679407217156655,0.0189525428404184,0.00243300654981149,"continuous","negbin","continuous_negbin_tlog2",23
0.693147180559945,0.696805657684302,0.0208973995551222,0.696389245346539,0.0207586250698571,-0.000416412337762684,"continuous","negbin","continuous_negbin_tlog2",24
0.693147180559945,0.660677971360007,0.0232228714322215,0.6568083246848,0.0235229396808281,-0.00386964667520706,"continuous","negbin","continuous_negbin_tlog2",25
0.693147180559945,0.695174345126773,0.0164778840909463,0.693034676881644,0.0165921407432114,-0.00213966824512901,"continuous","negbin","continuous_negbin_tlog2",26
0.693147180559945,0.673621518926816,0.0205739220782571,0.672784948812067,0.0204175688461396,-0.000836570114749247,"continuous","negbin","continuous_negbin_tlog2",27
0.693147180559945,0.757882687865265,0.0180859349183917,0.759188912782934,0.0181210738960007,0.00130622491766852,"continuous","negbin","continuous_negbin_tlog2",28
0.693147180559945,0.659262046552878,0.0219522029857746,0.659209375637649,0.0221559614756227,-5.26709152287586e-05,"continuous","negbin","continuous_negbin_tlog2",29
0.693147180559945,0.674455833733326,0.0201439568975298,0.6745910784552,0.0202099995261885,0.000135244721874206,"continuous","negbin","continuous_negbin_tlog2",30
0.693147180559945,0.676940670511328,0.0201846249040504,0.673871553248792,0.0203371513156302,-0.00306911726253634,"continuous","negbin","continuous_negbin_tlog2",31
0.693147180559945,0.702602261952694,0.0194028154190591,0.700769755351581,0.0194583631829342,-0.00183250660111312,"continuous","negbin","continuous_negbin_tlog2",32
0.693147180559945,0.690503986775352,0.0194982477159476,0.688331411486021,0.0195321095382711,-0.00217257528933024,"continuous","negbin","continuous_negbin_tlog2",33
0.693147180559945,0.708313319612882,0.0215857101229309,0.705916674457889,0.0215742885174085,-0.00239664515499283,"continuous","negbin","continuous_negbin_tlog2",34
0.693147180559945,0.693301950411208,0.0207871875997425,0.692528651190808,0.0208770348667671,-0.000773299220399704,"continuous","negbin","continuous_negbin_tlog2",35
0.693147180559945,0.672077633691734,0.0211264866080422,0.671170218929334,0.0211303020783415,-0.000907414762399861,"continuous","negbin","continuous_negbin_tlog2",36
0.693147180559945,0.697240086499094,0.02167972048124,0.698457821739168,0.021950158133344,0.00121773524007429,"continuous","negbin","continuous_negbin_tlog2",37
0.693147180559945,0.712350949404585,0.0195181568391724,0.713778144096499,0.019316065057177,0.00142719469191355,"continuous","negbin","continuous_negbin_tlog2",38
0.693147180559945,0.700312591149504,0.0232531547488223,0.701325278805058,0.0231336481468061,0.00101268765555373,"continuous","negbin","continuous_negbin_tlog2",39
0.693147180559945,0.726019610439592,0.0218049837946609,0.723627007466754,0.0218017982196703,-0.00239260297283805,"continuous","negbin","continuous_negbin_tlog2",40
0.693147180559945,0.699045639274477,0.0216950634838212,0.697906372414541,0.0219533917256053,-0.00113926685993659,"continuous","negbin","continuous_negbin_tlog2",41
0.693147180559945,0.684668675516705,0.0233064705752936,0.68734171256732,0.0235536648815525,0.00267303705061506,"continuous","negbin","continuous_negbin_tlog2",42
0.693147180559945,0.742213573558635,0.0202961054860749,0.742931497065934,0.0204704096506608,0.000717923507298934,"continuous","negbin","continuous_negbin_tlog2",43
0.693147180559945,0.707462729745447,0.0230606660559375,0.70774770385831,0.0233817539710454,0.000284974112863434,"continuous","negbin","continuous_negbin_tlog2",44
0.693147180559945,0.657076932937813,0.0182116057742757,0.657689282493547,0.0181672899447751,0.000612349555733083,"continuous","negbin","continuous_negbin_tlog2",45
0.693147180559945,0.674416181727126,0.020781687456373,0.67585996598819,0.0207686667945111,0.00144378426106417,"continuous","negbin","continuous_negbin_tlog2",46
0.693147180559945,0.708902390461586,0.023249702642591,0.709331864146411,0.0233482870943099,0.000429473684825599,"continuous","negbin","continuous_negbin_tlog2",47
0.693147180559945,0.672203167029517,0.0230173836869367,0.670059071515878,0.0232302296622089,-0.00214409551363881,"continuous","negbin","continuous_negbin_tlog2",48
0.693147180559945,0.68598062677188,0.0213939211875823,0.685186374528117,0.0215462598290903,-0.000794252243763283,"continuous","negbin","continuous_negbin_tlog2",49
0.693147180559945,0.693497181874682,0.0202468214673117,0.695520447168669,0.0201959119871368,0.00202326529398733,"continuous","negbin","continuous_negbin_tlog2",50
0.693147180559945,0.679143884514622,0.0204284752653272,0.678829141297301,0.0204217391916154,-0.0003147432173215,"continuous","negbin","continuous_negbin_tlog2",51
0.693147180559945,0.651100284691425,0.0227067731415477,0.651532439080011,0.0230021093257184,0.000432154388585793,"continuous","negbin","continuous_negbin_tlog2",52
0.693147180559945,0.693575497969243,0.0226869090455667,0.694762919662786,0.0229188028013411,0.0011874216935428,"continuous","negbin","continuous_negbin_tlog2",53
0.693147180559945,0.712467600166994,0.0199195173811837,0.712790718585935,0.0200921776725784,0.000323118418941837,"continuous","negbin","continuous_negbin_tlog2",54
0.693147180559945,0.686534610176417,0.0220208226517942,0.68832223150454,0.0218611197444124,0.00178762132812316,"continuous","negbin","continuous_negbin_tlog2",55
0.693147180559945,0.730534571316495,0.022728730788043,0.731870223539243,0.0229288649467747,0.00133565222274823,"continuous","negbin","continuous_negbin_tlog2",56
0.693147180559945,0.695360720981346,0.0208116588912044,0.693863325838528,0.0208523335583365,-0.00149739514281844,"continuous","negbin","continuous_negbin_tlog2",57
0.693147180559945,0.692894289137385,0.0211297978495641,0.691311788791986,0.0211454858445856,-0.00158250034539908,"continuous","negbin","continuous_negbin_tlog2",58
0.693147180559945,0.707301379376379,0.0189481972661657,0.705435100016813,0.018725753304502,-0.00186627935956651,"continuous","negbin","continuous_negbin_tlog2",59
0.693147180559945,0.681073753932409,0.0205807158225553,0.680812446258396,0.0205769884462654,-0.000261307674012778,"continuous","negbin","continuous_negbin_tlog2",60
0.693147180559945,0.704451217904405,0.0237816032713534,0.701884871161197,0.0240356070497438,-0.00256634674320799,"continuous","negbin","continuous_negbin_tlog2",61
0.693147180559945,0.692161120114286,0.0221671716603007,0.690449849004409,0.0223983164748153,-0.00171127110987745,"continuous","negbin","continuous_negbin_tlog2",62
0.693147180559945,0.696862085446354,0.0215792372865786,0.694435266920338,0.0214938809845887,-0.00242681852601578,"continuous","negbin","continuous_negbin_tlog2",63
0.693147180559945,0.691470548126954,0.0196963431313467,0.68921598758707,0.019707619926504,-0.00225456053988382,"continuous","negbin","continuous_negbin_tlog2",64
0.693147180559945,0.718384334623838,0.0212873726457405,0.719400646406124,0.0211936177705867,0.00101631178228612,"continuous","negbin","continuous_negbin_tlog2",65
0.693147180559945,0.642809667981216,0.0205395240636582,0.639543807980089,0.0206241354368705,-0.00326586000112694,"continuous","negbin","continuous_negbin_tlog2",66
0.693147180559945,0.693864038026267,0.0178797926222405,0.695262049349663,0.0183692035538458,0.00139801132339545,"continuous","negbin","continuous_negbin_tlog2",67
0.693147180559945,0.694444982763418,0.0201661811667832,0.693069723445399,0.0204494580907455,-0.00137525931801918,"continuous","negbin","continuous_negbin_tlog2",68
0.693147180559945,0.7067894811326,0.0201730856208824,0.706901675485561,0.0205285296816697,0.000112194352961059,"continuous","negbin","continuous_negbin_tlog2",69
0.693147180559945,0.714067772938379,0.0202941556055902,0.710258293107631,0.0204833380308431,-0.00380947983074875,"continuous","negbin","continuous_negbin_tlog2",70
0.693147180559945,0.692622143922079,0.0240460052592895,0.691871622774909,0.0240760932132706,-0.000750521147169669,"continuous","negbin","continuous_negbin_tlog2",71
0.693147180559945,0.689720636865155,0.0188879936839962,0.692494415863196,0.0189433170889375,0.00277377899804121,"continuous","negbin","continuous_negbin_tlog2",72
0.693147180559945,0.697353647865219,0.0211216263154059,0.697073540630289,0.020909517747241,-0.000280107234929772,"continuous","negbin","continuous_negbin_tlog2",73
0.693147180559945,0.704385497304738,0.0222900550578602,0.705735524104095,0.022382244735866,0.00135002679935725,"continuous","negbin","continuous_negbin_tlog2",74
0.693147180559945,0.681562735069175,0.0204690370864093,0.681029704025804,0.0204489042982037,-0.000533031043370991,"continuous","negbin","continuous_negbin_tlog2",75
0.693147180559945,0.704832016251261,0.0245832466304354,0.701988072992427,0.0244080283574144,-0.00284394325883441,"continuous","negbin","continuous_negbin_tlog2",76
0.693147180559945,0.664953296954389,0.0231329597124471,0.666537675404791,0.0231706602221112,0.00158437845040127,"continuous","negbin","continuous_negbin_tlog2",77
0.693147180559945,0.688094126622475,0.0223941457296491,0.689221105840239,0.0227394507653466,0.00112697921776317,"continuous","negbin","continuous_negbin_tlog2",78
0.693147180559945,0.726271230595957,0.0182817042768476,0.726606960426893,0.018301637895692,0.000335729830936549,"continuous","negbin","continuous_negbin_tlog2",79
0.693147180559945,0.678349217166701,0.0183127286865249,0.677739709641883,0.0182941971221861,-0.000609507524817587,"continuous","negbin","continuous_negbin_tlog2",80
0.693147180559945,0.703203163188617,0.0219973450004091,0.704218749048935,0.0221122059014749,0.00101558586031791,"continuous","negbin","continuous_negbin_tlog2",81
0.693147180559945,0.699416146336535,0.019330554537053,0.701965306325517,0.0196581483303561,0.00254915998898197,"continuous","negbin","continuous_negbin_tlog2",82
0.693147180559945,0.697107874763237,0.0213543019392722,0.696946043936439,0.0213628897249717,-0.000161830826798215,"continuous","negbin","continuous_negbin_tlog2",83
0.693147180559945,0.673516888523536,0.0225971270274709,0.672426254002263,0.0226005726096327,-0.00109063452127356,"continuous","negbin","continuous_negbin_tlog2",84
0.693147180559945,0.692231394346154,0.019284458117665,0.690833477978736,0.0195380229280855,-0.00139791636741782,"continuous","negbin","continuous_negbin_tlog2",85
0.693147180559945,0.719761872496498,0.0225378938269018,0.719665307547722,0.0227042704390272,-9.65649487760789e-05,"continuous","negbin","continuous_negbin_tlog2",86
0.693147180559945,0.721528126670346,0.0222475175430554,0.723506465770666,0.0224217256791992,0.00197833910031986,"continuous","negbin","continuous_negbin_tlog2",87
0.693147180559945,0.674776454147616,0.0229535975327014,0.673941768765938,0.0231328968344485,-0.000834685381677303,"continuous","negbin","continuous_negbin_tlog2",88
0.693147180559945,0.689789464267373,0.019036789785834,0.689965268764558,0.018997944957738,0.000175804497184795,"continuous","negbin","continuous_negbin_tlog2",89
0.693147180559945,0.680776854502404,0.0240988458823991,0.678694472311495,0.0242296846945647,-0.00208238219090973,"continuous","negbin","continuous_negbin_tlog2",90
0.693147180559945,0.668306824711859,0.0204961789038507,0.666871293107167,0.0205615134438007,-0.00143553160469179,"continuous","negbin","continuous_negbin_tlog2",91
0.693147180559945,0.682873885702403,0.0207000558224028,0.684373735788186,0.0205189129018846,0.00149985008578291,"continuous","negbin","continuous_negbin_tlog2",92
0.693147180559945,0.72113070143308,0.0225417938467873,0.717808410854892,0.0227550782553168,-0.00332229057818845,"continuous","negbin","continuous_negbin_tlog2",93
0.693147180559945,0.684483874511653,0.0204868592868668,0.683671318626484,0.0206099420243929,-0.000812555885169264,"continuous","negbin","continuous_negbin_tlog2",94
0.693147180559945,0.709325580199751,0.0198678089816794,0.70729725002736,0.0199025243026794,-0.00202833017239068,"continuous","negbin","continuous_negbin_tlog2",95
0.693147180559945,0.667195081017832,0.0204267373289798,0.667389285776017,0.0205425196231544,0.000194204758185657,"continuous","negbin","continuous_negbin_tlog2",96
0.693147180559945,0.682362021887193,0.0209673199957841,0.684088566743281,0.021075657500645,0.00172654485608847,"continuous","negbin","continuous_negbin_tlog2",97
0.693147180559945,0.686853858543735,0.0212610547838388,0.687874964888882,0.0214149752912968,0.00102110634514618,"continuous","negbin","continuous_negbin_tlog2",98
0.693147180559945,0.722641057697694,0.0217186643422638,0.722927077582932,0.0216738307957719,0.000286019885237909,"continuous","negbin","continuous_negbin_tlog2",99
0.693147180559945,0.670470015828906,0.0209559477535381,0.671637857743301,0.0214164286640224,0.00116784191439456,"continuous","negbin","continuous_negbin_tlog2",100
0.693147180559945,0.683710644674274,0.047766780731173,0.684256195880431,0.0478322677208172,0.000545551206156847,"binary","poisson","binary_poisson_tlog2",1
0.693147180559945,0.677740232281894,0.0566478359912134,0.67815530314801,0.0565398994095369,0.000415070866115141,"binary","poisson","binary_poisson_tlog2",2
0.693147180559945,0.611637095626646,0.0527690150626254,0.611548057245231,0.0530549359344691,-8.90383814148299e-05,"binary","poisson","binary_poisson_tlog2",3
0.693147180559945,0.678640447685401,0.0514750632242657,0.68200285271973,0.051999406986013,0.00336240503432883,"binary","poisson","binary_poisson_tlog2",4
0.693147180559945,0.790383501699996,0.0467533498464198,0.788747623562686,0.0466861931817649,-0.00163587813730981,"binary","poisson","binary_poisson_tlog2",5
0.693147180559945,0.598150469050929,0.0513048233450441,0.59904574046497,0.0515327448736142,0.000895271414041554,"binary","poisson","binary_poisson_tlog2",6
0.693147180559945,0.660081908514973,0.0490415067176242,0.657387497770111,0.0486670167142112,-0.00269441074486165,"binary","poisson","binary_poisson_tlog2",7
0.693147180559945,0.675111013863124,0.0476180056408327,0.675207116162603,0.0480311162436036,9.6102299479206e-05,"binary","poisson","binary_poisson_tlog2",8
0.693147180559945,0.664502350172825,0.0531462562020189,0.662242293509585,0.0536596642094858,-0.00226005666324058,"binary","poisson","binary_poisson_tlog2",9
0.693147180559945,0.691904118132773,0.051578184479498,0.692744360127438,0.0516202373321112,0.000840241994665369,"binary","poisson","binary_poisson_tlog2",10
0.693147180559945,0.700867144165045,0.0507425202978733,0.70090751273002,0.0510051795800882,4.03685649750241e-05,"binary","poisson","binary_poisson_tlog2",11
0.693147180559945,0.725113827778479,0.0475822882468164,0.718462745169236,0.0476530918174466,-0.00665108260924341,"binary","poisson","binary_poisson_tlog2",12
0.693147180559945,0.700212017398176,0.054058077047673,0.700350393428723,0.0541830424175825,0.000138376030546783,"binary","poisson","binary_poisson_tlog2",13
0.693147180559945,0.635506686329059,0.0556378924255678,0.638453529185854,0.0555456552894168,0.0029468428567957,"binary","poisson","binary_poisson_tlog2",14
0.693147180559945,0.744164571622021,0.0517327934667813,0.740856865952233,0.0512210881302331,-0.00330770566978777,"binary","poisson","binary_poisson_tlog2",15
0.693147180559945,0.623143426393942,0.0544640771954503,0.625904488386894,0.0541029331469095,0.00276106199295201,"binary","poisson","binary_poisson_tlog2",16
0.693147180559945,0.743578237062037,0.052926414974826,0.743376276295151,0.0528302949997922,-0.000201960766886389,"binary","poisson","binary_poisson_tlog2",17
0.693147180559945,0.757631176915442,0.0503416833687092,0.752005168841733,0.0502006308830183,-0.00562600807370905,"binary","poisson","binary_poisson_tlog2",18
0.693147180559945,0.638803705764613,0.0509061136020754,0.638109860532559,0.0506820790591201,-0.000693845232054069,"binary","poisson","binary_poisson_tlog2",19
0.693147180559945,0.724232415585477,0.0508909052466463,0.729219999837182,0.0510278630596868,0.00498758425170476,"binary","poisson","binary_poisson_tlog2",20
0.693147180559945,0.730643207003218,0.0473234302050521,0.731582728071717,0.0475087545836362,0.000939521068498705,"binary","poisson","binary_poisson_tlog2",21
0.693147180559945,0.752566954317125,0.0502044936834109,0.757469291758638,0.050323083341422,0.00490233744151258,"binary","poisson","binary_poisson_tlog2",22
0.693147180559945,0.791230555476451,0.0485731197293181,0.786544469980181,0.0488694345721597,-0.00468608549626937,"binary","poisson","binary_poisson_tlog2",23
0.693147180559945,0.641408801464465,0.0523127025544865,0.643059310807637,0.0523666395428885,0.00165050934317257,"binary","poisson","binary_poisson_tlog2",24
0.693147180559945,0.657585381307162,0.0531064762845552,0.658290403833605,0.0524781482431053,0.000705022526443333,"binary","poisson","binary_poisson_tlog2",25
0.693147180559945,0.701777581039875,0.0478896263301307,0.697693344848939,0.0482395004837014,-0.00408423619093601,"binary","poisson","binary_poisson_tlog2",26
0.693147180559945,0.715085352799664,0.0481775935304099,0.714321373315059,0.0484094272866937,-0.00076397948460527,"binary","poisson","binary_poisson_tlog2",27
0.693147180559945,0.709128437471984,0.0502035109469742,0.706050976265531,0.0500743756607097,-0.00307746120645369,"binary","poisson","binary_poisson_tlog2",28
0.693147180559945,0.748637582238814,0.0520519883627083,0.747180951941312,0.052235147022444,-0.00145663029750176,"binary","poisson","binary_poisson_tlog2",29
0.693147180559945,0.699848100477184,0.0507474404011058,0.69794661614895,0.0509553614668993,-0.00190148432823412,"binary","poisson","binary_poisson_tlog2",30
0.693147180559945,0.696235357731675,0.047979872492687,0.696702977402535,0.0480067049314902,0.000467619670860286,"binary","poisson","binary_poisson_tlog2",31
0.693147180559945,0.677989655318573,0.0487177537577585,0.676510978304199,0.0490734708920754,-0.0014786770143741,"binary","poisson","binary_poisson_tlog2",32
0.693147180559945,0.66705825571944,0.0594227766125297,0.667134415386271,0.059331425763356,7.61596668304998e-05,"binary","poisson","binary_poisson_tlog2",33
0.693147180559945,0.657434957445623,0.0512923516706996,0.656022158963615,0.0514560951905554,-0.00141279848200826,"binary","poisson","binary_poisson_tlog2",34
0.693147180559945,0.79268505053315,0.0458953561528714,0.79087499556504,0.0459983489945622,-0.00181005496811038,"binary","poisson","binary_poisson_tlog2",35
0.693147180559945,0.671669009994313,0.048096597971888,0.67540520672437,0.0481609171092862,0.00373619673005665,"binary","poisson","binary_poisson_tlog2",36
0.693147180559945,0.703138621729462,0.0549806824954752,0.705178900859514,0.0551911163902826,0.00204027913005267,"binary","poisson","binary_poisson_tlog2",37
0.693147180559945,0.707783911109393,0.0558097670104116,0.711025782395321,0.0555892280847036,0.0032418712859279,"binary","poisson","binary_poisson_tlog2",38
0.693147180559945,0.689931208287678,0.0535531064666601,0.694099871818702,0.0539228727382178,0.00416866353102452,"binary","poisson","binary_poisson_tlog2",39
0.693147180559945,0.850120002814108,0.0527461644827698,0.847051745234164,0.0526213960807575,-0.00306825757994345,"binary","poisson","binary_poisson_tlog2",40
0.693147180559945,0.759543642179756,0.0504397533202049,0.763619568277036,0.0504174145977148,0.0040759260972798,"binary","poisson","binary_poisson_tlog2",41
0.693147180559945,0.716565631272658,0.0469959867436444,0.713000095934721,0.0471327533718304,-0.00356553533793647,"binary","poisson","binary_poisson_tlog2",42
0.693147180559945,0.709620957036224,0.0559527459767965,0.712224290929181,0.0560861999795244,0.00260333389295686,"binary","poisson","binary_poisson_tlog2",43
0.693147180559945,0.603209769425033,0.0474846852565367,0.602754537268978,0.0471679738718824,-0.000455232156055141,"binary","poisson","binary_poisson_tlog2",44
0.693147180559945,0.671871028600808,0.0495819234492054,0.670336605279802,0.0495186444980951,-0.00153442332100651,"binary","poisson","binary_poisson_tlog2",45
0.693147180559945,0.541670553643848,0.0485406969388488,0.541974076889102,0.0490397841604729,0.000303523245253956,"binary","poisson","binary_poisson_tlog2",46
0.693147180559945,0.691211098454297,0.0491163458289789,0.68988085554117,0.0490250697683634,-0.00133024291312711,"binary","poisson","binary_poisson_tlog2",47
0.693147180559945,0.704168272350829,0.0514988836505751,0.70521437338556,0.0518789754600047,0.00104610103473024,"binary","poisson","binary_poisson_tlog2",48
0.693147180559945,0.630945335797795,0.0606600352121676,0.629163271576852,0.060349637861772,-0.00178206422094263,"binary","poisson","binary_poisson_tlog2",49
0.693147180559945,0.61335423458099,0.0510496481604505,0.611237418282597,0.0512338206332811,-0.00211681629839344,"binary","poisson","binary_poisson_tlog2",50
0.693147180559945,0.68901969511753,0.0515101294614915,0.68882507567977,0.0511605304179293,-0.000194619437760446,"binary","poisson","binary_poisson_tlog2",51
0.693147180559945,0.680123182201889,0.0432416522486194,0.680296108931995,0.0436621938823031,0.000172926730105272,"binary","poisson","binary_poisson_tlog2",52
0.693147180559945,0.702532665526317,0.0473266174590078,0.702008441562915,0.0479508783170641,-0.000524223963401904,"binary","poisson","binary_poisson_tlog2",53
0.693147180559945,0.611984631038757,0.0453749460846898,0.614081229022933,0.0458757243924402,0.00209659798417638,"binary","poisson","binary_poisson_tlog2",54
0.693147180559945,0.708018519962759,0.0448642059498772,0.710158509909172,0.0448783723888064,0.00213998994641285,"binary","poisson","binary_poisson_tlog2",55
0.693147180559945,0.784000269829133,0.0519106911831256,0.782762523204916,0.0515175006862246,-0.00123774662421772,"binary","poisson","binary_poisson_tlog2",56
0.693147180559945,0.650333808173501,0.0508455064364334,0.654073764906485,0.0511914371021684,0.003739956732984,"binary","poisson","binary_poisson_tlog2",57
0.693147180559945,0.703553637130711,0.0473797538121309,0.698583549329159,0.0475781966077289,-0.00497008780155195,"binary","poisson","binary_poisson_tlog2",58
0.693147180559945,0.670388071301943,0.0510824734437346,0.669198813962763,0.0511663873304092,-0.00118925733917996,"binary","poisson","binary_poisson_tlog2",59
0.693147180559945,0.740638575834587,0.0526044640438267,0.743167874274084,0.0524473791341651,0.00252929843949778,"binary","poisson","binary_poisson_tlog2",60
0.693147180559945,0.704972921299351,0.0486832600758592,0.703043867147133,0.0486950498109552,-0.00192905415221745,"binary","poisson","binary_poisson_tlog2",61
0.693147180559945,0.656344371146879,0.0491402229985815,0.652572990219351,0.0483745595671595,-0.00377138092752838,"binary","poisson","binary_poisson_tlog2",62
0.693147180559945,0.659638234155835,0.051392133320957,0.662390327118167,0.051739796055479,0.00275209296233248,"binary","poisson","binary_poisson_tlog2",63
0.693147180559945,0.896415926971533,0.0514701950007051,0.892493953505121,0.0517936386512972,-0.00392197346641221,"binary","poisson","binary_poisson_tlog2",64
0.693147180559945,0.696718621677275,0.0533723309479283,0.698150617523365,0.0536766973018787,0.00143199584608988,"binary","poisson","binary_poisson_tlog2",65
0.693147180559945,0.663338552745357,0.0528914238426703,0.66030188405597,0.0528351538798294,-0.00303666868938679,"binary","poisson","binary_poisson_tlog2",66
0.693147180559945,0.671098688719145,0.043747197869414,0.674195460430328,0.0436377481268382,0.00309677171118283,"binary","poisson","binary_poisson_tlog2",67
0.693147180559945,0.678243762396526,0.0530290942823874,0.681113605034106,0.0531805507652419,0.00286984263757994,"binary","poisson","binary_poisson_tlog2",68
0.693147180559945,0.713235835039402,0.0507852977940046,0.7204444647099,0.0505153625418648,0.00720862967049785,"binary","poisson","binary_poisson_tlog2",69
0.693147180559945,0.739047231866724,0.0550464774264784,0.741305491726238,0.0544698330492377,0.00225825985951378,"binary","poisson","binary_poisson_tlog2",70
0.693147180559945,0.700295862939363,0.0505182954421926,0.700668921581888,0.0499492502211621,0.000373058642525237,"binary","poisson","binary_poisson_tlog2",71
0.693147180559945,0.635242829631813,0.0467470610228055,0.63823512489357,0.0466331829859525,0.00299229526175693,"binary","poisson","binary_poisson_tlog2",72
0.693147180559945,0.68370553664437,0.0429030826867901,0.686277480725349,0.0430151724488731,0.00257194408097861,"binary","poisson","binary_poisson_tlog2",73
0.693147180559945,0.698632509263506,0.0483433947501812,0.699283383005685,0.0486004129432089,0.000650873742178759,"binary","poisson","binary_poisson_tlog2",74
0.693147180559945,0.538190071816486,0.0555634851324406,0.540966068061781,0.055759224235199,0.00277599624529545,"binary","poisson","binary_poisson_tlog2",75
0.693147180559945,0.725789246610669,0.0487332643242266,0.727018655987652,0.0488904678133497,0.00122940937698257,"binary","poisson","binary_poisson_tlog2",76
0.693147180559945,0.712377293012773,0.0489088351307419,0.712549120928755,0.0493267390170898,0.000171827915981693,"binary","poisson","binary_poisson_tlog2",77
0.693147180559945,0.632617703056861,0.0430202397966289,0.631479729405501,0.0431232246671917,-0.00113797365136015,"binary","poisson","binary_poisson_tlog2",78
0.693147180559945,0.726150848971901,0.0523263318332488,0.729051785775954,0.0516132202009973,0.00290093680405279,"binary","poisson","binary_poisson_tlog2",79
0.693147180559945,0.682754745147091,0.0506966812847882,0.681078179760426,0.0504844204314678,-0.0016765653866645,"binary","poisson","binary_poisson_tlog2",80
0.693147180559945,0.682394255246965,0.0456388536358777,0.680146207924625,0.0453989934099137,-0.00224804732233985,"binary","poisson","binary_poisson_tlog2",81
0.693147180559945,0.687247383357915,0.05296461013054,0.685457869072003,0.0530577665445947,-0.00178951428591145,"binary","poisson","binary_poisson_tlog2",82
0.693147180559945,0.670620318010853,0.0495390669808068,0.668563668008154,0.0494938455632501,-0.00205665000269928,"binary","poisson","binary_poisson_tlog2",83
0.693147180559945,0.753887465867656,0.054682540514288,0.756817120831825,0.054776683704146,0.00292965496416875,"binary","poisson","binary_poisson_tlog2",84
0.693147180559945,0.736730432307022,0.0496894961609851,0.736945692164214,0.0493683462813709,0.000215259857192285,"binary","poisson","binary_poisson_tlog2",85
0.693147180559945,0.747877205345243,0.0434791822864142,0.747163825489204,0.0436557892528264,-0.000713379856039253,"binary","poisson","binary_poisson_tlog2",86
0.693147180559945,0.63756334113801,0.0480740084296422,0.637063261772543,0.0477843726684939,-0.00050007936546681,"binary","poisson","binary_poisson_tlog2",87
0.693147180559945,0.699229550205913,0.0490718213689474,0.698177168192446,0.0489647080941029,-0.0010523820134678,"binary","poisson","binary_poisson_tlog2",88
0.693147180559945,0.70923304222704,0.0518389683542712,0.711948478529687,0.0519839175668843,0.00271543630264715,"binary","poisson","binary_poisson_tlog2",89
0.693147180559945,0.705427058295365,0.0521260739706165,0.709044809331998,0.0518895508825784,0.00361775103663331,"binary","poisson","binary_poisson_tlog2",90
0.693147180559945,0.614142970314182,0.0497974381930414,0.61467182515454,0.0499744962312476,0.000528854840358028,"binary","poisson","binary_poisson_tlog2",91
0.693147180559945,0.56138335694853,0.0505382507053985,0.558126573620381,0.0504691942993871,-0.00325678332814949,"binary","poisson","binary_poisson_tlog2",92
0.693147180559945,0.842276852904824,0.0489707367910121,0.842801111814031,0.0483479544238431,0.000524258909206599,"binary","poisson","binary_poisson_tlog2",93
0.693147180559945,0.688655900399681,0.0520198229363992,0.687327601565033,0.0521788974270838,-0.0013282988346488,"binary","poisson","binary_poisson_tlog2",94
0.693147180559945,0.690236489005931,0.0485872984893485,0.685458880631147,0.0487690187994007,-0.00477760837478336,"binary","poisson","binary_poisson_tlog2",95
0.693147180559945,0.685398502039036,0.0516987739554481,0.689652011235409,0.0518729558568733,0.00425350919637324,"binary","poisson","binary_poisson_tlog2",96
0.693147180559945,0.681085538949748,0.05484831801122,0.680416726225205,0.0546063327288107,-0.000668812724543,"binary","poisson","binary_poisson_tlog2",97
0.693147180559945,0.647089190715262,0.0558463135317102,0.651177201718451,0.0558886384390294,0.00408801100318879,"binary","poisson","binary_poisson_tlog2",98
0.693147180559945,0.72137733061621,0.0477705147083818,0.717824787316389,0.0478506252910164,-0.0035525432998208,"binary","poisson","binary_poisson_tlog2",99
0.693147180559945,0.691203181854174,0.0535393767723713,0.692093280074454,0.0539903800058166,0.000890098220279634,"binary","poisson","binary_poisson_tlog2",100
0.693147180559945,0.633151460702226,0.0537663025349902,0.633218603837605,0.0538106240794577,6.7143135379033e-05,"binary","negbin","binary_negbin_tlog2",1
0.693147180559945,0.746233202233977,0.0440213556382911,0.742359326597459,0.0442204968711886,-0.00387387563651864,"binary","negbin","binary_negbin_tlog2",2
0.693147180559945,0.637507406155027,0.0430241212036664,0.635625566643784,0.0428702738565271,-0.00188183951124277,"binary","negbin","binary_negbin_tlog2",3
0.693147180559945,0.643492718498622,0.0474655449197724,0.644692025556095,0.047680574509492,0.00119930705747229,"binary","negbin","binary_negbin_tlog2",4
0.693147180559945,0.710752798999171,0.048235519073244,0.710745404320565,0.0482987506252649,-7.39467860588761e-06,"binary","negbin","binary_negbin_tlog2",5
0.693147180559945,0.739297498553754,0.0510819342476605,0.740264033470168,0.051351565149051,0.000966534916413408,"binary","negbin","binary_negbin_tlog2",6
0.693147180559945,0.642175483829144,0.0448111022914585,0.637728891267924,0.0451136005328313,-0.00444659256121993,"binary","negbin","binary_negbin_tlog2",7
0.693147180559945,0.733833557129573,0.0488415848988294,0.731157810332634,0.0492107421990936,-0.00267574679693938,"binary","negbin","binary_negbin_tlog2",8
0.693147180559945,0.683728131972823,0.0499469503243249,0.685629680109633,0.0499918322001444,0.00190154813680932,"binary","negbin","binary_negbin_tlog2",9
0.693147180559945,0.622125158233306,0.0499263183083195,0.621151726668012,0.0505234208043114,-0.000973431565294391,"binary","negbin","binary_negbin_tlog2",10
0.693147180559945,0.657012847311824,0.0465212378148933,0.650712369752428,0.0463666333116008,-0.00630047755939622,"binary","negbin","binary_negbin_tlog2",11
0.693147180559945,0.702060108528239,0.0485834887018168,0.699470589971445,0.0489921907270656,-0.00258951855679379,"binary","negbin","binary_negbin_tlog2",12
0.693147180559945,0.674137264261881,0.0452887878860585,0.676987547426602,0.0457190673930854,0.00285028316472125,"binary","negbin","binary_negbin_tlog2",13
0.693147180559945,0.677949636079433,0.0606880435443907,0.675219817415117,0.0605901116499761,-0.00272981866431621,"binary","negbin","binary_negbin_tlog2",14
0.693147180559945,0.652050789979142,0.0494818795476998,0.655677507622945,0.0503707834338868,0.0036267176438024,"binary","negbin","binary_negbin_tlog2",15
0.693147180559945,0.664323749965501,0.0468121637332239,0.663754584332416,0.047052534611694,-0.00056916563308429,"binary","negbin","binary_negbin_tlog2",16
0.693147180559945,0.662958493753114,0.0488319484467084,0.660843152596734,0.0486905086779041,-0.00211534115638035,"binary","negbin","binary_negbin_tlog2",17
0.693147180559945,0.646199249047971,0.0466156477230548,0.648156520648706,0.0466780934685143,0.00195727160073511,"binary","negbin","binary_negbin_tlog2",18
0.693147180559945,0.728032870358091,0.0502077202079015,0.727444068723957,0.0504520436037879,-0.000588801634133662,"binary","negbin","binary_negbin_tlog2",19
0.693147180559945,0.576547918955241,0.049292568056865,0.575184472445948,0.049964106444312,-0.0013634465092931,"binary","negbin","binary_negbin_tlog2",20
0.693147180559945,0.678179680354513,0.0464723574086896,0.679108655672242,0.0466846920711756,0.000928975317728509,"binary","negbin","binary_negbin_tlog2",21
0.693147180559945,0.714373894717226,0.0534584520449799,0.708042075202184,0.0536036609711522,-0.00633181951504114,"binary","negbin","binary_negbin_tlog2",22
0.693147180559945,0.604137806841527,0.0539423801124708,0.606288625509155,0.0540431365677398,0.00215081866762812,"binary","negbin","binary_negbin_tlog2",23
0.693147180559945,0.742176591540527,0.0520048637549559,0.744419071569812,0.0522329819014627,0.00224248002928429,"binary","negbin","binary_negbin_tlog2",24
0.693147180559945,0.710128498673629,0.0540862053014812,0.712857408934678,0.053777463450019,0.00272891026104849,"binary","negbin","binary_negbin_tlog2",25
0.693147180559945,0.675823547810247,0.0436021639107796,0.679663438206312,0.0436485483218321,0.00383989039606536,"binary","negbin","binary_negbin_tlog2",26
0.693147180559945,0.704008579870153,0.0512560881090262,0.702056106204988,0.0510750145224737,-0.00195247366516538,"binary","negbin","binary_negbin_tlog2",27
0.693147180559945,0.843714607330277,0.0490723928799651,0.841255724064156,0.0497489725318243,-0.00245888326612109,"binary","negbin","binary_negbin_tlog2",28
0.693147180559945,0.663153635584522,0.0504708583929571,0.667089956245644,0.050759626140853,0.00393632066112215,"binary","negbin","binary_negbin_tlog2",29
0.693147180559945,0.687999456404809,0.055947763231723,0.686881580628539,0.0559636636526521,-0.00111787577626932,"binary","negbin","binary_negbin_tlog2",30
0.693147180559945,0.771412772571788,0.0524606212077632,0.772224868449862,0.052777465430868,0.000812095878074071,"binary","negbin","binary_negbin_tlog2",31
0.693147180559945,0.754331724478609,0.0575332727150712,0.757508637378617,0.0576626607993891,0.00317691290000754,"binary","negbin","binary_negbin_tlog2",32
0.693147180559945,0.720649700188192,0.0398658927973461,0.719032254948504,0.0397247336033974,-0.00161744523968799,"binary","negbin","binary_negbin_tlog2",33
0.693147180559945,0.733746589261305,0.0485566171953656,0.731248345864864,0.0485471275271369,-0.00249824339644089,"binary","negbin","binary_negbin_tlog2",34
0.693147180559945,0.721177188711396,0.0500171777547723,0.722359467434507,0.0502937402450011,0.00118227872311094,"binary","negbin","binary_negbin_tlog2",35
0.693147180559945,0.69665197156911,0.045935616434635,0.696499892312127,0.0465153643113964,-0.000152079256983018,"binary","negbin","binary_negbin_tlog2",36
0.693147180559945,0.669374878381383,0.0509624735892358,0.668715523807102,0.050890322246515,-0.000659354574281679,"binary","negbin","binary_negbin_tlog2",37
0.693147180559945,0.625581407198069,0.0429223068403498,0.626633537618815,0.0431922084854608,0.00105213042074626,"binary","negbin","binary_negbin_tlog2",38
0.693147180559945,0.747213500954166,0.0518361565882308,0.752153583232173,0.0523688742654317,0.00494008227800713,"binary","negbin","binary_negbin_tlog2",39
0.693147180559945,0.671716938744884,0.0474935017420283,0.672031797452383,0.0477206267245441,0.000314858707499699,"binary","negbin","binary_negbin_tlog2",40
0.693147180559945,0.742258657791263,0.0467229039385707,0.743259233948771,0.0463623812893655,0.00100057615750826,"binary","negbin","binary_negbin_tlog2",41
0.693147180559945,0.717665669217115,0.0491719131541238,0.712090121618913,0.0493853371994528,-0.00557554759820178,"binary","negbin","binary_negbin_tlog2",42
0.693147180559945,0.750676157427961,0.0495050278896882,0.754616284320749,0.0497126086919316,0.00394012689278744,"binary","negbin","binary_negbin_tlog2",43
0.693147180559945,0.700303939878656,0.052153393990901,0.703512735193749,0.0519467641585899,0.00320879531509333,"binary","negbin","binary_negbin_tlog2",44
0.693147180559945,0.665777480273395,0.0460245760844306,0.662956960633274,0.0460729148067181,-0.00282051964012109,"binary","negbin","binary_negbin_tlog2",45
0.693147180559945,0.7369003573031,0.05592829069409,0.738825704464798,0.0553629950766653,0.00192534716169834,"binary","negbin","binary_negbin_tlog2",46
0.693147180559945,0.774929077598359,0.0499027292316471,0.769517346660058,0.0495991539497274,-0.00541173093830105,"binary","negbin","binary_negbin_tlog2",47
0.693147180559945,0.698441274269069,0.0491765431825733,0.699656224059149,0.049448221179522,0.00121494979007974,"binary","negbin","binary_negbin_tlog2",48
0.693147180559945,0.63225212785652,0.048905133765225,0.635250276111825,0.0492088807401621,0.00299814825530509,"binary","negbin","binary_negbin_tlog2",49
0.693147180559945,0.704145708430875,0.042555056237531,0.705002029491389,0.0429411349415427,0.000856321060513698,"binary","negbin","binary_negbin_tlog2",50
0.693147180559945,0.699329026870806,0.0530771377417012,0.700919264748229,0.0535690740332566,0.00159023787742296,"binary","negbin","binary_negbin_tlog2",51
0.693147180559945,0.79282872003565,0.0463300261499614,0.791673265336279,0.0458522353568873,-0.00115545469937117,"binary","negbin","binary_negbin_tlog2",52
0.693147180559945,0.775252399385791,0.0531738571374471,0.772901756727849,0.0539699498582421,-0.00235064265794238,"binary","negbin","binary_negbin_tlog2",53
0.693147180559945,0.58288942263611,0.0448389064717066,0.588611905316509,0.0447482953096488,0.0057224826803991,"binary","negbin","binary_negbin_tlog2",54
0.693147180559945,0.661875764771431,0.0546638598079244,0.66030208217218,0.0548504123519762,-0.00157368259925061,"binary","negbin","binary_negbin_tlog2",55
0.693147180559945,0.729645661356942,0.0441287700408843,0.730304989944927,0.0443334652979001,0.000659328587984453,"binary","negbin","binary_negbin_tlog2",56
0.693147180559945,0.765539966740793,0.0449525762422919,0.763273875396293,0.0445728372595586,-0.00226609134450018,"binary","negbin","binary_negbin_tlog2",57
0.693147180559945,0.71593210684141,0.0526586156162229,0.712139540312091,0.0529971300641491,-0.00379256652931814,"binary","negbin","binary_negbin_tlog2",58
0.693147180559945,0.630708622655661,0.0510227523152511,0.632199574328982,0.0513376748494803,0.0014909516733207,"binary","negbin","binary_negbin_tlog2",59
0.693147180559945,0.748996767686193,0.0466972174152285,0.746526096347658,0.0468275932332769,-0.00247067133853518,"binary","negbin","binary_negbin_tlog2",60
0.693147180559945,0.81473459066455,0.0501587878503916,0.817544463423905,0.0499237727063225,0.00280987275935407,"binary","negbin","binary_negbin_tlog2",61
0.693147180559945,0.723358098199485,0.0580622672939302,0.724078137838043,0.0584648012232678,0.000720039638557379,"binary","negbin","binary_negbin_tlog2",62
0.693147180559945,0.673553987200986,0.0406768346508556,0.67363113052554,0.040441036687704,7.71433245546627e-05,"binary","negbin","binary_negbin_tlog2",63
0.693147180559945,0.759781423691957,0.0477104909277837,0.754426774311297,0.0477375594914057,-0.00535464938066021,"binary","negbin","binary_negbin_tlog2",64
0.693147180559945,0.591209952520102,0.0492451006090501,0.591606588915587,0.0492918192677813,0.00039663639548515,"binary","negbin","binary_negbin_tlog2",65
0.693147180559945,0.61242208126127,0.0461465673350406,0.611883589064487,0.0464008993523646,-0.000538492196782925,"binary","negbin","binary_negbin_tlog2",66
0.693147180559945,0.716473505272795,0.049535170833274,0.715430767246641,0.0495126408983769,-0.00104273802615396,"binary","negbin","binary_negbin_tlog2",67
0.693147180559945,0.732348507677649,0.0518287827046837,0.729939590885691,0.0519418726540411,-0.00240891679195776,"binary","negbin","binary_negbin_tlog2",68
0.693147180559945,0.751672232290521,0.0573984500853374,0.754698390211807,0.0574430460559487,0.00302615792128602,"binary","negbin","binary_negbin_tlog2",69
0.693147180559945,0.65781391154906,0.0484020719785476,0.65784054594099,0.0487141546445877,2.66343919294032e-05,"binary","negbin","binary_negbin_tlog2",70
0.693147180559945,0.747993175112599,0.0507422695153109,0.747010438967654,0.0509509081584648,-0.000982736144944596,"binary","negbin","binary_negbin_tlog2",71
0.693147180559945,0.665829514311323,0.0466007617850465,0.664689987860171,0.0471343940581545,-0.00113952645115145,"binary","negbin","binary_negbin_tlog2",72
0.693147180559945,0.684093209370619,0.0499177531242753,0.68189725794326,0.0497099193076872,-0.00219595142735873,"binary","negbin","binary_negbin_tlog2",73
0.693147180559945,0.644418870254864,0.0479042111980899,0.642580881481042,0.0480896704645098,-0.00183798877382191,"binary","negbin","binary_negbin_tlog2",74
0.693147180559945,0.789565014365591,0.0497948024864231,0.788755378440485,0.0500233226795006,-0.000809635925105856,"binary","negbin","binary_negbin_tlog2",75
0.693147180559945,0.655948284103734,0.0484248734132466,0.654227696616747,0.0484619527832245,-0.00172058748698722,"binary","negbin","binary_negbin_tlog2",76
0.693147180559945,0.728506682839633,0.0414957005463678,0.725353735847291,0.0412294590701742,-0.00315294699234192,"binary","negbin","binary_negbin_tlog2",77
0.693147180559945,0.653182916343506,0.0414584624136728,0.652570184071497,0.0417205271380611,-0.000612732272008198,"binary","negbin","binary_negbin_tlog2",78
0.693147180559945,0.749148300815437,0.0413891534265729,0.748122293841742,0.0416649119479368,-0.00102600697369559,"binary","negbin","binary_negbin_tlog2",79
0.693147180559945,0.62565603198881,0.0480208118657443,0.621913089380981,0.0486424080619839,-0.00374294260782926,"binary","negbin","binary_negbin_tlog2",80
0.693147180559945,0.675277541766987,0.0491886330514922,0.672571354118464,0.0494254362654751,-0.00270618764852271,"binary","negbin","binary_negbin_tlog2",81
0.693147180559945,0.657412254171944,0.0534819082274365,0.653914541999242,0.0536054906486532,-0.00349771217270245,"binary","negbin","binary_negbin_tlog2",82
0.693147180559945,0.612942945655975,0.0481028432352854,0.612508566849889,0.0485584376928283,-0.000434378806085878,"binary","negbin","binary_negbin_tlog2",83
0.693147180559945,0.712561069961012,0.0440108024623342,0.711616983767523,0.044012897905498,-0.000944086193488847,"binary","negbin","binary_negbin_tlog2",84
0.693147180559945,0.612315567176944,0.0499131059569523,0.616590243818846,0.0500440560521961,0.00427467664190284,"binary","negbin","binary_negbin_tlog2",85
0.693147180559945,0.625064008524916,0.0533037345491268,0.617839135139668,0.0530257729186242,-0.00722487338524846,"binary","negbin","binary_negbin_tlog2",86
0.693147180559945,0.659359177785767,0.0528513634924468,0.661452640188785,0.0530354227003659,0.00209346240301822,"binary","negbin","binary_negbin_tlog2",87
0.693147180559945,0.712925855556196,0.0497329701589035,0.710869978361464,0.0498518776243719,-0.00205587719473177,"binary","negbin","binary_negbin_tlog2",88
0.693147180559945,0.650420432837013,0.0545022030775334,0.652537364682924,0.0544066061685578,0.00211693184591055,"binary","negbin","binary_negbin_tlog2",89
0.693147180559945,0.746077433648097,0.0504858651218764,0.747289877743405,0.0508979455322553,0.0012124440953083,"binary","negbin","binary_negbin_tlog2",90
0.693147180559945,0.691510324971792,0.0523594676792964,0.692808386240319,0.0526685304736706,0.00129806126852705,"binary","negbin","binary_negbin_tlog2",91
0.693147180559945,0.724377511174151,0.0546625772600253,0.729053022572936,0.0548635283227346,0.00467551139878541,"binary","negbin","binary_negbin_tlog2",92
0.693147180559945,0.695794854731158,0.0555730767348749,0.696357125250505,0.0555996379295855,0.000562270519346098,"binary","negbin","binary_negbin_tlog2",93
0.693147180559945,0.586527506175393,0.0512474804512497,0.590048146115448,0.051246965779816,0.0035206399400548,"binary","negbin","binary_negbin_tlog2",94
0.693147180559945,0.758325431083521,0.0488091397850258,0.755800795822318,0.0487142054696349,-0.00252463526120306,"binary","negbin","binary_negbin_tlog2",95
0.693147180559945,0.683339602271051,0.0462592108052141,0.686068588148574,0.046281677816087,0.00272898587752313,"binary","negbin","binary_negbin_tlog2",96
0.693147180559945,0.654143528182665,0.0518441489269832,0.652713970039462,0.0514021355126801,-0.00142955814320345,"binary","negbin","binary_negbin_tlog2",97
0.693147180559945,0.637558721662685,0.0461819802971802,0.638820438443992,0.0460746463905187,0.00126171678130649,"binary","negbin","binary_negbin_tlog2",98
0.693147180559945,0.598396620344698,0.0465756532292726,0.598723362329233,0.0468388506712709,0.000326741984534418,"binary","negbin","binary_negbin_tlog2",99
0.693147180559945,0.629061255572257,0.0473559207480279,0.628066249683825,0.0474442968835262,-0.000995005888431599,"binary","negbin","binary_negbin_tlog2",100
