"sudo_cloglog","plos_cloglog","glm_cloglog","sudo_logit","plos_logit","glm_logit"
0.986795248613205,0.995856874632265,0.992585074372921,1.64574152570019,1.5983421169289,1.61596259006052
0.941942547305843,0.986070179369747,0.951079295470889,1.58409546911099,1.57259737167433,1.6104112212398
0.947470248505925,0.905336937897281,0.912267292848947,1.62706197914202,1.625837064084,1.6462327486341
1.01217708971628,1.01750292268526,1.00815764126254,1.64323599609989,1.57989468061978,1.62287503242773
1.0211409233817,1.00464407244012,1.00312740229987,1.75102100770045,1.72983284201973,1.76413203614699
0.854752725395108,0.838516082582316,0.835279391214086,1.38085888286471,1.39609415168932,1.42130869239379
1.07923236049239,1.09718941173248,1.0869642000922,1.80704804896819,1.8038391628488,1.84722915972637
0.98802628651201,1.01607673275074,1.03277429007669,1.68869873378959,1.67027712819639,1.68915107208483
1.0281163949005,1.06893065210113,1.06543464151545,1.65380753772728,1.63829411475537,1.67379624617978
1.01098694837338,1.0014620178342,1.03211374794846,1.76145972981507,1.73199999459527,1.73528904797668
0.898177566060907,0.866362261185772,0.861555771609473,1.58816998509142,1.57541238218239,1.61501460646013
1.0165321110712,0.987918032920387,0.981203587197088,1.66956735675026,1.63702302893009,1.65198653211596
0.927855998362687,0.9284070257943,0.915110526437008,1.50809011458462,1.50675247655383,1.53163845671661
0.8329413651545,0.823916040746855,0.816693894862292,1.37047402146187,1.35422296921169,1.3659044798375
0.980661709256609,0.983861071263336,0.968987742446991,1.70167589982661,1.6778566844935,1.70119009224309
0.887277611307861,0.925955117679501,0.92709953139815,1.57315079758958,1.51655372580429,1.53379992451875
0.997074391004822,0.999148186609179,0.995548959890422,1.69094689296298,1.68194474567009,1.71886801013661
0.939290429422636,0.967082667425718,0.976837324802018,1.58258878047912,1.53732033249659,1.55789623397999
1.0929838571099,1.05558616200678,1.04313845914411,1.82628332329782,1.76864690699252,1.81334747550164
0.952827483368338,0.979778305010948,0.964868945540872,1.65059292212418,1.61120385481626,1.64930237736206
0.954351814484077,0.974019586860105,0.975909906721003,1.6259947598501,1.65363749392259,1.65328727068219
1.04209742032612,1.0096261747776,0.995204329884861,1.67448086549398,1.67969946272096,1.71069052169614
0.981639404387743,0.984174496156144,1.00207254783204,1.68620333530917,1.6401270373956,1.67444672116827
1.10469299929054,1.12580327550214,1.10221722510218,1.91196034703352,1.87377577949172,1.91216481094692
1.09786934282784,1.11735039053758,1.11366246252467,1.91900644483466,1.85727667582729,1.89335769026958
1.14987501542829,1.16266791963669,1.13846509190156,1.92414595482616,1.87797577867127,1.93066665662803
0.944434752612352,0.93658580126682,0.954292483161915,1.60342356566599,1.59275775619823,1.62073714721555
0.997521113287201,0.988770039668147,0.996469050853299,1.7093093592193,1.70729144637749,1.71235039380714
0.992612792884771,0.978054497001765,1.00354229516322,1.72203938235777,1.70346976178031,1.7263144471687
0.795873973708465,0.81685875650058,0.835080433649667,1.36402826019786,1.30815486105283,1.33785628584064
0.971111277348942,0.953841276854843,0.955285309442474,1.67933971599643,1.65123619685398,1.67230150386
1.0480294866751,1.04500269356143,1.04314781975894,1.71954856750496,1.68559276684769,1.71711007102372
1.16776558662904,1.17873946770264,1.17769725122472,1.86901090516455,1.89291424467555,1.9001750757035
1.0381864357508,1.03369078264252,1.02220895416514,1.77420284054986,1.72683580905442,1.74881462951519
0.979490668387032,0.956339113538435,0.956460510810675,1.77822075402573,1.69041446338021,1.72438569808881
0.980023810828669,0.960619576120324,0.988916075290297,1.71225001388875,1.6865586334838,1.70021896744074
1.20839171815048,1.1731745892575,1.17810223699272,1.99691639292229,1.97681489549384,1.99534967764567
1.11676531149019,1.11218287453457,1.11385017723205,1.83909295283941,1.83084198010973,1.86557179428325
0.959636099870443,0.964646061283352,0.974078649069804,1.56314897871401,1.55014696403017,1.57338738582163
1.10480663624166,1.11187396749383,1.09629346470363,1.81301520227999,1.78102650680029,1.82825146461868
1.00633811367912,0.988124344864554,0.997863362535611,1.67503002570367,1.62164654543002,1.65489300141585
0.921844031421393,0.932347440947765,0.929532442437985,1.50333934154375,1.45725594722154,1.4684419457958
0.950102810002624,0.960082443335606,0.959524979598942,1.61343570088464,1.54750843152973,1.57858184597134
1.06368975894596,1.03221230278741,1.03637213479586,1.76764869124832,1.75824630172211,1.77539487730404
1.05407798365818,1.05020795718994,1.04596522288139,1.82376648589454,1.81555710198749,1.82553227362597
1.00541707069299,1.00728586285007,0.98722007296237,1.67952379209287,1.64589152886751,1.67954406662812
1.13043281241124,1.1248331207607,1.13987094037243,1.94467988509934,1.89491535202849,1.9305678771113
0.932177136022545,0.933086235539197,0.948197873431029,1.55874289091027,1.54726769098671,1.56506512524091
1.03364532401406,1.04603847833561,1.04736406334854,1.72729741770565,1.71291985149902,1.74872174091598
0.940416756262284,0.92969001616666,0.941874572746558,1.63675114268898,1.63382315812809,1.64841653279627
0.994732345879207,1.0255355707557,1.03151838246907,1.66893392291597,1.65259869278099,1.66471794129667
1.02827852336978,1.04853213978929,1.00535190644923,1.81495417121087,1.75276134808519,1.81242229441653
1.14019518814224,1.13797135100246,1.11958590160108,1.92260004460563,1.89123523313344,1.92813379710178
0.997156671317236,1.00811930972079,0.997781908394959,1.6054579011373,1.57063791068846,1.60818944708689
0.999636798206111,1.02454687251935,1.02862197450594,1.66489034627407,1.64721931634669,1.66169019787874
0.982278386862695,0.935062284098234,0.963299706726036,1.65120437057056,1.66017824396005,1.67050414511316
1.10198191676634,1.10539586923401,1.0863712767239,1.76862764475062,1.77382364262858,1.81629546342882
0.898888643674455,0.884377622476164,0.90288761518223,1.47748073724239,1.44834886224331,1.4744458160262
1.15917878554092,1.14502906795698,1.17435620869472,1.99405920908009,1.97588955097323,2.00627691998911
0.958636128463879,0.965152602756926,0.988209547058759,1.54780779331595,1.50631251972516,1.53751295685354
1.05766591725417,1.02746904595111,1.01074700068586,1.77396597489147,1.73792570588617,1.7708144990292
0.903081129383439,0.882220501330598,0.895403056815902,1.43514106261609,1.44112647613195,1.46734224484165
0.975683251206104,0.969404932023259,0.970400997096041,1.66683373212919,1.63605359084678,1.64674109485532
1.04411228242303,1.05790459900444,1.03251448558171,1.75688087003261,1.79927569677284,1.82796404158922
0.945380376922347,0.937366357972835,0.917597198558393,1.59865747015207,1.60117558889237,1.61458622673213
1.01065834211324,1.02770735754936,1.04292435084448,1.67987893436463,1.67778384363452,1.70150913517935
0.853650462295966,0.846947253680842,0.85937474541906,1.53269565684911,1.5029703978749,1.5257449303856
1.00869843678045,0.978130370867966,0.994032172723811,1.7423885693996,1.7644128981926,1.79299101495202
1.14608134627006,1.15100593580648,1.14295421835976,1.97584785642562,1.94292690203288,1.99110799283385
1.03595047280771,1.05314034584497,1.05769163834743,1.71340223657805,1.68546226457525,1.71630785468096
1.01578509066326,1.0090669966423,1.01698286779614,1.78992531764452,1.7412120408431,1.76723063158265
0.865024656898341,0.874356834590931,0.866942338273602,1.49570991165133,1.44261054912081,1.48005753786329
1.00451064474161,1.01715319712364,1.01303653538836,1.83356009150859,1.78159697329134,1.82853648082409
0.910414911286393,0.91155680391705,0.916708303101494,1.52065491515608,1.5114570195305,1.52854271538831
0.895889887451027,0.946001363805562,0.934202870640209,1.53307667452463,1.45528255579263,1.48846637300405
0.934818843742786,0.927734156888534,0.91278825217668,1.67128921270901,1.62215367808061,1.65251417802172
1.05395586291925,1.07763153298194,1.07225665956479,1.74091312566561,1.68745812430155,1.70389064667055
1.1048531468208,1.11243726609395,1.08571141818273,1.8318030228067,1.82726889699954,1.85982990310558
0.957739031611702,0.947377434261285,0.95652261384616,1.61038593894441,1.62203852451848,1.65839820668058
0.967988427379858,0.940207189460858,0.948269755592167,1.67913495223475,1.65555950908023,1.70079517739638
1.04427161354079,1.05205608476327,1.02682442072077,1.80421936127283,1.73942833989376,1.7746479884887
1.02586141957109,1.02895617061164,1.01382384657628,1.67203459797402,1.66913330603187,1.66182553640227
1.06461944661039,1.07525783502614,1.08513127901575,1.79947710526471,1.79384180944063,1.81160451688608
1.01294192588834,0.967588553447395,0.968611240944857,1.70224709084444,1.72405072692509,1.74951144684852
0.894898133463404,0.928556653169734,0.915373348382432,1.54557437190927,1.53268225763667,1.57376094649711
0.994444922868643,1.02402731253237,1.00054452813839,1.59175744990383,1.55385051085129,1.60394327348512
0.903689327297375,0.912774330491016,0.89446082204771,1.5066968745156,1.5195192307575,1.53545342642957
0.983034827681046,0.987128552546684,0.987144433912154,1.65208216911441,1.60147192423632,1.63161458646173
1.11912613921547,1.12552161961931,1.12613003061796,1.89614879033309,1.88902603574044,1.92292787444794
1.01769880779986,1.02230000275696,1.01472914230286,1.71270992333754,1.71252089125953,1.756985147396
0.984960711828636,1.00847475609846,0.999089211279041,1.61891056702543,1.60001860363988,1.61527469535692
1.01945057932829,1.01682970441991,1.00314643603625,1.7136910976922,1.67432356349729,1.71762832473177
1.16968366689521,1.18325921141815,1.16808741157113,2.018232873219,1.98833255473038,2.00625347726119
0.926389897604358,0.940900665611555,0.924500753634296,1.51061590400959,1.46920668355641,1.50224266168522
1.01131591008225,1.00495776561067,1.00167275555666,1.74138851383441,1.65769896983525,1.6917333890666
1.03984537786389,1.03202342510801,1.03247656671882,1.83573421492243,1.80140525376134,1.84283330948605
0.991706293511152,0.974783650691564,0.970566949622973,1.75993499093295,1.71832249723364,1.75286972760807
1.04800587857211,1.05099313447787,1.05136345795988,1.81381738229459,1.8051932821857,1.81422985774802
1.03038990204766,1.03425144781989,1.01690777522485,1.80045355085791,1.76021512533153,1.76018593931346
0.96974934878638,0.988362995373645,0.989545236936823,1.63440313056288,1.63956425953742,1.6576623037259
0.995615602368605,0.975321561992473,0.980243870674868,1.74495907989143,1.69798544967421,1.72373750737648
1.01466562018962,0.99161149587344,0.996406815500864,1.76328891016377,1.74431164861824,1.76943219639324
0.959897724690605,0.9753918151909,0.992412533810655,1.58941551753753,1.56875814731074,1.58459573855199
0.968788716597545,0.971897867758788,0.981103646317486,1.6697733959101,1.63843848566083,1.65592274420667
1.01930983467849,1.00014728875997,0.998756089297121,1.8231682907276,1.80140390828102,1.83718948842854
0.98160167005143,0.987271991641009,0.988765042354465,1.54114584536981,1.56416825554845,1.58040089653955
0.953763595153569,0.949804695986895,0.960993967751386,1.62645676089186,1.6432545265332,1.66558529757813
1.0994073206523,1.09324219783046,1.10769367594472,1.88264947120069,1.84066231249394,1.87131917620674
1.00726929026919,1.00869147248253,1.01502897699041,1.7149500233896,1.7228222832165,1.74279826883509
1.04601471185918,0.994088990922091,1.00709042466954,1.73388827309469,1.71058322502516,1.75012185403067
1.02583291774253,1.03360890846419,1.04614843103445,1.7432150479443,1.71296129932417,1.72539835490675
0.838754485484229,0.848434249874427,0.864032232750298,1.42509384590451,1.41112317800074,1.43443704101364
1.06342059339326,1.05232296367251,1.05980927273831,1.90898768034,1.84544357048529,1.87477273832856
0.924689073923495,0.921158354057596,0.943676757806601,1.60215792084094,1.57380085223804,1.59670183292033
0.952066281365531,0.995516383073667,0.995440339594038,1.62832730044651,1.58949823149584,1.58855339624119
1.10748531640881,1.10303939706291,1.09784506218115,1.92597574986274,1.83604052014146,1.87868747612556
1.13519525957561,1.11011504686509,1.11602044117743,1.89476032178569,1.85141270708411,1.88582609249219
1.08620254738009,1.08064772908781,1.06472528486667,1.79810264757452,1.78041297888988,1.81222779270169
1.17109577067893,1.15948748756499,1.18253673755382,1.91167108318432,1.88131548356566,1.88637018517001
0.979139650718231,0.995541682383075,0.997441941850845,1.73213432824353,1.67298410559838,1.69763906340302
0.931898461464363,0.966587695415563,0.955012868946927,1.61726686173399,1.57727638090513,1.6009059395312
1.14581911973304,1.16225832933525,1.14191477120372,1.94566441437035,1.93207413685599,1.94599599417379
1.10597380745252,1.11862718002958,1.10868616681469,1.88574194700471,1.87317508353225,1.90076705548258
0.86433148107663,0.846294534450756,0.840237952830524,1.47238563385515,1.4713363666127,1.50641210020627
0.983401446904229,0.967995996099834,0.983898357864962,1.69648987520187,1.67241726844892,1.67281436961236
1.15563432979069,1.15191409825642,1.15767929764062,2.02407364316992,1.97074202399055,2.00320634127904
0.974046326232353,0.968688922749117,0.975346558904044,1.68933671972629,1.64484835566776,1.66342343387137
1.04183292111468,1.07332621526745,1.05997698501539,1.80958806124356,1.74791100313663,1.77012875596815
1.0172471603888,1.00603353083196,1.00973377911376,1.77329008629977,1.7164081815182,1.73425447629286
1.03586960348213,1.0575825916652,1.04458943185997,1.76424930093003,1.73570202518611,1.77743647685712
0.95937601433088,0.997884955711562,0.993464572235261,1.62956042190943,1.63266366620636,1.67405462484905
1.02672358212671,1.03125015707491,1.02971273522755,1.77310479186875,1.73694436630896,1.74970581616804
1.10620061245844,1.09642674633207,1.11107045275864,1.86728241936969,1.9004364196386,1.9373018562443
0.827451544696916,0.847986892672457,0.834646664682745,1.39944288677308,1.40617923747376,1.43113616577135
0.957436069560277,0.989650168208202,0.994463040282113,1.66375468976706,1.67623178246645,1.68889012924951
1.02705809885858,1.03299878683203,1.01283730672868,1.74186628512336,1.70119526102773,1.74873874553876
0.842928422367333,0.844896676092054,0.832762063372491,1.38268958469349,1.35084734923158,1.37556438258891
1.09358377939056,1.09393776351341,1.07713140125799,1.90718351883432,1.84808755110978,1.88654043836978
0.965621038709006,0.98503956025723,0.987744732438249,1.67855617382184,1.6564295096503,1.6678788801073
1.25487242833626,1.23497802011445,1.2415518189775,2.04976056639629,2.06589408939429,2.09630839057922
1.02403518613683,0.996804621408314,0.997587361326702,1.75791957030358,1.69278702456,1.72703560060969
0.818978285153554,0.863060167504406,0.850287461658793,1.33598824974145,1.32660958213438,1.34710429441086
1.05382119831447,1.04717668585758,1.02147751300914,1.74413152035745,1.71984433779083,1.75466889459586
0.963640380972414,0.963812975108067,0.957656419563908,1.60387194236472,1.56305779555288,1.59285904237674
1.00848442137214,1.0188753041517,1.00353297685084,1.76015972146408,1.69978935489372,1.72297793409777
0.952004662074508,0.937985336020183,0.954692052619844,1.53756486797643,1.53208079550718,1.56020554661033
0.937179135910216,0.873336705345869,0.895475666777829,1.58138456205826,1.54711294788122,1.58104664446043
1.04853971470541,1.0605660801784,1.05507816053208,1.71228836751672,1.70320721339377,1.70760736672502
1.06083928231386,1.0396696432705,1.03927635048012,1.69118912023799,1.70729064466759,1.71714184523103
0.893828661275234,0.916727921863887,0.915529101406376,1.53160341054688,1.52164720051432,1.54510149386223
0.938499953292445,0.933604695491767,0.933300803494062,1.57840098351368,1.55168798238883,1.57424973113537
0.96979544727259,0.967617392440394,0.966789007545466,1.64086304270463,1.6346587763937,1.66153631716364
0.915016799116768,0.914846732883908,0.92032724539789,1.57781918832963,1.54606866430283,1.5807562515105
1.15524569673885,1.16411003938416,1.16608826050849,1.93610784072561,1.91638823184719,1.95304500539669
1.00456493032292,1.0035358701569,1.01184543983886,1.69981315085081,1.66360029107291,1.69094445393343
0.900329511766257,0.884359763323018,0.893331568026204,1.48675576665208,1.46723506000259,1.49909658462176
1.06686273218275,1.0641106577066,1.03990301227901,1.76257391595008,1.76534374964287,1.79265602815751
0.976584303376191,0.974522003171717,0.988039485037757,1.69946118998788,1.6909243733762,1.7239777816236
0.964498901892476,0.983963614709288,0.968023490044072,1.60276277542134,1.57725244364391,1.60282407173702
0.997434423443593,0.999833839842653,1.00223445689313,1.77359657075579,1.73068498942004,1.75132625581045
0.974217474115972,0.967388134722754,0.986639819849014,1.69651672252136,1.67757233874104,1.6796856203362
1.01746495828111,1.02400163475402,1.00752784113191,1.71323032260032,1.6775207002211,1.72192848282841
1.16391762240095,1.16123607521188,1.1421034031614,2.04523416013547,1.95816065621451,1.98192080189489
0.858453369360989,0.8591249588908,0.853491238397973,1.40351600268126,1.38955182703717,1.40529790812046
1.03874890810223,1.05726830664313,1.06250431553769,1.86428979570838,1.85080111791174,1.88415966488845
0.913965768935665,0.907597521320527,0.926770302147234,1.56434891408353,1.51981478774725,1.54893959679563
0.985692256000369,0.968211914460486,0.968438078698714,1.61854629040633,1.64364307299933,1.66683299054117
1.03211377913006,1.00348264105804,1.0246904125566,1.68084092761893,1.68996154134327,1.70297144439866
0.946196081813405,0.9666582089309,0.961910910786026,1.64229854614857,1.66182278590879,1.68141345675207
1.01835918373101,1.03174272957537,0.989529335522643,1.70722550652146,1.65750539481373,1.71113024839711
1.05222236042077,1.03658031346764,1.07452526651326,1.7934275716515,1.77314008463453,1.78429117058997
0.997029443971266,1.00045758881717,0.984203408267567,1.60900831094767,1.5812314548002,1.60324316166564
1.04783719437675,1.05474577413916,1.07037984957791,1.76440139382312,1.70751716653277,1.74839702870034
1.17231926114128,1.17060802356838,1.1541092153136,1.93492914133691,1.94006537965896,1.97535025654033
0.954400471251734,0.947997361741172,0.955919617411064,1.57255114295366,1.57805643940815,1.60987643148078
0.989527100029444,0.999171842505434,0.975395487997338,1.57728579396989,1.61549737610447,1.6256214742863
0.99143376054181,0.978104866237939,0.980147699469146,1.69830970420128,1.66789988110581,1.6939471408435
1.00444044459094,1.00352145218329,1.00898871194173,1.70242885619909,1.66249497325039,1.68637912982293
1.07685159364689,1.08111882456483,1.08880461679816,1.95657346146263,1.89374646310543,1.91300522274367
1.07097773046426,1.08051709184136,1.06463350406305,1.78028457532955,1.7917604852449,1.80594409102273
0.911465214535955,0.919048744444049,0.928482979038586,1.49228137307866,1.45117047087959,1.47050795726879
1.0388556389945,1.02895163612929,1.01213421355901,1.72510699153285,1.7055138047748,1.75774094106863
1.02979020350452,1.02990432803022,1.01200536168375,1.73556627053902,1.69857762175901,1.72108511438992
1.05443420307357,1.04807893050393,1.05078738008576,1.75813597107021,1.77454765749482,1.79222194517889
0.908665863508151,0.88205514641726,0.90496824421458,1.57949063946309,1.52384539148499,1.53780734041232
1.1472241620813,1.13446631335317,1.14165812208769,1.90975396713674,1.8869708313277,1.91639169344357
0.876596395410503,0.873946332837203,0.89355011076516,1.54788838393705,1.50908696326565,1.52344479151342
0.973273147617014,0.980904682782628,1.00153540673729,1.65905651508614,1.62300950318191,1.65088310098769
1.13649526374309,1.11658746254644,1.12017201045245,1.87223909409074,1.87697692505326,1.90389332475138
1.10067915345274,1.11128479492828,1.08170165970148,1.88158024326144,1.81732230849872,1.85705669901262
0.9566222343856,0.966607278621346,0.945309896245351,1.57226714730906,1.56312827803284,1.60574823231979
0.971817138730868,0.974137248166331,0.967588501947864,1.63687021649099,1.6140366973652,1.65258995647179
0.949591334095818,0.930649845274662,0.929661738931557,1.66232332019289,1.56533646735583,1.60290097500274
0.991207980105075,0.935982288627422,0.938373229834644,1.59476399597181,1.61010066323907,1.63075549948582
0.941197648563637,0.924702182303823,0.914474046169696,1.62387165878099,1.63516399881397,1.6619600697408
1.02383344572362,1.03132996731141,1.01676675305954,1.64247415379439,1.62453526165062,1.67256193751721
0.885541464551659,0.897210909883916,0.888730727359786,1.43463217170171,1.43004885441489,1.45830600215252
0.993816871800904,0.979336697870557,0.992147503990416,1.67591171562981,1.62796379065029,1.65446563475536
1.00534046372148,1.00736136088964,1.0040386442633,1.6797103948718,1.6774348342598,1.69817638412566
0.885753965523022,0.88229471136683,0.892296127259341,1.532244538418,1.50715976006017,1.54153825854972
1.05266732348409,1.06572290650736,1.03680521027341,1.76926578830215,1.71856960106086,1.74384319127815
1.01279799760113,0.996676077177438,0.990131585535489,1.74217795241143,1.71901991189765,1.75760735698398
1.09685242596176,1.07888594200382,1.09619594601746,1.94272707084707,1.84701493308012,1.87330288401742
0.966409927198696,0.937972521722851,0.954862230960593,1.65069215262551,1.64206433485908,1.6571829058082
1.02429852660316,1.00102120918764,1.00906701460359,1.79050328482568,1.75366382210169,1.78187979455753
1.02641021584918,1.0554522309169,1.03232374761469,1.67277992113119,1.64514696436227,1.68310920506629
0.835799727764808,0.844896260701103,0.84868288640682,1.35486753917061,1.35716377389316,1.38009450433126
0.917497998302563,0.895527482752629,0.907060645337431,1.62679291433178,1.58127791091388,1.61565182160517
1.02554730897553,1.02218717269181,1.01400064699507,1.70710498373291,1.67708646815398,1.70942939795328
1.00616563544891,0.978711186128813,0.976318893410957,1.6012464673471,1.60971412164634,1.64023075479337
1.13290544505072,1.15544875480892,1.15022101468155,2.0524198677645,1.98861083366387,2.0365424135635
1.00812137514162,1.02883760992306,1.02730005546776,1.68730791788027,1.66138317600587,1.68263555482712
1.12859166931561,1.11832160616835,1.10738350673797,1.88333890574533,1.86798340979803,1.92131595809658
0.937010032308028,0.938323411414722,0.947227649870726,1.61416325433582,1.61101958075106,1.63364200794822
1.06516177338744,1.06034833211264,1.06622266276178,1.73942752961173,1.77012190267796,1.79348728527318
1.04505792335976,1.04695568475959,1.05483755533777,1.74887921968396,1.74291315182858,1.76830650687316
1.2013306080234,1.15268934975249,1.18587046926281,2.0624623943305,2.02604630487025,2.05694806368988
0.87377568557199,0.870268632489699,0.902336432649744,1.49611273780367,1.4716002459224,1.48713000334854
0.9393173952191,0.919766453615213,0.914776906575231,1.61385456167417,1.53747946154777,1.56417068439143
1.03378122468422,1.06021161739053,1.03881936630929,1.75301305718696,1.70485596864006,1.73423159082889
0.873321345617011,0.851087956833105,0.864659303621455,1.46916801334415,1.4636325354572,1.48401912201707
0.956605682678351,0.932711820355171,0.950882244305625,1.63200065467518,1.6016591443736,1.60402078327793
0.936730351854694,0.916480683464058,0.917854629966049,1.57255494074115,1.5914895440872,1.58530950306508
1.01539691676556,1.027075426455,1.02938351695863,1.73573080987394,1.69679434469767,1.72721026693304
0.804691316079117,0.815008238289326,0.826886968237513,1.4507809934405,1.4008671126414,1.39873646714557
1.03857162756977,1.0645464803488,1.02820110512234,1.7941177219271,1.80859530440401,1.84052268928092
1.12154365820534,1.12188364409743,1.15196356411183,1.81271266834754,1.82846801896345,1.83387336637613
0.894781667780369,0.882168723635656,0.888336860108649,1.49395328010392,1.429373641642,1.45278737123049
0.924420552269682,0.894210784556145,0.916785394454186,1.53780861784571,1.51378207529426,1.53129028287368
1.0456868587597,1.03770096487294,1.05277976676043,1.72962005252869,1.71969173764137,1.77654936932117
1.17270954409834,1.18009683508558,1.16333888281042,1.87067318650915,1.84049381569631,1.86558910122779
1.0157453820654,1.06235187021682,1.04328154579964,1.72390464788544,1.67828190242925,1.72308451160073
1.04592323498697,1.02694250227838,1.05080365149469,1.83007296962525,1.76942841018902,1.79666801395712
1.06363797845569,1.0362087065444,1.04136994935932,1.87090380073293,1.84205608129041,1.84743730824335
0.942003439946458,0.929766234171858,0.942847517835557,1.62976777572298,1.62493916169474,1.65307769120348
0.96458949931391,0.97802398049207,0.97900343228875,1.55500877616757,1.58379578198683,1.61125885422374
1.0463779322069,1.07148139785182,1.05579867252404,1.83976168218092,1.8031353696052,1.84511281234858
0.934592566039724,0.953883353988996,0.945937169144124,1.49669674277545,1.50032495262923,1.52892490281104
1.04433560421677,1.03687513278075,1.04957057243465,1.76250589187618,1.71291626416721,1.7311154473373
0.875750445616707,0.863528804798382,0.871286246701447,1.45138408425727,1.45723925590728,1.4866763214852
0.963804322959877,0.976853045825736,0.99803954715717,1.59869816728318,1.54987976878332,1.57536550409201
1.03376678724205,1.06073116288053,1.07292754916425,1.73834305410654,1.66787604695116,1.71194586167538
1.01899118357612,1.03440652128143,1.01870754949109,1.65246910954069,1.65344862317292,1.68405722541913
1.01622988510792,1.0038834595243,1.00238673988085,1.70396113973109,1.6671619185755,1.67903752448364
0.995819092669431,1.00246603142512,0.98639521108102,1.6646005089392,1.63535434311192,1.64570096406176
1.03028891402791,1.03112335808462,1.01778355714952,1.81964005113499,1.78033139715631,1.79794033082851
0.929467103997511,0.975679312699585,0.97297674109537,1.62946079141301,1.60062629413811,1.63758595265137
1.02628693206096,1.02894879676433,1.02614331185221,1.81062382638659,1.7468268965854,1.77000674916985
1.02857006429772,1.07412759847437,1.05678997762507,1.71373703337315,1.69221891902528,1.73040005611117
1.03199096370298,1.04487094988588,1.05010839048511,1.82373799835093,1.7428104680374,1.78732524694867
0.982224163349219,0.976700376785418,0.976632948957768,1.58180020536622,1.59289538402189,1.61134914685052
1.18008894469928,1.19457806641688,1.21432390913294,2.05101361948713,2.04473711509398,2.07580627197186
0.991033690129318,0.991263110161478,0.982589228599106,1.70699971409004,1.69090167143354,1.72942061530259
0.91170695870156,0.93426379242704,0.921873906184748,1.48704429616809,1.45414239449959,1.47665895542054
0.978691344695213,0.977298449634932,0.966129569816864,1.60529704226236,1.56888201371181,1.59587193236867
1.04467644760092,1.06855106832504,1.03860639776959,1.71361419113625,1.69005505806887,1.743684720987
1.07571969136138,1.09671394304736,1.08034859806341,1.93803298945256,1.8713993450855,1.8866598965187
1.06385656831188,1.07223564518726,1.06055453805555,1.79033639067013,1.78662551435285,1.8228649549193
0.998528021001834,1.01204335866294,0.995484468143826,1.66329209892847,1.63268298423672,1.67252916656338
0.899894962505326,0.927026585074398,0.93134555835647,1.63811599625057,1.63537162609133,1.6496215599402
1.05642216555429,1.05730720316726,1.06272742730909,1.86205847717419,1.85001106690252,1.88303153706701
0.988827770678295,1.00802139923456,0.994778028399197,1.71242463608429,1.65375411627133,1.68337736290154
0.930240800823624,0.91415899127236,0.940223008368863,1.61863583948901,1.57182068954822,1.59338626454747
1.02847292454326,1.0400827096251,1.05116055372688,1.72477029145722,1.70493802876805,1.72749604814316
1.01371542246068,1.05143346607859,1.03052250935195,1.68375031401626,1.6578017513165,1.6859443646229
1.07924609023123,1.08811787693607,1.09477390078541,1.82442576457122,1.82334468018829,1.84662684381345
1.11578711417401,1.10070049423702,1.10575802421064,1.93141977948852,1.90883332296754,1.93791982585512
1.05019038368067,1.0568343731748,1.04764142532075,1.7972493867923,1.78718652444794,1.82769534979053
1.00118252596129,0.983747627977631,0.978274599189427,1.63130548409568,1.59456669821896,1.62962370306916
1.18360377145585,1.18157659605275,1.19378595592925,1.95761049307502,1.92807164758314,1.92789716260799
1.06303239540234,1.06117193535906,1.07471497199753,1.76524906914036,1.76586566876222,1.787515872709
0.890208773818007,0.926843728840326,0.913369553694033,1.53751668473773,1.49310800653108,1.52426045225624
0.96471971000015,0.933824594604267,0.957127479716651,1.66550451802272,1.61727841596193,1.64371327387806
0.85861528506843,0.865402444926723,0.864747923482339,1.5062552242916,1.44903754319495,1.47125999404764
1.02839229993427,1.05064151122362,1.02672655741803,1.73905272632181,1.70182047163516,1.73421593210951
1.09367584463749,1.12087976679069,1.11193544884108,1.94049074125785,1.87398633199862,1.89844275726279
0.953965122837835,0.963023563736649,0.959889124159384,1.63009504433486,1.6067263240862,1.63822116625414
1.09517612731082,1.08359659002753,1.07539717244075,1.93304056213044,1.89262821570339,1.93105585221108
0.973817651391866,0.984416873288019,0.969922303971765,1.6835267488652,1.65962312432304,1.70032726929132
1.01657443791877,0.981627402699333,0.962159008994322,1.67698994071751,1.69565799770893,1.7269807783179
1.03003809901419,1.01458234384465,1.00304007201186,1.69570071095659,1.65983837499679,1.7047902612844
1.04226044183677,1.04635607991412,1.04021183839033,1.84463168634579,1.79790700902253,1.83200868803478
1.02987778269302,1.00288415361795,1.03657090457959,1.90677934156043,1.84025336991792,1.88875730421939
0.980192767349145,0.947785828315494,0.942622115125331,1.64293144326878,1.65700050531345,1.6857352209603
1.03297231061368,0.998530658088322,1.01565931041868,1.80078218886499,1.76179658808867,1.7996730929447
0.868956388707013,0.915671549170225,0.896758677440062,1.50638469984635,1.47011486169453,1.48627234347761
1.0163358049523,1.00038728221771,1.00460960915136,1.7093481879225,1.69881596696873,1.73181890974147
0.78241613953772,0.786495295420786,0.806134425794,1.3029055079728,1.26822229097952,1.28492854404733
1.14298586085743,1.10290948296222,1.10738301062706,1.95633946319241,1.90164844561934,1.93878896389346
0.953931200392526,0.94724224870822,0.958797342709782,1.57709886580584,1.59759993277972,1.62278705889843
0.981323685237339,0.997049197050179,1.00350262149583,1.73437043820426,1.67905240202976,1.71387206836821
0.96430664339303,0.947803306189023,0.965250181320528,1.61938341670661,1.60546744861761,1.62575658687913
0.895657427467547,0.860286981529498,0.881983632394431,1.61183762060132,1.59023654203075,1.60099045169296
1.00225638501677,0.997046326166427,1.00925904645585,1.76891901134782,1.70978239718386,1.73143508828335
0.987257902623594,0.986675079742454,0.98994771260863,1.6702100589749,1.61782974996397,1.64840880731289
1.00531784590676,1.02543092543421,0.999016127665351,1.74264675964965,1.72492810738713,1.76133699541734
1.12274125896592,1.1326927914371,1.14680675327936,1.90469252988863,1.91607684490973,1.93356521928594
1.0228170221767,0.997249933301202,0.986248016389513,1.62743879728675,1.61751600052474,1.63958061038455
0.904816949616597,0.915789683747048,0.89543830907294,1.49056584988958,1.47823690711587,1.50370090082059
0.98942961113283,0.989441606128548,1.00209677371139,1.61015568948635,1.58799496564951,1.60486555663945
