"theta","learner","rep","var_ratio","p_het","theta_hat","theta_bias"
1.5,"gam",1,0.864914426170232,0.0256080575100337,1.34006215552612,-0.159937844473877
1.5,"gam",2,0.919194888060524,0.189265118678542,1.47052103729286,-0.0294789627071406
1.5,"gam",3,1.02103101390259,0.753739629178451,1.57379234989795,0.0737923498979463
1.5,"gam",4,1.07858277581399,0.250285188294757,1.30052476865251,-0.199475231347489
1.5,"gam",5,0.955142490452968,0.481185214116492,1.78158028836551,0.281580288365512
1.5,"gam",6,0.896114439952266,0.0906856129611578,1.66807753745804,0.168077537458036
1.5,"gam",7,0.920867513968156,0.206663305546475,1.6100902138908,0.110090213890796
1.5,"gam",8,0.999808739340978,0.993458016243963,1.91338021708194,0.413380217081938
1.5,"gam",9,1.12867413381817,0.0674089307759709,1.62794298016845,0.127942980168453
1.5,"gam",10,1.11086478701706,0.109768620279874,1.63197758899454,0.131977588994536
1.5,"gam",11,0.927718360081557,0.251135593311799,1.26091581688129,-0.239084183118705
1.5,"gam",12,0.857329167404932,0.0176917133377605,1.59455806646421,0.0945580664642134
1.5,"gam",13,0.967794190813095,0.6120158233237,1.76979802751437,0.269798027514373
1.5,"gam",14,1.0514011625926,0.442308493351536,1.60392293128679,0.103922931286786
1.5,"gam",15,0.868865919643417,0.0302362489849781,1.70530460400043,0.205304604000435
1.5,"gam",16,0.98150863780683,0.769297015015208,1.45535073418569,-0.0446492658143112
1.5,"gam",17,1.14464889040218,0.0396646420702655,1.36588030768909,-0.13411969231091
1.5,"gam",18,0.920271906025093,0.199697662851023,1.47365437073741,-0.026345629262593
1.5,"gam",19,0.949621972829313,0.424348894709706,1.65264216561402,0.152642165614021
1.5,"gam",20,0.848531836059798,0.0112623568097013,1.47479788181669,-0.025202118183308
1.5,"gam",21,0.942789465883302,0.363691765641654,1.40020805903938,-0.0997919409606172
1.5,"gam",22,1.0678492031535,0.318146289987894,1.40597391065324,-0.0940260893467588
1.5,"gam",23,1.01929168161452,0.774733281053618,1.72903332756089,0.229033327560893
1.5,"gam",24,1.04426698075492,0.508275311318736,1.45152034694654,-0.0484796530534566
1.5,"gam",25,0.96792020233311,0.614658247328864,1.5260200979148,0.0260200979147951
1.5,"gam",26,0.923863752052264,0.22188860133878,1.61144201209262,0.111442012092624
1.5,"gam",27,1.00373180401672,0.959130567825283,1.29033985068441,-0.209660149315585
1.5,"gam",28,1.02650280666134,0.689301748135753,1.47137950369818,-0.028620496301822
1.5,"gam",29,1.13054439792669,0.0651532896644984,1.37583396046782,-0.124166039532178
1.5,"gam",30,1.05073854813474,0.447858215701851,1.43243038029246,-0.067569619707541
1.5,"gam",31,0.917335809234903,0.181437961842115,1.45270610033058,-0.0472938996694203
1.5,"gam",32,1.02136171293434,0.749734621487348,1.76245802578087,0.262458025780869
1.5,"gam",33,1.14877059857236,0.0365635779420797,1.2614002188149,-0.238599781185098
1.5,"gam",34,1.02028028723346,0.762783366686894,1.54730335049252,0.047303350492524
1.5,"gam",35,1.08925617591976,0.196965345076029,1.54122751839545,0.0412275183954498
1.5,"gam",36,1.16675966312187,0.0194440566969649,1.28146935500714,-0.218530644992864
1.5,"gam",37,1.00531133156454,0.940540524968039,1.76815224208405,0.268152242084047
1.5,"gam",38,0.961048351804665,0.539180421653165,1.56302998165074,0.0630299816507442
1.5,"gam",39,1.02450382774701,0.713549802872376,1.48848469517664,-0.0115153048233552
1.5,"gam",40,1.08947151641435,0.19086367885103,1.50835067983835,0.00835067983834947
1.5,"gam",41,0.946755575793222,0.399067655217144,1.47811990686062,-0.021880093139381
1.5,"gam",42,0.936681452053235,0.318210219452087,1.37850253039777,-0.121497469602226
1.5,"gam",43,1.02429110183737,0.715510455748597,1.68385834504444,0.183858345044445
1.5,"gam",44,1.12931637149853,0.0603458873420515,1.63780591394026,0.137805913940256
1.5,"gam",45,1.06631485452913,0.329174249052046,1.67314553948376,0.17314553948376
1.5,"gam",46,1.06199489901156,0.356250580838763,1.37485870775837,-0.125141292241631
1.5,"gam",47,0.968505680917607,0.619806779162181,1.76597535004322,0.26597535004322
1.5,"gam",48,0.779840418608068,0.000126118400863139,1.55094356803213,0.0509435680321286
1.5,"gam",49,0.953016717599163,0.457777154911216,1.58866505354675,0.0886650535467486
1.5,"gam",50,1.20478196947202,0.00490147052351464,1.66824199064391,0.168241990643907
1.5,"gam",51,1.04489293268003,0.508497184441372,1.37862703117139,-0.121372968828606
1.5,"gam",52,0.919620086540015,0.197698671291261,1.85154755522332,0.351547555223319
1.5,"gam",53,0.981990763973927,0.775591252683284,1.5949031478329,0.0949031478328974
1.5,"gam",54,1.15901222764169,0.0251912880572338,1.67210608030581,0.172106080305805
1.5,"gam",55,0.93484614197053,0.292749273112727,1.41349196973918,-0.0865080302608221
1.5,"gam",56,1.10570149690071,0.127183467759753,1.36462693577067,-0.13537306422933
1.5,"gam",57,1.04021544438924,0.547183725936782,1.41379408869419,-0.08620591130581
1.5,"gam",58,1.05830175351826,0.384031356226939,1.48407141179458,-0.015928588205423
1.5,"gam",59,0.946284320578537,0.391070913707342,1.32347400737203,-0.176525992627966
1.5,"gam",60,1.0242492325858,0.721337080724325,1.40688610790576,-0.0931138920942445
1.5,"gam",61,1.00056583671312,0.998196963026463,1.4223534238167,-0.0776465761832992
1.5,"gam",62,0.883874320638041,0.0569407817721397,1.30827164375302,-0.191728356246984
1.5,"gam",63,0.932540896188338,0.278740537346022,1.34869525787502,-0.151304742124978
1.5,"gam",64,0.979627902326145,0.747930640942191,1.44577989427497,-0.0542201057250253
1.5,"gam",65,0.983185904235528,0.790992771668343,1.23347914379717,-0.266520856202834
1.5,"gam",66,1.04283282046205,0.523078548304949,1.31944201339815,-0.180557986601854
1.5,"gam",67,0.976728327385364,0.712466910294731,1.49024655265307,-0.00975344734693184
1.5,"gam",68,0.923356124065526,0.219348162196955,1.60723299354912,0.107232993549119
1.5,"gam",69,0.972724807944965,0.670034663936786,1.8157661691679,0.315766169167897
1.5,"gam",70,1.07816469656921,0.257043505419926,1.31490653867648,-0.185093461323519
1.5,"gam",71,1.02779637199968,0.676877566787411,1.38562331766658,-0.114376682333423
1.5,"gam",72,1.03545718395409,0.594540570092303,1.64734907998843,0.147349079988432
1.5,"gam",73,0.999922087531351,0.995580593820847,1.57357258167699,0.0735725816769912
1.5,"gam",74,0.947049628093659,0.400555259359507,1.59534565737843,0.0953456573784255
1.5,"gam",75,1.14870804497068,0.0358101965658206,1.60920936353068,0.109209363530681
1.5,"gam",76,0.978522592123397,0.734903664556992,1.78020619850316,0.280206198503165
1.5,"gam",77,1.0122904160218,0.855953130693845,1.53868703191399,0.0386870319139911
1.5,"gam",78,0.941579488796704,0.354871079485739,1.64138335970884,0.141383359708844
1.5,"gam",79,1.07769383415792,0.252294199046556,1.13055435806791,-0.369445641932086
1.5,"gam",80,1.12484481098638,0.0759184440344391,1.42748182043443,-0.0725181795655683
1.5,"gam",81,1.09887430784892,0.153201752566992,1.60519712188262,0.105197121882623
1.5,"gam",82,0.972313529435752,0.661074718779281,1.85355378049318,0.353553780493181
1.5,"gam",83,1.00136109771868,0.987454934217913,1.75431937818975,0.254319378189746
1.5,"gam",84,0.857963404128354,0.0189540108208915,1.48691774820581,-0.0130822517941878
1.5,"gam",85,1.0564595804496,0.401325942992813,1.60783431929699,0.10783431929699
1.5,"gam",86,0.939747034276355,0.335812270541593,1.5524105435621,0.0524105435620987
1.5,"gam",87,0.950345729602093,0.433766154754142,1.32897765159637,-0.171022348403628
1.5,"gam",88,1.05327725272562,0.431264406960279,1.61768688720988,0.117686887209875
1.5,"gam",89,1.01872099758221,0.779280768282993,1.38088162581764,-0.119118374182363
1.5,"gam",90,0.942952562883482,0.366475490426754,1.35910502183292,-0.140894978167081
1.5,"gam",91,0.998603676610857,0.978991096868764,1.81990036449692,0.319900364496916
1.5,"gam",92,0.89069760550779,0.0737373387661586,1.50972576502571,0.00972576502570877
1.5,"gam",93,0.902312894113179,0.111227535294368,1.44246229449038,-0.057537705509622
1.5,"gam",94,0.967449292464903,0.608032729842776,1.46854405997967,-0.0314559400203345
1.5,"gam",95,0.844887712183244,0.00926024527960981,1.56188369255111,0.0618836925511133
1.5,"gam",96,0.874865063739012,0.0391989892733664,1.27856517541225,-0.221434824587753
1.5,"gam",97,0.904646110975752,0.123279291438924,1.61047206054705,0.110472060547047
1.5,"gam",98,1.05600989548981,0.40781631676853,1.68569506683248,0.185695066832476
1.5,"gam",99,0.939897375449876,0.336953240945997,1.74243196922597,0.242431969225973
1.5,"gam",100,0.992563026571273,0.904588395812625,1.60956763565115,0.109567635651145
1.5,"ranger",1,0.961657780121665,0.546536698997771,1.36232891799238,-0.137671082007616
1.5,"ranger",2,0.986554213722967,0.830536635960506,1.31593577618421,-0.184064223815786
1.5,"ranger",3,0.980787743280495,0.761912707363629,1.43356613185766,-0.0664338681423429
1.5,"ranger",4,1.16500633908443,0.020427049394633,1.27994883703594,-0.220051162964058
1.5,"ranger",5,0.911793326257994,0.157368339852181,1.42471194786976,-0.0752880521302424
1.5,"ranger",6,0.938747804706398,0.32932056770305,1.33647693026191,-0.163523069738094
1.5,"ranger",7,1.10874671195302,0.120132830176001,1.3928531715119,-0.107146828488103
1.5,"ranger",8,0.951836464237472,0.445222158351497,1.67251206115482,0.172512061154821
1.5,"ranger",9,0.886723358599224,0.0646915409106673,1.40834736518234,-0.0916526348176616
1.5,"ranger",10,1.09352561754845,0.173798901579625,1.45132132476406,-0.0486786752359436
1.5,"ranger",11,0.971141197437473,0.652158023673616,1.21964424199342,-0.280355758006581
1.5,"ranger",12,0.890474209230483,0.074042915499739,1.53063469435832,0.0306346943583244
1.5,"ranger",13,1.02600848538567,0.698558117138453,1.47177925208289,-0.0282207479171119
1.5,"ranger",14,0.992456777604531,0.90327579441479,1.39080516522515,-0.10919483477485
1.5,"ranger",15,0.930120366400877,0.264188226668879,1.65847111785491,0.158471117854913
1.5,"ranger",16,0.875434387534499,0.038360569228311,1.17409297632629,-0.325907023673714
1.5,"ranger",17,0.96779648382952,0.611244300584839,1.04340899277809,-0.456591007221909
1.5,"ranger",18,0.905085915923991,0.123774403865,1.42250911624496,-0.0774908837550439
1.5,"ranger",19,0.906853006352126,0.131294990921407,1.5546743925937,0.0546743925936979
1.5,"ranger",20,1.00132105932971,0.988216204501563,1.54823548001885,0.0482354800188451
1.5,"ranger",21,0.849938000838904,0.0121734839085725,1.29008355144022,-0.209916448559776
1.5,"ranger",22,0.961414102130596,0.542259804010907,1.41364648366854,-0.0863535163314633
1.5,"ranger",23,0.96477128109851,0.579319871054464,1.37568771714694,-0.12431228285306
1.5,"ranger",24,0.99088190959243,0.883946153019841,1.43396438208873,-0.0660356179112691
1.5,"ranger",25,1.01667449033162,0.805591686203158,1.37305992756106,-0.126940072438942
1.5,"ranger",26,1.3097724691558,4.60690387613649e-05,1.45108489493602,-0.0489151050639767
1.5,"ranger",27,1.12356738833917,0.0777493296232081,1.25566088616679,-0.244339113833214
1.5,"ranger",28,1.05584890851209,0.403983148961077,1.18471367076769,-0.315286329232307
1.5,"ranger",29,0.984649463153958,0.809564147799226,1.20413946923886,-0.29586053076114
1.5,"ranger",30,0.98172719535557,0.772079277959811,1.41071166068261,-0.0892883393173878
1.5,"ranger",31,0.889965902421299,0.070979830945171,1.3578665394733,-0.142133460526703
1.5,"ranger",32,0.879207864057443,0.046540229080814,1.66412645009896,0.164126450098957
1.5,"ranger",33,0.970001762202742,0.638384379839643,1.21222078766337,-0.28777921233663
1.5,"ranger",34,0.926035850953625,0.235770871976335,1.42364877957143,-0.0763512204285703
1.5,"ranger",35,1.10541911408586,0.130413667344283,1.48205552784844,-0.0179444721515607
1.5,"ranger",36,1.10457766788974,0.131305176913118,1.1502833338487,-0.349716666151304
1.5,"ranger",37,1.03297500482921,0.626484359092384,1.53390439003075,0.0339043900307539
1.5,"ranger",38,0.894663376449698,0.0863064188093141,1.38705137552755,-0.112948624472451
1.5,"ranger",39,1.11263702544206,0.103129715632657,1.52379138704047,0.0237913870404673
1.5,"ranger",40,0.946070339822324,0.390274191595328,1.39419869866525,-0.105801301334753
1.5,"ranger",41,1.11707753851475,0.0934630937001719,1.40269574934347,-0.0973042506565305
1.5,"ranger",42,0.913118368329333,0.165741127669731,1.22559917051341,-0.274400829486585
1.5,"ranger",43,0.996873616193603,0.957683545342065,1.50224636774811,0.0022463677481106
1.5,"ranger",44,1.19787447126225,0.0053616194126529,1.4096977939009,-0.0903022060991028
1.5,"ranger",45,0.964250368612068,0.572840199567122,1.38105833897627,-0.118941661023735
1.5,"ranger",46,0.982889778864571,0.786179929590432,1.21210860440798,-0.287891395592015
1.5,"ranger",47,0.978534333574276,0.735365810762682,1.60580833009548,0.105808330095477
1.5,"ranger",48,1.09020843030858,0.191573422448607,1.40892009122001,-0.091079908779987
1.5,"ranger",49,0.907184384581837,0.133554716139772,1.47628354344167,-0.0237164565583252
1.5,"ranger",50,0.905329158061894,0.126036995799956,1.21772268308684,-0.282277316913161
1.5,"ranger",51,0.892302193817797,0.0803487951443707,1.24729090367389,-0.25270909632611
1.5,"ranger",52,0.932635958871782,0.283525394087581,1.68319153785979,0.183191537859791
1.5,"ranger",53,1.08730397517803,0.200048132161043,1.45919030826847,-0.0408096917315268
1.5,"ranger",54,0.90080846906583,0.107227216308523,1.2814217186007,-0.218578281399296
1.5,"ranger",55,0.980482368533788,0.756416468253814,1.46263084428795,-0.0373691557120526
1.5,"ranger",56,0.943063909236723,0.365726095204068,1.28537323138804,-0.214626768611959
1.5,"ranger",57,1.0009426532778,0.992214524092735,1.3488673255052,-0.151132674494801
1.5,"ranger",58,1.22180963479563,0.00213028610349664,1.32674022237307,-0.173259777626932
1.5,"ranger",59,1.1255683226017,0.0701689593306476,1.27623756363442,-0.223762436365576
1.5,"ranger",60,0.958603927259252,0.516712956906568,1.25830493816315,-0.241695061836852
1.5,"ranger",61,0.903606579249654,0.121654531346739,1.39471169695409,-0.105288303045914
1.5,"ranger",62,1.00410394848174,0.954334202782654,0.928783656293064,-0.571216343706936
1.5,"ranger",63,1.03046565589508,0.647789758363334,1.21591837289615,-0.284081627103852
1.5,"ranger",64,1.08386703119656,0.219746217133586,1.31989629179472,-0.180103708205277
1.5,"ranger",65,0.945312266889051,0.385554785272712,1.11474186619437,-0.385258133805626
1.5,"ranger",66,0.998637485218029,0.979279041939662,1.45967376324208,-0.0403262367579162
1.5,"ranger",67,1.08807447517179,0.19522921945978,1.20953120041587,-0.290468799584128
1.5,"ranger",68,0.857287511924888,0.0176291320747971,1.43194343281114,-0.0680565671888578
1.5,"ranger",69,0.873126950461091,0.0378763920219611,1.67185571475847,0.171855714758467
1.5,"ranger",70,0.853872040135884,0.0154155595323227,1.15686169925038,-0.343138300749621
1.5,"ranger",71,1.04426714358207,0.50874635939781,1.33248007786621,-0.167519922133789
1.5,"ranger",72,1.05954147900538,0.375718656974807,1.4159228494417,-0.0840771505583038
1.5,"ranger",73,0.879159282554589,0.0449103221297144,1.18313833753456,-0.316861662465438
1.5,"ranger",74,0.97937538624775,0.745276666573595,1.48399506000384,-0.0160049399961588
1.5,"ranger",75,0.926444909609121,0.239459205122638,1.35932313955537,-0.140676860444627
1.5,"ranger",76,1.05215245289093,0.43934558231581,1.40240833365679,-0.0975916663432064
1.5,"ranger",77,0.988799152291957,0.858799477472895,1.43838811948391,-0.0616118805160928
1.5,"ranger",78,0.938455150511995,0.329024695291812,1.52951210587263,0.02951210587263
1.5,"ranger",79,1.19484111499773,0.00655826311326413,1.14819203716563,-0.351807962834375
1.5,"ranger",80,1.12140014381396,0.0838608890679844,1.16683508523758,-0.33316491476242
1.5,"ranger",81,0.915082476376364,0.172008857073679,1.41473184406701,-0.0852681559329924
1.5,"ranger",82,1.01242312630937,0.852526385335131,1.50289884049186,0.00289884049186151
1.5,"ranger",83,1.02437548076256,0.715761300072524,1.4881306326663,-0.0118693673337025
1.5,"ranger",84,0.912487887488459,0.161042488790347,1.54528549360678,0.0452854936067777
1.5,"ranger",85,0.91802214644674,0.184797029928129,1.26510633193778,-0.234893668062216
1.5,"ranger",86,1.077057141073,0.257359568746742,1.36842733631046,-0.131572663689539
1.5,"ranger",87,1.01161530947634,0.86516484323094,1.25923247998059,-0.240767520019408
1.5,"ranger",88,1.01159222244653,0.864353136534694,1.36784494763456,-0.132155052365439
1.5,"ranger",89,0.945173721384949,0.381957507251417,1.04793361914444,-0.45206638085556
1.5,"ranger",90,0.99461777958715,0.929849523905331,1.2869381592497,-0.213061840750301
1.5,"ranger",91,1.06049119880695,0.369238613317927,1.69240165724148,0.192401657241482
1.5,"ranger",92,0.977526470191469,0.723236301711611,1.39839561028023,-0.101604389719774
1.5,"ranger",93,0.982732256937677,0.784743492934252,1.47418096619219,-0.0258190338078124
1.5,"ranger",94,0.84857096406574,0.0112116889702463,1.2872610222692,-0.212738977730801
1.5,"ranger",95,1.01657234846537,0.805627913503386,1.35500903622138,-0.144990963778624
1.5,"ranger",96,1.02411194234716,0.719683973244227,1.29102399429436,-0.208976005705639
1.5,"ranger",97,0.974533290517335,0.689353909466091,1.42437783813496,-0.0756221618650426
1.5,"ranger",98,0.939077221741054,0.331676013736424,1.36028372388094,-0.139716276119058
1.5,"ranger",99,0.881919751220203,0.0516943131717323,1.59646435691536,0.0964643569153587
1.5,"ranger",100,1.06058747557177,0.367106427194794,1.49029221986611,-0.0097077801338874
1.5,"nnet_d0.01",1,0.846242886463388,0.0101987200285412,1.62821466012328,0.128214660123284
1.5,"nnet_d0.01",2,0.951108732951837,0.434266714778131,1.69779610691469,0.197796106914692
1.5,"nnet_d0.01",3,1.04897666679244,0.46742734223997,1.50236018639394,0.00236018639393643
1.5,"nnet_d0.01",4,1.00104852801366,0.991451211548579,1.4510950898312,-0.0489049101687982
1.5,"nnet_d0.01",5,0.963403044513269,0.566542790747035,1.86326115108797,0.363261151087966
1.5,"nnet_d0.01",6,0.914997819628396,0.170652864653071,1.81422997337985,0.314229973379846
1.5,"nnet_d0.01",7,0.98163388011759,0.773473477325486,1.59784569913441,0.0978456991344143
1.5,"nnet_d0.01",8,0.935538498391753,0.303320476729077,1.98207693269863,0.482076932698634
1.5,"nnet_d0.01",9,0.950705134404482,0.436606103821095,1.54389869369621,0.0438986936962082
1.5,"nnet_d0.01",10,0.910127024008782,0.145930922629958,1.68372992042789,0.183729920427886
1.5,"nnet_d0.01",11,0.857228963170254,0.0183880377912453,1.37328698750331,-0.126713012496694
1.5,"nnet_d0.01",12,0.918335497107471,0.189576384206782,1.79215498630792,0.292154986307918
1.5,"nnet_d0.01",13,0.996587770645106,0.953973996070583,1.74731510343904,0.247315103439036
1.5,"nnet_d0.01",14,0.851858791568487,0.0126374205377477,1.53339606195025,0.0333960619502531
1.5,"nnet_d0.01",15,0.909738386450738,0.144944102093092,1.86268104728433,0.362681047284334
1.5,"nnet_d0.01",16,0.983110496495932,0.788670244764937,1.47345023715712,-0.0265497628428786
1.5,"nnet_d0.01",17,0.976768148114464,0.714120309411667,1.35088911506152,-0.149110884938479
1.5,"nnet_d0.01",18,1.05923497714181,0.381987105975079,1.8440853479071,0.344085347907104
1.5,"nnet_d0.01",19,0.94496740015222,0.38184653576227,1.68130910089078,0.181309100890777
1.5,"nnet_d0.01",20,0.874287741890368,0.0382823813567975,1.86452562004012,0.364525620040118
1.5,"nnet_d0.01",21,0.912524343074383,0.158483937192186,1.44089611928994,-0.0591038807100601
1.5,"nnet_d0.01",22,0.852750368678541,0.01383442137196,1.53878758588172,0.038787585881715
1.5,"nnet_d0.01",23,0.957444246222912,0.502061358046273,1.78658377080157,0.286583770801567
1.5,"nnet_d0.01",24,0.93191140347805,0.273936424168334,1.50236917361497,0.00236917361496558
1.5,"nnet_d0.01",25,0.951036047914855,0.439753255848873,1.55931509246347,0.0593150924634658
1.5,"nnet_d0.01",26,0.953069733330734,0.457684655350565,1.35174777192049,-0.148252228079509
1.5,"nnet_d0.01",27,0.991981585700073,0.897694700374769,1.44166584875309,-0.0583341512469144
1.5,"nnet_d0.01",28,0.914138134362061,0.162439029463543,1.50575191190041,0.00575191190040858
1.5,"nnet_d0.01",29,1.01963373025341,0.772912804856785,1.45098957055971,-0.0490104294402895
1.5,"nnet_d0.01",30,0.987208714780182,0.838728414933269,1.69515387616437,0.195153876164373
1.5,"nnet_d0.01",31,0.956630411095166,0.491389870885401,1.66318458257726,0.163184582577258
1.5,"nnet_d0.01",32,0.952670585810903,0.452815642282157,2.02442546195787,0.524425461957873
1.5,"nnet_d0.01",33,0.833131264885341,0.00503374474201473,1.52452179435738,0.0245217943573781
1.5,"nnet_d0.01",34,0.898957874925322,0.100327056585432,1.88673716138827,0.386737161388266
1.5,"nnet_d0.01",35,0.907535854580335,0.136556597263431,1.51362658440115,0.0136265844011532
1.5,"nnet_d0.01",36,0.924293545668408,0.225042557772524,1.51228315276811,0.012283152768108
1.5,"nnet_d0.01",37,0.956293321759223,0.49214392304647,1.82200950984723,0.322009509847232
1.5,"nnet_d0.01",38,1.01397087738192,0.836343900517655,1.69822177994616,0.19822177994616
1.5,"nnet_d0.01",39,0.974227522583751,0.684022021132756,2.11226905689861,0.612269056898606
1.5,"nnet_d0.01",40,0.850082874331385,0.0118509873889872,1.42265874801406,-0.0773412519859438
1.5,"nnet_d0.01",41,0.897394068987206,0.0955895035245368,1.52076472046449,0.0207647204644876
1.5,"nnet_d0.01",42,0.968028947612376,0.618272590322361,1.4385863961596,-0.0614136038403996
1.5,"nnet_d0.01",43,1.00817598723015,0.904058972945419,1.96918903183109,0.469189031831088
1.5,"nnet_d0.01",44,0.990054538717693,0.873480579864694,1.97150104671073,0.471501046710728
1.5,"nnet_d0.01",45,1.02906988951626,0.664873486456749,1.70118079599718,0.201180795997178
1.5,"nnet_d0.01",46,1.06654193225763,0.323042423839489,1.24039443727977,-0.259605562720231
1.5,"nnet_d0.01",47,1.04983599133159,0.460469682018421,1.607463526016,0.107463526015998
1.5,"nnet_d0.01",48,0.801199347334069,0.000638418489826687,1.67192943948961,0.171929439489608
1.5,"nnet_d0.01",49,1.05892936203086,0.385685189237041,1.94041572147369,0.440415721473692
1.5,"nnet_d0.01",50,1.00654249521021,0.92521390277819,1.52645102033711,0.0264510203371062
1.5,"nnet_d0.01",51,1.06128621125721,0.369725539013745,1.55133532260046,0.05133532260046
1.5,"nnet_d0.01",52,1.04060601923967,0.548341502321551,2.06154887486023,0.561548874860228
1.5,"nnet_d0.01",53,0.970449635176623,0.640051011264045,1.75222648464785,0.252226484647847
1.5,"nnet_d0.01",54,0.893252194483625,0.0817219078788092,1.29022666797177,-0.209773332028231
1.5,"nnet_d0.01",55,0.980332668971237,0.754612265049122,1.74977723176761,0.249777231767606
1.5,"nnet_d0.01",56,0.868991192076525,0.030329610454306,1.74393190280284,0.243931902802837
1.5,"nnet_d0.01",57,0.981012035702557,0.763859384623629,1.46143628205578,-0.0385637179442209
1.5,"nnet_d0.01",58,0.893114155825752,0.0785151274329658,1.59586359356916,0.0958635935691625
1.5,"nnet_d0.01",59,0.891835459027412,0.0756240189131675,1.61244721717038,0.112447217170381
1.5,"nnet_d0.01",60,1.00099045836707,0.992958604329511,1.22382527889866,-0.276174721101338
1.5,"nnet_d0.01",61,0.842306935273158,0.00868786869150194,1.52879914653372,0.0287991465337176
1.5,"nnet_d0.01",62,0.988859476394618,0.859550800293957,1.30170157261198,-0.198298427388024
1.5,"nnet_d0.01",63,0.95632874558327,0.487903586583969,1.31009352006522,-0.18990647993478
1.5,"nnet_d0.01",64,0.834081911823662,0.00497614873570084,1.67545982653817,0.175459826538172
1.5,"nnet_d0.01",65,0.865432699503314,0.0258337825701807,1.25653687373222,-0.243463126267782
1.5,"nnet_d0.01",66,0.893883300510625,0.0824909162846059,1.6996594244472,0.199659424447204
1.5,"nnet_d0.01",67,0.981442061618508,0.768703738423596,1.60213938678652,0.102139386786516
1.5,"nnet_d0.01",68,0.800150941206579,0.000577006254370058,1.58049423932502,0.0804942393250225
1.5,"nnet_d0.01",69,1.02604220591748,0.701518437276457,2.0514390797994,0.551439079799399
1.5,"nnet_d0.01",70,1.08193814107084,0.235582940714336,1.4013515439749,-0.0986484560251031
1.5,"nnet_d0.01",71,0.803738761251431,0.000692318850548025,1.363447190544,-0.136552809456
1.5,"nnet_d0.01",72,0.870897685616617,0.0317739635641074,1.92798258875427,0.427982588754271
1.5,"nnet_d0.01",73,1.00702250164366,0.917213566193388,1.40087438311916,-0.099125616880843
1.5,"nnet_d0.01",74,0.862267010450249,0.0221082249649998,1.5155586819158,0.0155586819158029
1.5,"nnet_d0.01",75,1.04509006387971,0.504859320618853,1.85075105418174,0.350751054181739
1.5,"nnet_d0.01",76,1.00336106636421,0.963066556140983,1.57009380070011,0.0700938007001071
1.5,"nnet_d0.01",77,1.00431866747919,0.951696181686903,1.85256957030166,0.352569570301656
1.5,"nnet_d0.01",78,0.943559060015406,0.371842189117949,1.40571228070105,-0.0942877192989537
1.5,"nnet_d0.01",79,0.932818381088586,0.280596379370643,1.51301135057802,0.0130113505780203
1.5,"nnet_d0.01",80,0.839518657720028,0.00719531873898378,1.63728345082355,0.13728345082355
1.5,"nnet_d0.01",81,1.01812158586941,0.788339280586518,1.80843798238165,0.308437982381648
1.5,"nnet_d0.01",82,0.953408836057563,0.457904369898099,1.83676601912652,0.336766019126517
1.5,"nnet_d0.01",83,0.862597195464994,0.0222486546046495,1.7498595317663,0.249859531766303
1.5,"nnet_d0.01",84,0.968902783928095,0.626818806155488,1.70363823250994,0.203638232509942
1.5,"nnet_d0.01",85,0.859230829518732,0.0185937877099925,1.53021608671811,0.0302160867181056
1.5,"nnet_d0.01",86,0.82184105286553,0.00235320694077518,1.617543507826,0.117543507825995
1.5,"nnet_d0.01",87,0.942677119141503,0.364584223479189,1.54815319110348,0.0481531911034823
1.5,"nnet_d0.01",88,0.941734547315991,0.354345299024288,1.49090591711426,-0.00909408288574243
1.5,"nnet_d0.01",89,0.903561801367232,0.116197367694521,1.2896292534406,-0.210370746559396
1.5,"nnet_d0.01",90,0.976442774060606,0.711820366859929,1.63280889496111,0.132808894961108
1.5,"nnet_d0.01",91,0.912939879453589,0.157821571056168,2.0187428388839,0.518742838883897
1.5,"nnet_d0.01",92,0.836184280566055,0.00565607557345771,1.81011550007745,0.310115500077454
1.5,"nnet_d0.01",93,1.01864208772989,0.780123589975298,1.75191160798581,0.25191160798581
1.5,"nnet_d0.01",94,0.900299215554269,0.105097948956906,1.33052960220853,-0.169470397791467
1.5,"nnet_d0.01",95,0.891856604722449,0.0775086813735333,1.5497927140396,0.0497927140396015
1.5,"nnet_d0.01",96,0.998823064566146,0.981306884608067,1.61713553666571,0.117135536665708
1.5,"nnet_d0.01",97,0.945684560232703,0.389877536124144,1.4216224327165,-0.0783775672834972
1.5,"nnet_d0.01",98,1.0279429328947,0.677083563070546,1.65344374129359,0.153443741293595
1.5,"nnet_d0.01",99,0.869560774606239,0.0304144778472166,1.64780475357626,0.147804753576259
1.5,"nnet_d0.01",100,0.87162900697297,0.0326960875275534,1.6596791461597,0.159679146159701
1.5,"nnet_d0.1",1,0.904238394975642,0.121784661976893,1.71237548422582,0.212375484225822
1.5,"nnet_d0.1",2,1.00248864949128,0.972675509893257,1.60855703176379,0.108557031763793
1.5,"nnet_d0.1",3,1.07778616483176,0.25425393111313,1.40853064856225,-0.0914693514377507
1.5,"nnet_d0.1",4,1.02032778779292,0.762160933201813,1.30588889589527,-0.194111104104729
1.5,"nnet_d0.1",5,1.01120474687012,0.870486725890049,1.81992554067593,0.319925540675931
1.5,"nnet_d0.1",6,0.95332977505906,0.460227430749017,1.59163437261961,0.0916343726196147
1.5,"nnet_d0.1",7,0.984278749348988,0.804984734595321,1.49180607686064,-0.00819392313935685
1.5,"nnet_d0.1",8,0.979107861299092,0.742015523468972,1.82888681020075,0.32888681020075
1.5,"nnet_d0.1",9,0.963404456626377,0.565341266281968,1.54474902322539,0.0447490232253855
1.5,"nnet_d0.1",10,0.965187735646841,0.582886516420143,1.57444826448862,0.0744482644886237
1.5,"nnet_d0.1",11,0.878027715491746,0.0466141122723335,1.38609173580018,-0.113908264199822
1.5,"nnet_d0.1",12,0.94122427579762,0.35059242140573,1.68625956634527,0.186259566345269
1.5,"nnet_d0.1",13,1.03395368203628,0.613511921670022,1.76177536712403,0.261775367124033
1.5,"nnet_d0.1",14,0.867447024299818,0.0270270463910008,1.54880123430089,0.0488012343008908
1.5,"nnet_d0.1",15,0.875198703081539,0.0399016398233968,1.74485504227179,0.244855042271794
1.5,"nnet_d0.1",16,1.04455443905091,0.503534685469542,1.40120730338769,-0.0987926966123136
1.5,"nnet_d0.1",17,0.977222177746699,0.719459928220975,1.20442165694121,-0.295578343058792
1.5,"nnet_d0.1",18,1.04523370013539,0.5020631374832,1.62926638741261,0.12926638741261
1.5,"nnet_d0.1",19,1.00396343247304,0.955915258108458,1.70760697510831,0.207606975108306
1.5,"nnet_d0.1",20,0.904212459921256,0.120605039806992,1.78898833891036,0.288988338910359
1.5,"nnet_d0.1",21,0.993190377182756,0.912414091142433,1.39599208973167,-0.10400791026833
1.5,"nnet_d0.1",22,0.880579636266992,0.0495136569557005,1.42809110756748,-0.07190889243252
1.5,"nnet_d0.1",23,0.987852116583865,0.847428222067389,1.68759101742446,0.18759101742446
1.5,"nnet_d0.1",24,0.95957130617541,0.521133330871238,1.53011008487284,0.0301100848728364
1.5,"nnet_d0.1",25,0.992487913457567,0.903907597159024,1.47066607020383,-0.0293339297961686
1.5,"nnet_d0.1",26,0.967183056531739,0.605230123708998,1.24745913998305,-0.252540860016945
1.5,"nnet_d0.1",27,0.965382760238708,0.586231615286336,1.4153312480422,-0.0846687519577962
1.5,"nnet_d0.1",28,0.919987460594545,0.194381697159297,1.34351847219284,-0.156481527807157
1.5,"nnet_d0.1",29,1.0808849409093,0.242221194268922,1.34412538935173,-0.155874610648274
1.5,"nnet_d0.1",30,1.01693595718316,0.798815898334833,1.54698181798103,0.0469818179810306
1.5,"nnet_d0.1",31,1.00326139930232,0.963999455645567,1.54785026402825,0.0478502640282468
1.5,"nnet_d0.1",32,0.952223743404251,0.448476887524781,1.82400075409048,0.324000754090479
1.5,"nnet_d0.1",33,0.901494475706778,0.111644477621575,1.42210555651224,-0.0778944434877615
1.5,"nnet_d0.1",34,0.938329516206856,0.32582218446537,1.6491182522185,0.149118252218505
1.5,"nnet_d0.1",35,0.988653400139662,0.857428749701043,1.5387807215407,0.0387807215407012
1.5,"nnet_d0.1",36,0.97930915756113,0.744810735070404,1.42451838407749,-0.075481615922514
1.5,"nnet_d0.1",37,0.928999806257551,0.258682343664534,1.58840263587458,0.0884026358745815
1.5,"nnet_d0.1",38,1.1391359330228,0.0482411996568921,1.65570488805448,0.155704888054482
1.5,"nnet_d0.1",39,0.985588837559851,0.819366907427062,1.71714516538787,0.217145165387865
1.5,"nnet_d0.1",40,0.861994697485723,0.021428799208867,1.36393526984564,-0.136064730154358
1.5,"nnet_d0.1",41,0.901338217376721,0.109805928281752,1.48709581346919,-0.0129041865308053
1.5,"nnet_d0.1",42,0.960452393818688,0.536922758770568,1.37675181641296,-0.123248183587038
1.5,"nnet_d0.1",43,1.0215259620664,0.746767037712877,1.69551997608672,0.195519976086722
1.5,"nnet_d0.1",44,1.0464227762518,0.48380616495504,1.66675493512638,0.166754935126384
1.5,"nnet_d0.1",45,1.09226335777673,0.179678731866249,1.54521365372893,0.0452136537289334
1.5,"nnet_d0.1",46,1.04849413146962,0.468031688207911,1.14935007798787,-0.350649922012128
1.5,"nnet_d0.1",47,1.09964149020158,0.148837559368612,1.63164002185629,0.131640021856291
1.5,"nnet_d0.1",48,0.870476780264247,0.0329482354648926,1.60867391536323,0.108673915363232
1.5,"nnet_d0.1",49,1.1306478300673,0.0627388569228979,1.77573408184617,0.275734081846169
1.5,"nnet_d0.1",50,0.968697329555732,0.622918129888746,1.45013702315993,-0.0498629768400725
1.5,"nnet_d0.1",51,1.08921406753454,0.197168013148487,1.49441145700757,-0.00558854299243272
1.5,"nnet_d0.1",52,1.09126328441786,0.186507479665697,1.80124629543744,0.30124629543744
1.5,"nnet_d0.1",53,1.00175689921221,0.982194726297452,1.60108551053656,0.101085510536562
1.5,"nnet_d0.1",54,0.941942068405612,0.355998116306875,1.26840402832737,-0.231595971672631
1.5,"nnet_d0.1",55,0.989788879099367,0.870219005408516,1.64832542887094,0.148325428870936
1.5,"nnet_d0.1",56,0.924545310484869,0.226431410782472,1.58424931819109,0.0842493181910899
1.5,"nnet_d0.1",57,0.965293336923636,0.582427615912241,1.3652214820054,-0.134778517994601
1.5,"nnet_d0.1",58,0.904890252691314,0.119852044828807,1.57189201083905,0.0718920108390542
1.5,"nnet_d0.1",59,0.983126146683276,0.789260826673729,1.48845871969115,-0.0115412803088517
1.5,"nnet_d0.1",60,1.03703897070874,0.586248967631903,1.27916342519657,-0.220836574803433
1.5,"nnet_d0.1",61,0.877755037568176,0.0463906888089966,1.41915068903682,-0.080849310963182
1.5,"nnet_d0.1",62,1.00563693997055,0.935756946615305,1.22676778989005,-0.27323221010995
1.5,"nnet_d0.1",63,0.986798614944027,0.833982292217174,1.29386715057382,-0.206132849426183
1.5,"nnet_d0.1",64,0.879422503231722,0.0469101000153601,1.45328203182497,-0.0467179681750272
1.5,"nnet_d0.1",65,0.930160663916118,0.264361790832623,1.20920095077902,-0.290799049220977
1.5,"nnet_d0.1",66,0.928303139301325,0.24942416288214,1.46857063786756,-0.031429362132436
1.5,"nnet_d0.1",67,1.02406737064749,0.716973950857015,1.60396228361827,0.10396228361827
1.5,"nnet_d0.1",68,0.849188879657937,0.01173100908848,1.65998681645101,0.159986816451008
1.5,"nnet_d0.1",69,1.06752487660291,0.326227784880544,2.01764494854628,0.517644948546283
1.5,"nnet_d0.1",70,1.14904922608953,0.0365456276628442,1.47915854537544,-0.0208414546245612
1.5,"nnet_d0.1",71,0.938701769352275,0.326657084607401,1.31513030817069,-0.184869691829313
1.5,"nnet_d0.1",72,0.93610810368653,0.305042025642487,1.89330979611565,0.393309796115649
1.5,"nnet_d0.1",73,1.03139118575133,0.635846299754693,1.45109815899558,-0.048901841004422
1.5,"nnet_d0.1",74,0.920283914377188,0.199768212109016,1.43913512710104,-0.0608648728989596
1.5,"nnet_d0.1",75,1.08333163835809,0.225190232819517,1.65661416811702,0.156614168117018
1.5,"nnet_d0.1",76,1.01437883945282,0.830730176142816,1.5557923050874,0.0557923050873963
1.5,"nnet_d0.1",77,1.02751953459423,0.681991395105934,1.65137318452732,0.151373184527316
1.5,"nnet_d0.1",78,0.981214356288477,0.768043284177108,1.45819987528392,-0.0418001247160806
1.5,"nnet_d0.1",79,0.969639761979277,0.630974856924228,1.30102857914403,-0.19897142085597
1.5,"nnet_d0.1",80,0.846657419850489,0.0105571297171978,1.49027896193761,-0.00972103806239089
1.5,"nnet_d0.1",81,0.995389810159253,0.939279522107292,1.73298986753598,0.23298986753598
1.5,"nnet_d0.1",82,0.96451420571626,0.573417774687532,1.74443374519571,0.244433745195706
1.5,"nnet_d0.1",83,0.877306227809163,0.0429698068141312,1.70726152815691,0.207261528156914
1.5,"nnet_d0.1",84,1.05173590386099,0.448727472867495,1.75180481447454,0.251804814474543
1.5,"nnet_d0.1",85,0.863604385256328,0.0229290388394237,1.44607386438505,-0.0539261356149514
1.5,"nnet_d0.1",86,0.8367742371749,0.00575599910526376,1.57062656900861,0.0706265690086147
1.5,"nnet_d0.1",87,0.942066691808957,0.359365892752764,1.48910078375569,-0.0108992162443116
1.5,"nnet_d0.1",88,0.999052591707817,0.984096850266158,1.43709068506194,-0.0629093149380553
1.5,"nnet_d0.1",89,0.943815856342366,0.369982064777947,1.14566529644936,-0.354334703550636
1.5,"nnet_d0.1",90,1.01022940989884,0.881371339770907,1.53150142038764,0.0315014203876431
1.5,"nnet_d0.1",91,0.966376304870544,0.594501301297923,1.95280249175049,0.452802491750486
1.5,"nnet_d0.1",92,0.889380246873165,0.0701200369766653,1.65586152564396,0.155861525643961
1.5,"nnet_d0.1",93,1.05261668229637,0.433794884295209,1.59456649270714,0.0945664927071357
1.5,"nnet_d0.1",94,0.957539862166889,0.502181185345629,1.31541637580503,-0.184583624194968
1.5,"nnet_d0.1",95,0.922880106070109,0.215741553441629,1.49420907024693,-0.00579092975306694
1.5,"nnet_d0.1",96,0.981226317897635,0.767465933847368,1.48900988643215,-0.0109901135678518
1.5,"nnet_d0.1",97,0.984464607025864,0.806656540959078,1.37222106489552,-0.127778935104477
1.5,"nnet_d0.1",98,1.04230152605696,0.529767134680168,1.59911967099394,0.0991196709939377
1.5,"nnet_d0.1",99,0.881106062969663,0.0499972673170634,1.50577826080068,0.00577826080067778
1.5,"nnet_d0.1",100,0.841225908219817,0.00716010573863987,1.56173396199774,0.0617339619977353
3,"gam",1,0.914138911110074,0.16759961715698,2.72045934085825,-0.279540659141752
3,"gam",2,0.914731207469534,0.164968667505043,3.0614509801788,0.0614509801787948
3,"gam",3,1.04302811201581,0.522318485772719,2.79938344911319,-0.200616550886808
3,"gam",4,1.01314934651324,0.845666395667438,2.96361062923183,-0.0363893707681706
3,"gam",5,0.925141652827635,0.233398543466096,3.27315111046649,0.273151110466493
3,"gam",6,0.88684765562895,0.0639802029241846,2.84779921309961,-0.15220078690039
3,"gam",7,0.979050565446844,0.742963634887269,3.39033447647631,0.390334476476306
3,"gam",8,0.995770321381617,0.943993221602312,3.25642323426244,0.256423234262438
3,"gam",9,1.1098318147621,0.115247745723232,3.15675623893398,0.156756238933983
3,"gam",10,1.12081835573584,0.082798319488335,3.0631851105103,0.0631851105103034
3,"gam",11,0.910953800236524,0.153822377545533,3.00020490651705,0.000204906517052628
3,"gam",12,0.86977580991898,0.0316116195037109,2.99464907402135,-0.00535092597865328
3,"gam",13,0.933148542144421,0.285725357972863,3.42612476839111,0.426124768391106
3,"gam",14,1.04016251549746,0.546614490207581,3.21679456825409,0.216794568254092
3,"gam",15,0.833059407749425,0.00482741138885314,3.12003519072999,0.120035190729988
3,"gam",16,0.974095590642448,0.681254380538379,3.01603194625248,0.0160319462524763
3,"gam",17,1.09146352033852,0.1823096895705,2.89005085376616,-0.10994914623384
3,"gam",18,0.904977520222126,0.123323760378666,2.79051419298968,-0.20948580701032
3,"gam",19,0.971215803005145,0.65032553887056,2.88349944424347,-0.116500555756527
3,"gam",20,0.836650289169434,0.00590638456194183,3.08178193921332,0.0817819392133208
3,"gam",21,0.883882627066014,0.0571917365078938,3.17385519783909,0.173855197839088
3,"gam",22,1.04967958775053,0.461447508959382,3.10416022106883,0.104160221068833
3,"gam",23,1.00699367700612,0.919617671620329,3.2800868158441,0.280086815844103
3,"gam",24,0.991231853230674,0.888245621080599,3.07922156454152,0.0792215645415175
3,"gam",25,0.988700007377069,0.857891828618121,3.20850457388959,0.208504573889593
3,"gam",26,0.934789313523473,0.298104328595256,3.31606498336205,0.316064983362051
3,"gam",27,0.960179084974748,0.530602618105428,2.98142873629557,-0.018571263704434
3,"gam",28,1.0481003954561,0.470899821912894,3.09427842301399,0.094278423013987
3,"gam",29,1.1357003845882,0.0558275749897912,2.8252386240757,-0.1747613759243
3,"gam",30,1.01675999709269,0.800879597912771,3.0223359460314,0.0223359460314039
3,"gam",31,0.945399493078551,0.384066416517942,3.03978281964874,0.0397828196487353
3,"gam",32,1.03404918580197,0.611413235297535,3.34138943080803,0.341389430808033
3,"gam",33,1.18059702988972,0.0124104557124078,2.58086368016978,-0.419136319830216
3,"gam",34,1.02420169423808,0.71850171778362,2.97897277754281,-0.0210272224571937
3,"gam",35,1.10305567028442,0.138819570866242,2.95284330390409,-0.0471566960959131
3,"gam",36,1.15971974221925,0.0247273392194032,2.81792715248082,-0.182072847519177
3,"gam",37,0.998548329568287,0.977631377672404,3.17125015443351,0.171250154433511
3,"gam",38,0.936452528612021,0.311434854362426,3.01305527549029,0.0130552754902946
3,"gam",39,0.97637939884587,0.709164678931014,2.98793117622278,-0.012068823777224
3,"gam",40,1.0785051391285,0.2487052601877,2.9836232200233,-0.0163767799767047
3,"gam",41,0.943405793399884,0.36935431372678,2.73638888670704,-0.263611113292965
3,"gam",42,0.957103261667056,0.502551855424671,2.83232930126707,-0.167670698732928
3,"gam",43,0.996396730160878,0.951811770827021,2.913895227805,-0.0861047721950015
3,"gam",44,1.1092802586697,0.109110528736492,3.57112935753244,0.571129357532441
3,"gam",45,1.03945759517499,0.557444679944723,3.37658837878076,0.37658837878076
3,"gam",46,1.12610833522678,0.0684711756715246,2.81286683611173,-0.187133163888272
3,"gam",47,0.918401196465325,0.189017425055168,3.53111479062895,0.531114790628946
3,"gam",48,0.802695343550243,0.000709631423300468,2.81019184401153,-0.189808155988474
3,"gam",49,0.95066904408421,0.435177669114924,3.07722187985628,0.0772218798562805
3,"gam",50,1.11623213135872,0.0960292957678419,3.2424402457952,0.2424402457952
3,"gam",51,1.01923727530223,0.776493186875989,2.89730929935316,-0.102690700646845
3,"gam",52,0.912533748183678,0.159439181402297,3.53846817032214,0.538468170322143
3,"gam",53,0.985663063185367,0.820064733878079,3.07763669501684,0.0776366950168383
3,"gam",54,1.08048559854051,0.239822516182827,3.26877239269513,0.268772392695132
3,"gam",55,0.936802008648466,0.307948866247943,2.86345922360016,-0.136540776399842
3,"gam",56,1.07191367056893,0.291889591483252,2.65278251619593,-0.347217483804069
3,"gam",57,0.989197931489937,0.863271332525797,2.85942610795525,-0.140573892044752
3,"gam",58,1.07376965489383,0.273982918587746,3.26014771986224,0.260147719862244
3,"gam",59,0.916146893187907,0.174093089553213,2.74415988738407,-0.255840112615927
3,"gam",60,1.06267064290018,0.361385960351919,2.86703261039248,-0.132967389607515
3,"gam",61,0.958327395873926,0.514429342816161,2.9571313327559,-0.042868667244099
3,"gam",62,0.869889856035902,0.0315336495304737,3.04357770342119,0.0435777034211902
3,"gam",63,0.922544816956114,0.211298038768535,2.80875126965369,-0.191248730346313
3,"gam",64,0.981311980231642,0.768024872083078,2.78902664607129,-0.210973353928712
3,"gam",65,0.968397111725179,0.618960100287338,2.91149857781855,-0.0885014221814493
3,"gam",66,1.09336064760212,0.173182604561252,2.75466426113226,-0.245335738867743
3,"gam",67,0.988502604394107,0.854617338931023,3.19792767538231,0.197927675382314
3,"gam",68,0.934251532488952,0.294683820619772,3.07211085081959,0.0721108508195929
3,"gam",69,0.98503075714803,0.814161091371418,3.17701171785835,0.177011717858345
3,"gam",70,1.09417556668571,0.175225201875749,2.61805434237975,-0.381945657620248
3,"gam",71,1.01009536901006,0.881010258866238,2.90951527684417,-0.0904847231558255
3,"gam",72,1.03359484402165,0.613866729095047,3.23542193682777,0.235421936827767
3,"gam",73,1.0191087241115,0.773023490470979,2.9238555644012,-0.076144435598803
3,"gam",74,0.958715071390074,0.514174390422027,3.14194999253411,0.141949992534111
3,"gam",75,1.15457744294237,0.029561498160187,2.76319352756312,-0.236806472436877
3,"gam",76,0.982760174725373,0.785467494509334,3.27010838331267,0.270108383312669
3,"gam",77,0.999113695701012,0.984874755730249,2.74459464816097,-0.255405351839029
3,"gam",78,0.890872209226661,0.0759538020389753,3.17041382783773,0.170413827837728
3,"gam",79,1.03990750614943,0.550327415858533,2.9041592040926,-0.0958407959074021
3,"gam",80,1.0612180010494,0.370244906340724,2.97350440362492,-0.0264955963750753
3,"gam",81,1.15415814902696,0.0300242065864933,3.31686400189684,0.316864001896838
3,"gam",82,0.981736579565772,0.772343204466869,3.12005221533607,0.120052215336068
3,"gam",83,0.944792232676537,0.379566489931899,3.5861096619937,0.586109661993705
3,"gam",84,0.882636521792704,0.0559945887528883,2.86038691636014,-0.139613083639863
3,"gam",85,1.02086432616547,0.754324121704551,3.19397386940163,0.193973869401625
3,"gam",86,0.951881912075225,0.444603577230719,2.95499068715784,-0.0450093128421578
3,"gam",87,0.899945308516444,0.105735785778485,2.9790094813165,-0.020990518683496
3,"gam",88,1.06005005239951,0.376352248693969,3.12628746783495,0.126287467834952
3,"gam",89,0.967276212799309,0.604826643912959,2.93128444068332,-0.068715559316681
3,"gam",90,0.98034480101726,0.757682243840159,2.7906008201864,-0.209399179813596
3,"gam",91,1.00400685025622,0.954718491881516,3.37238434353515,0.372384343535146
3,"gam",92,0.861859296881006,0.0215693632716911,2.95171775903152,-0.0482822409684753
3,"gam",93,0.867975541121149,0.0281789284733301,3.22720496037082,0.227204960370819
3,"gam",94,0.964593404862007,0.576645896162979,2.8421425404773,-0.157857459522702
3,"gam",95,0.849333290381429,0.01170292002304,3.12718434957725,0.127184349577252
3,"gam",96,0.915499735418702,0.173405927375945,2.73125543218734,-0.268744567812665
3,"gam",97,0.920623614347635,0.20336815317002,3.00368781371478,0.00368781371477578
3,"gam",98,1.08310232320944,0.224887388090361,3.1926021256685,0.192602125668499
3,"gam",99,0.982740263601541,0.784965892980321,3.44042002108072,0.440420021080717
3,"gam",100,0.972526765722283,0.663431290056364,2.99209797043912,-0.0079020295608756
3,"ranger",1,0.974407982591917,0.6880317677956,2.73802485421364,-0.261975145786356
3,"ranger",2,0.971607729541588,0.652136302906705,3.21985718486305,0.219857184863054
3,"ranger",3,0.997758382580732,0.968378823133118,2.60503734516589,-0.39496265483411
3,"ranger",4,1.10709796327145,0.122038044939032,3.00392614661357,0.00392614661356605
3,"ranger",5,0.845957008814594,0.0103315641433878,3.23749000485595,0.237490004855945
3,"ranger",6,0.956428320095991,0.491067235653027,2.8123719550819,-0.187628044918097
3,"ranger",7,1.09574963182697,0.168574382768051,3.57022644084378,0.570226440843783
3,"ranger",8,1.02130798352206,0.750749896518295,3.16546445622438,0.165464456224377
3,"ranger",9,0.889029025916162,0.0706968568379956,3.04989464852484,0.0498946485248415
3,"ranger",10,1.04383317904624,0.514933536610783,2.88040317699987,-0.119596823000127
3,"ranger",11,1.06864264360691,0.318682174400905,3.13608011130907,0.13608011130907
3,"ranger",12,0.955432441804414,0.481738811513622,3.00993408134526,0.00993408134526108
3,"ranger",13,1.02525393267757,0.706895498253057,3.29375998664953,0.293759986649526
3,"ranger",14,0.995912045347043,0.94593000784952,3.12219738999623,0.122197389996229
3,"ranger",15,0.938925397743808,0.331210756663065,3.32200333060462,0.322003330604617
3,"ranger",16,1.0103069253233,0.877454610648917,2.91299160524517,-0.0870083947548301
3,"ranger",17,0.995686527681894,0.942996119349657,2.65373290777669,-0.346267092223309
3,"ranger",18,0.925021988133356,0.228958019906842,2.79765378408615,-0.202346215913855
3,"ranger",19,0.933112532689563,0.285128909311031,3.13121800002357,0.131218000023567
3,"ranger",20,1.10093570617937,0.144349278755185,3.35778080084821,0.357780800848213
3,"ranger",21,0.861874727223424,0.0219432652234178,3.53447606107624,0.534476061076242
3,"ranger",22,1.0285372203663,0.670432888388862,3.2214122682046,0.221412268204598
3,"ranger",23,1.03177622678925,0.637066373472332,2.8272337733625,-0.172766226637495
3,"ranger",24,0.910307275553888,0.144978928198795,3.26839114385542,0.268391143855416
3,"ranger",25,0.973757117555484,0.680660212459064,3.08206170369203,0.0820617036920295
3,"ranger",26,1.30253260257355,6.55076401443466e-05,3.52913851474408,0.52913851474408
3,"ranger",27,1.15103590089489,0.03331340865605,2.94811414501008,-0.0518858549899175
3,"ranger",28,1.07368690240742,0.274621624783386,2.91241327454935,-0.0875867254506466
3,"ranger",29,0.999940725142081,0.994386916776634,2.65227962339846,-0.347720376601536
3,"ranger",30,0.96639975197717,0.593853469029291,3.20846195566065,0.208461955660652
3,"ranger",31,0.909577933671159,0.142152472824567,3.01444612991986,0.0144461299198557
3,"ranger",32,0.956931331404014,0.495241881823253,3.41111963021773,0.411119630217729
3,"ranger",33,1.09750957609594,0.160402673895768,2.73319047060692,-0.266809529393084
3,"ranger",34,0.928691703145749,0.253657007116167,2.94158300862404,-0.0584169913759629
3,"ranger",35,1.22363399661343,0.00239617462304498,3.09058788951644,0.0905878895164367
3,"ranger",36,1.14270703578851,0.043121396503544,2.76830771827082,-0.231692281729183
3,"ranger",37,1.08127924731561,0.238765524674206,3.0972440054716,0.0972440054715977
3,"ranger",38,0.902897108141886,0.11549897476845,2.88512267808936,-0.114877321910638
3,"ranger",39,1.16923159228921,0.0170930248722487,3.20425235205908,0.20425235205908
3,"ranger",40,0.954665521780453,0.471806023733975,2.98049935253291,-0.0195006474670936
3,"ranger",41,1.11664407497069,0.0946156884746816,2.73575948403879,-0.264240515961208
3,"ranger",42,0.982105991977627,0.779811900144905,2.76169914136764,-0.238300858632359
3,"ranger",43,0.970999409050477,0.646553274935624,2.86634425842448,-0.133655741575517
3,"ranger",44,1.23969695887593,0.000932391523918108,3.55258773792793,0.552587737927931
3,"ranger",45,0.895461887767802,0.0883423033086925,3.27356178426923,0.273561784269231
3,"ranger",46,0.960316988439007,0.528133244379403,2.60351662076854,-0.396483379231463
3,"ranger",47,1.01477872515803,0.826466272042269,3.49984667297475,0.499846672974753
3,"ranger",48,1.17888170429312,0.0129877025302849,2.66903377627632,-0.330966223723682
3,"ranger",49,0.890637312970212,0.0744319701452248,3.74697756476422,0.746977564764219
3,"ranger",50,0.965197944026286,0.584300598120435,3.25786715796045,0.257867157960447
3,"ranger",51,0.92551408136267,0.234847046033228,2.84171483645571,-0.158285163544288
3,"ranger",52,0.903049256253097,0.116983650428782,3.56260053140432,0.562600531404317
3,"ranger",53,1.08430705109496,0.215294068112339,3.05168923082117,0.0516892308211658
3,"ranger",54,0.898979596487877,0.100561204098399,2.78931800579058,-0.21068199420942
3,"ranger",55,0.998724423906177,0.981017230641546,3.15667172669003,0.156671726690026
3,"ranger",56,0.963390737232828,0.563966564313731,2.60089048053928,-0.399109519460717
3,"ranger",57,1.02729185124982,0.681956623261263,3.20775176292657,0.207751762926573
3,"ranger",58,1.27619194395626,0.000189077946731953,3.33085799833113,0.330857998331131
3,"ranger",59,1.12556535057156,0.0701752047321484,2.80399814628144,-0.19600185371856
3,"ranger",60,1.07335127725309,0.28760837551848,2.72226944145211,-0.27773055854789
3,"ranger",61,0.892627740374798,0.082792697508123,3.09735364441249,0.097353644412494
3,"ranger",62,0.98645026328073,0.830299408649866,2.95752467667159,-0.0424753233284081
3,"ranger",63,1.065796919616,0.32998185122802,2.76458757941307,-0.235412420586927
3,"ranger",64,1.19561794882415,0.00658929584508527,2.59747676218509,-0.40252323781491
3,"ranger",65,0.956130850869006,0.48835411172613,3.31360551284954,0.313605512849541
3,"ranger",66,1.03430440584919,0.608119033669119,3.11896167383032,0.118961673830316
3,"ranger",67,1.02059381441858,0.756479971838915,2.85648130821257,-0.143518691787433
3,"ranger",68,0.92276014145805,0.215643755695232,3.00478418354558,0.00478418354557819
3,"ranger",69,0.876196362121606,0.0431399381965311,3.21200025758553,0.212000257585533
3,"ranger",70,0.942691115821527,0.365438823247743,2.52196509330101,-0.478034906698994
3,"ranger",71,1.07425391178798,0.273675784781219,3.08355247914234,0.0835524791423379
3,"ranger",72,1.15989638725366,0.0231538945759433,3.37397341976402,0.373973419764021
3,"ranger",73,0.946555556823814,0.392054194609097,2.60989461878941,-0.390105381210593
3,"ranger",74,0.960165650556059,0.529275765461275,3.37896510947313,0.378965109473131
3,"ranger",75,1.01065517494181,0.87582406289865,2.42542280616734,-0.574577193832658
3,"ranger",76,1.07831082380382,0.250904432175838,3.33775935282363,0.337759352823628
3,"ranger",77,1.05067401348975,0.453381471949986,2.71817458943043,-0.281825410569573
3,"ranger",78,0.953406102855339,0.46285188928376,3.17308687733815,0.17308687733815
3,"ranger",79,1.30806527957778,4.37401829149753e-05,3.11922588704408,0.119225887044076
3,"ranger",80,1.1896236496814,0.00892081658785893,2.81246567956167,-0.187534320438328
3,"ranger",81,0.90807868506328,0.137812385112975,3.44925037901345,0.449250379013447
3,"ranger",82,1.01691614697198,0.799359046079651,2.75377243459851,-0.246227565401493
3,"ranger",83,0.914113968265998,0.165098787527945,3.5183600116595,0.5183600116595
3,"ranger",84,0.987508028039184,0.843838368794221,3.03755130128874,0.0375513012887363
3,"ranger",85,0.988368455314175,0.85315558992929,3.03284158651866,0.0328415865186633
3,"ranger",86,1.05426809626554,0.42046682211053,2.92491708453211,-0.0750829154678918
3,"ranger",87,1.01016373972283,0.882366984287594,3.42451935876915,0.424519358769149
3,"ranger",88,1.11409141566426,0.10102639060546,3.0497883158551,0.0497883158550954
3,"ranger",89,1.01783091333465,0.789603166904617,2.56145830806967,-0.438541691930331
3,"ranger",90,1.09473877007753,0.171380072316002,3.2351999348189,0.235199934818904
3,"ranger",91,1.14218731197607,0.0421138077676089,3.41314853367068,0.41314853367068
3,"ranger",92,0.939539858468898,0.335038023154257,2.99277022841639,-0.00722977158361271
3,"ranger",93,0.989492115937167,0.866949906111429,3.72940141743255,0.729401417432551
3,"ranger",94,0.862173156108859,0.0220402141609412,2.84573543792189,-0.154264562078113
3,"ranger",95,1.06693760820549,0.325215886762546,3.09434202822611,0.0943420282261056
3,"ranger",96,1.0147023056469,0.827556648524518,3.02542273606457,0.02542273606457
3,"ranger",97,0.952238081980532,0.450850676763421,2.8407351544741,-0.1592648455259
3,"ranger",98,1.01688898288913,0.801733551467387,2.92295449232231,-0.0770455076776861
3,"ranger",99,0.887300228072871,0.0641186719142119,3.25221556907857,0.252215569078572
3,"ranger",100,1.11014079867935,0.108984221889412,3.07279698869719,0.0727969886971942
3,"nnet_d0.01",1,0.793270153990167,0.0003572577628276,3.38208950432657,0.382089504326574
3,"nnet_d0.01",2,0.913459378089558,0.158474337358065,3.61803865381745,0.618038653817453
3,"nnet_d0.01",3,1.01248950307244,0.85319334355145,2.81804664027748,-0.181953359722523
3,"nnet_d0.01",4,0.925651638974834,0.233148017207534,3.65433217684571,0.654332176845714
3,"nnet_d0.01",5,0.925605829252691,0.236420482491534,3.99955586575462,0.999555865754619
3,"nnet_d0.01",6,0.958514220052868,0.512374307859619,3.21572923524189,0.215729235241886
3,"nnet_d0.01",7,0.888669597082639,0.0705968988298404,4.05231006295776,1.05231006295776
3,"nnet_d0.01",8,0.932970501812869,0.283857434549027,3.39202896015574,0.392028960155739
3,"nnet_d0.01",9,0.882706383326573,0.0552027412013157,3.23796707944044,0.237967079440441
3,"nnet_d0.01",10,0.85279271253561,0.0138641403252014,3.24178347172319,0.241783471723189
3,"nnet_d0.01",11,0.829964484844535,0.00430605188528779,3.59550263066976,0.595502630669755
3,"nnet_d0.01",12,0.916979698381374,0.182018920273766,3.43900496282725,0.439004962827248
3,"nnet_d0.01",13,0.920807757100207,0.203172543404346,3.99200555867158,0.992005558671583
3,"nnet_d0.01",14,0.792102540745308,0.00028322537572709,3.41856392653193,0.418563926531927
3,"nnet_d0.01",15,0.806798052122322,0.000915614763766081,3.67225223401775,0.672252234017754
3,"nnet_d0.01",16,0.987700565684578,0.84468252418538,3.38326276825532,0.383262768255323
3,"nnet_d0.01",17,0.947851970309807,0.407083067740657,3.11042520180256,0.110425201802555
3,"nnet_d0.01",18,0.8750709250858,0.0393667021065111,3.28100577123682,0.281005771236821
3,"nnet_d0.01",19,0.907966032804499,0.136202323703053,3.42729940952916,0.427299409529157
3,"nnet_d0.01",20,0.909406511052612,0.143212500001493,3.73834108185375,0.738341081853752
3,"nnet_d0.01",21,1.01909489304555,0.776832988474601,3.979543329258,0.979543329257999
3,"nnet_d0.01",22,0.771261072724318,5.73814200096996e-05,3.40687731499659,0.406877314996593
3,"nnet_d0.01",23,0.847149834932143,0.0105659145634145,3.48114517005989,0.48114517005989
3,"nnet_d0.01",24,0.90714983099447,0.130690510179696,3.48930140552662,0.489301405526622
3,"nnet_d0.01",25,0.898200469057584,0.0990356616205085,3.53661291485265,0.536612914852649
3,"nnet_d0.01",26,0.910328893565229,0.147343403006555,3.26562805309566,0.265628053095664
3,"nnet_d0.01",27,0.815150562275381,0.0016270039201417,3.32847923811113,0.328479238111128
3,"nnet_d0.01",28,0.885257760792102,0.0578689842279795,3.15228742724669,0.152287427246688
3,"nnet_d0.01",29,1.04371204644294,0.521126271538439,2.9599740801972,-0.0400259198027948
3,"nnet_d0.01",30,0.992836914820599,0.907962264742904,3.63016667797052,0.630166677970519
3,"nnet_d0.01",31,0.97726403683413,0.719577906057579,3.4885748910264,0.488574891026401
3,"nnet_d0.01",32,0.932540516717381,0.28014762115802,3.79425867181729,0.794258671817288
3,"nnet_d0.01",33,0.791744494859609,0.000327156181522817,2.99312937028081,-0.00687062971919339
3,"nnet_d0.01",34,0.84353998440723,0.00859828472918391,3.33513764157055,0.335137641570554
3,"nnet_d0.01",35,0.914698293976681,0.171266100578382,3.05936291312315,0.0593629131231523
3,"nnet_d0.01",36,0.816774280788724,0.00178116302606127,3.30881859653715,0.308818596537153
3,"nnet_d0.01",37,0.88419024441238,0.0590825724000462,3.58836735441884,0.58836735441884
3,"nnet_d0.01",38,1.04559066203778,0.49967504221691,3.16914974425929,0.16914974425929
3,"nnet_d0.01",39,0.80285189530809,0.000654801377807398,3.81286149715491,0.812861497154908
3,"nnet_d0.01",40,0.818293049860363,0.00187337532059278,3.39575185648522,0.395751856485222
3,"nnet_d0.01",41,0.880071203776924,0.0491658938472903,3.23587810272384,0.235878102723835
3,"nnet_d0.01",42,0.886981545060511,0.0673703769607434,3.21450218226527,0.21450218226527
3,"nnet_d0.01",43,0.964740545923373,0.576582667420696,3.60773089069374,0.607730890693739
3,"nnet_d0.01",44,0.987494265563894,0.841872214470946,4.40068998206722,1.40068998206722
3,"nnet_d0.01",45,0.866753456260929,0.0272341574177575,3.92333879659191,0.92333879659191
3,"nnet_d0.01",46,0.994558617725239,0.929215945054998,2.90545980239847,-0.0945401976015261
3,"nnet_d0.01",47,0.928138584999252,0.249752809933785,3.36664851297777,0.366648512977769
3,"nnet_d0.01",48,0.809785056431652,0.0011557632195179,3.0590418345894,0.0590418345893982
3,"nnet_d0.01",49,1.03431429572627,0.610467249319163,4.7423229129568,1.7423229129568
3,"nnet_d0.01",50,0.887161678350942,0.0654685017378087,3.40657769470229,0.40657769470229
3,"nnet_d0.01",51,1.01675840561532,0.804993613897909,3.4772535340295,0.477253534029502
3,"nnet_d0.01",52,0.975588175229184,0.701699591254901,3.96395291553635,0.963952915536352
3,"nnet_d0.01",53,0.915073906651011,0.168489622728442,3.87505643801987,0.875056438019871
3,"nnet_d0.01",54,0.86699756936389,0.0276806161869592,3.20362761072528,0.203627610725279
3,"nnet_d0.01",55,0.924802249012718,0.222265691871512,3.25626188010393,0.256261880103931
3,"nnet_d0.01",56,0.86164227790934,0.021612088199275,2.96045264410239,-0.0395473558976129
3,"nnet_d0.01",57,0.886245876545,0.0609835764286633,3.09109099202532,0.0910909920253249
3,"nnet_d0.01",58,0.797377986280023,0.000414715406875049,3.95000644715786,0.950006447157865
3,"nnet_d0.01",59,0.917554165258196,0.181757438412755,3.09192396582241,0.0919239658224136
3,"nnet_d0.01",60,1.04691249561659,0.49184227243229,2.89476396890674,-0.105236031093263
3,"nnet_d0.01",61,0.770191080682958,6.23899778333177e-05,3.34058495294033,0.340584952940332
3,"nnet_d0.01",62,0.896198088777655,0.0910355453687617,3.31437723904122,0.314377239041224
3,"nnet_d0.01",63,0.8672502324068,0.0271667040808064,3.08312405030713,0.0831240503071284
3,"nnet_d0.01",64,0.801506887050393,0.00060700115202042,2.91263759600351,-0.0873624039964915
3,"nnet_d0.01",65,0.869488813197723,0.0310518586891321,3.60236883216353,0.602368832163528
3,"nnet_d0.01",66,0.874189225742181,0.0373588319982567,3.33198960627531,0.331989606275313
3,"nnet_d0.01",67,0.97316302529329,0.670742039371486,3.78537084033464,0.785370840334638
3,"nnet_d0.01",68,0.828969235653897,0.00381222462444987,3.88285906100896,0.882859061008956
3,"nnet_d0.01",69,0.87715810144975,0.0449068883963176,3.70900908792751,0.709009087927511
3,"nnet_d0.01",70,0.925460772775436,0.235226376741528,2.96509100844973,-0.0349089915502718
3,"nnet_d0.01",71,0.837419030018901,0.00591014713959895,3.15366420263393,0.153664202633935
3,"nnet_d0.01",72,0.80760521413967,0.000887416521553716,3.99499823645678,0.994998236456781
3,"nnet_d0.01",73,0.942042884491416,0.352304904593467,3.1096091700123,0.109609170012298
3,"nnet_d0.01",74,0.855546556460533,0.0159651308905069,3.54200494359085,0.542004943590848
3,"nnet_d0.01",75,0.980139351709552,0.754832533008328,3.23401267728686,0.234012677286862
3,"nnet_d0.01",76,0.911321588219878,0.151262954884917,3.45610557803663,0.456105578036635
3,"nnet_d0.01",77,0.986869843018247,0.835360287372138,3.26049021188557,0.260490211885573
3,"nnet_d0.01",78,0.914224705653407,0.168469394304418,3.20038674908479,0.200386749084792
3,"nnet_d0.01",79,0.831371091068181,0.00413266442805418,3.45363831083846,0.453638310838458
3,"nnet_d0.01",80,0.807501219458639,0.00100701686933058,3.26710654390607,0.267106543906069
3,"nnet_d0.01",81,0.842863678454183,0.00843879536428322,3.97804429899292,0.978044298992923
3,"nnet_d0.01",82,0.888901375608851,0.067304823074189,3.28266338671688,0.28266338671688
3,"nnet_d0.01",83,0.744707451047497,4.7712776612259e-06,4.31277592923526,1.31277592923526
3,"nnet_d0.01",84,0.906284863892912,0.132080038809318,3.32493831846367,0.324938318463665
3,"nnet_d0.01",85,0.829100606602632,0.00362174834661068,3.48109549637231,0.481095496372309
3,"nnet_d0.01",86,0.793064484432724,0.00032181084277465,3.72376142177249,0.723761421772493
3,"nnet_d0.01",87,0.862517756076986,0.0231499263184064,3.88776732047603,0.887767320476026
3,"nnet_d0.01",88,0.907490036487264,0.134535889534341,3.13943015851236,0.139430158512365
3,"nnet_d0.01",89,0.778922680142882,0.000104083805200417,2.82115773338804,-0.178842266611961
3,"nnet_d0.01",90,0.931591302571519,0.276234930120298,3.2179212947617,0.217921294761704
3,"nnet_d0.01",91,0.87474095002035,0.037906686121126,4.00287306176992,1.00287306176992
3,"nnet_d0.01",92,0.810053745240173,0.00111196143139863,3.55735608207027,0.557356082070269
3,"nnet_d0.01",93,0.902772022589837,0.113008356695336,4.01044619100506,1.01044619100506
3,"nnet_d0.01",94,0.880679464132216,0.0498719889664758,3.11548824015271,0.115488240152714
3,"nnet_d0.01",95,0.806648703643837,0.000896718569574319,3.42585146428115,0.425851464281151
3,"nnet_d0.01",96,0.945801096684111,0.389703262591241,3.3956570826544,0.395657082654397
3,"nnet_d0.01",97,1.02631779804382,0.696327956996782,3.3327095047118,0.332709504711797
3,"nnet_d0.01",98,0.951069930961499,0.438066394226916,3.53733606447206,0.537336064472056
3,"nnet_d0.01",99,0.834333818226914,0.00499468505900567,3.61506722169861,0.615067221698611
3,"nnet_d0.01",100,0.830879745080105,0.00394570818514195,3.43444373500714,0.434443735007136
3,"nnet_d0.1",1,0.871350226592771,0.0341940960333114,3.0958839933359,0.0958839933359013
3,"nnet_d0.1",2,0.985799269530196,0.821293600802643,3.2071832569118,0.2071832569118
3,"nnet_d0.1",3,1.02915562621182,0.66354627633583,2.54663899574301,-0.453361004256992
3,"nnet_d0.1",4,0.997579790570674,0.966135711955344,3.0211427089072,0.0211427089071972
3,"nnet_d0.1",5,1.0526013864184,0.44101032939285,3.59111259779047,0.591112597790474
3,"nnet_d0.1",6,1.00360630725274,0.960347079652819,2.95975150384122,-0.0402484961587803
3,"nnet_d0.1",7,0.948527533469278,0.417594853618114,3.40374553719417,0.403745537194166
3,"nnet_d0.1",8,0.953495383720699,0.461359140923836,3.10917978898101,0.109179788981006
3,"nnet_d0.1",9,0.958268455379094,0.511387281395773,3.07817484564249,0.0781748456424922
3,"nnet_d0.1",10,0.915074613746233,0.170569629002207,2.90566407882945,-0.0943359211705492
3,"nnet_d0.1",11,0.87369228610258,0.0388567240768417,3.16662443481416,0.166624434814156
3,"nnet_d0.1",12,0.942741680901974,0.363505039548872,3.0313842472614,0.0313842472613959
3,"nnet_d0.1",13,1.0759960312391,0.265943560626107,3.42696805126097,0.426968051260968
3,"nnet_d0.1",14,0.814902490230517,0.00144082166852574,3.09285932224347,0.0928593222434722
3,"nnet_d0.1",15,0.856175752756301,0.0166430406235752,3.24549123883321,0.245491238833207
3,"nnet_d0.1",16,1.00429005201255,0.950692865985457,3.09556916408628,0.0955691640862839
3,"nnet_d0.1",17,0.974345486263545,0.685825790480401,2.83078408919396,-0.169215910806038
3,"nnet_d0.1",18,0.949296632483027,0.421298581242484,2.99665738324996,-0.00334261675004432
3,"nnet_d0.1",19,0.977273254050804,0.72045427874448,3.16489158857504,0.164891588575037
3,"nnet_d0.1",20,0.908037174442325,0.136972457460254,3.48537231424769,0.485372314247687
3,"nnet_d0.1",21,1.01458663974443,0.829173405780945,3.39058948538473,0.390589485384729
3,"nnet_d0.1",22,0.83921779041295,0.00673497088833704,3.13457295236789,0.134572952367888
3,"nnet_d0.1",23,0.917502718467326,0.184908827791739,3.17583955701035,0.175839557010346
3,"nnet_d0.1",24,0.955947028544034,0.483874452302581,3.18221412432219,0.182214124322193
3,"nnet_d0.1",25,0.944580023631736,0.380538445548389,3.19091431712077,0.190914317120768
3,"nnet_d0.1",26,0.937117667660934,0.316234989266945,2.88340127565993,-0.116598724340069
3,"nnet_d0.1",27,0.953705700989606,0.464934204790308,3.04453619863711,0.0445361986371071
3,"nnet_d0.1",28,0.932774924233526,0.278725331808624,2.89262545820056,-0.107374541799435
3,"nnet_d0.1",29,1.06696169966534,0.329997012799959,2.65291456719974,-0.347085432800264
3,"nnet_d0.1",30,1.00039944975965,0.998658954317977,3.36292810082681,0.362928100826813
3,"nnet_d0.1",31,0.970916172052203,0.645901946425866,3.17594750549989,0.175947505499895
3,"nnet_d0.1",32,0.954937993188808,0.475158750021172,3.25327503393615,0.253275033936149
3,"nnet_d0.1",33,0.845048904814777,0.00971792012234244,2.7068528700072,-0.2931471299928
3,"nnet_d0.1",34,0.910531921193261,0.14821269396083,2.93553885530779,-0.0644611446922081
3,"nnet_d0.1",35,0.972146710990866,0.662574338688435,2.87727376561118,-0.122726234388824
3,"nnet_d0.1",36,0.922141909979998,0.211630309053002,2.99916576579972,-0.000834234200278061
3,"nnet_d0.1",37,0.927731578492579,0.249971521550131,3.04372031038369,0.0437203103836907
3,"nnet_d0.1",38,1.11737986753787,0.0922697219771353,3.00825296472364,0.00825296472363801
3,"nnet_d0.1",39,0.894873066595694,0.0853685387576273,3.1564468524229,0.1564468524229
3,"nnet_d0.1",40,0.829543700867897,0.00376770913476506,2.99185576538787,-0.00814423461212588
3,"nnet_d0.1",41,0.887331162815922,0.065704371309761,2.75833587059679,-0.241664129403207
3,"nnet_d0.1",42,0.903651710991745,0.122364015138929,2.72198661011889,-0.278013389881107
3,"nnet_d0.1",43,0.996960729234479,0.958756077215043,2.93733738451756,-0.0626626154824366
3,"nnet_d0.1",44,1.04998887310963,0.451510759693496,3.5537506678892,0.553750667889205
3,"nnet_d0.1",45,1.00582870222994,0.933289207785659,3.16939310416963,0.169393104169628
3,"nnet_d0.1",46,1.03755796211562,0.572603475393973,2.61323658805186,-0.386763411948135
3,"nnet_d0.1",47,1.04525670525258,0.501979450855156,3.17017316317941,0.170173163179406
3,"nnet_d0.1",48,0.83792526362558,0.00650829992311343,2.71676735480441,-0.283232645195594
3,"nnet_d0.1",49,1.11819366869885,0.0903524830946787,3.79038149034035,0.790381490340346
3,"nnet_d0.1",50,0.962837965606469,0.558820211781115,3.17418128957438,0.174181289574383
3,"nnet_d0.1",51,1.06719957667085,0.326558162405748,3.05648272225968,0.0564827222596826
3,"nnet_d0.1",52,1.00417546750948,0.953888273631591,3.54781713943493,0.547817139434929
3,"nnet_d0.1",53,0.942366209799302,0.35667128105126,3.24792854551352,0.247928545513516
3,"nnet_d0.1",54,0.893453537863497,0.0823338437692906,2.91885618540108,-0.0811438145989194
3,"nnet_d0.1",55,0.944766776811918,0.374744338587709,2.99993125906699,-6.87409330129007e-05
3,"nnet_d0.1",56,0.898525653497313,0.0990352174757476,2.73543202914837,-0.264567970851628
3,"nnet_d0.1",57,0.930295602966792,0.26222962304741,2.81873702472825,-0.181262975271746
3,"nnet_d0.1",58,0.860812177380323,0.019608957572325,3.37478756315324,0.374787563153241
3,"nnet_d0.1",59,0.941933325245007,0.352879166910512,2.79194813753274,-0.208051862467264
3,"nnet_d0.1",60,1.04202530257195,0.537409358680231,2.63425968355313,-0.365740316446875
3,"nnet_d0.1",61,0.812125007006433,0.00144534858542652,2.91570614523673,-0.0842938547632737
3,"nnet_d0.1",62,0.915845462346427,0.175251044452643,3.07407810107226,0.0740781010722626
3,"nnet_d0.1",63,0.947372562989477,0.401430063128012,2.79864800480083,-0.20135199519917
3,"nnet_d0.1",64,0.902696098707187,0.113476882679396,2.73230497099419,-0.267695029005815
3,"nnet_d0.1",65,0.936987099280252,0.315534771037351,3.29629222955345,0.29629222955345
3,"nnet_d0.1",66,0.911531241398298,0.151658011739297,2.93167876798659,-0.0683212320134117
3,"nnet_d0.1",67,1.01165269907851,0.861595923410634,3.23327619518664,0.233276195186643
3,"nnet_d0.1",68,0.859318011863835,0.019452787509411,3.16667258559935,0.166672585599346
3,"nnet_d0.1",69,1.01625076395067,0.811776433923284,3.48697590326367,0.486975903263669
3,"nnet_d0.1",70,1.07163551841012,0.297526936598495,2.86078738982095,-0.139212610179052
3,"nnet_d0.1",71,0.878656393754844,0.0449368441294737,2.97896066491306,-0.0210393350869356
3,"nnet_d0.1",72,0.879906916385106,0.0469117751106709,3.46778832033953,0.467788320339534
3,"nnet_d0.1",73,0.959694362374042,0.520941655231698,2.83289653580344,-0.167103464196561
3,"nnet_d0.1",74,0.911749249832882,0.153891520791351,3.06574220886612,0.0657422088661224
3,"nnet_d0.1",75,1.06067477304647,0.372414277103659,2.75568982376385,-0.244310176236151
3,"nnet_d0.1",76,0.982953200123436,0.787788598351682,3.21473424092421,0.214734240924214
3,"nnet_d0.1",77,1.02271222209047,0.735284275430506,2.87916304345478,-0.12083695654522
3,"nnet_d0.1",78,0.941937828223294,0.357909205248154,2.86044356538177,-0.139556434618229
3,"nnet_d0.1",79,0.92962615698697,0.257608546096043,3.18503061029379,0.18503061029379
3,"nnet_d0.1",80,0.826440637764588,0.00338846205450942,3.08419901668676,0.0841990166867568
3,"nnet_d0.1",81,0.938739213472111,0.330265593479882,3.35128885329727,0.35128885329727
3,"nnet_d0.1",82,0.93902726439412,0.328172261326295,2.98079230351793,-0.0192076964820651
3,"nnet_d0.1",83,0.820229231349751,0.00215233014296826,3.66973613739691,0.66973613739691
3,"nnet_d0.1",84,0.980878766957243,0.764670643680564,3.00892122788213,0.00892122788213223
3,"nnet_d0.1",85,0.854994166384541,0.0150791622509858,3.1622895080993,0.162289508099299
3,"nnet_d0.1",86,0.830162645132195,0.00391681654598264,3.09611150276781,0.0961115027678097
3,"nnet_d0.1",87,0.909110470895095,0.143703306536785,3.22974839029813,0.229748390298133
3,"nnet_d0.1",88,0.977468606688561,0.723003825009802,3.02842490447691,0.0284249044769127
3,"nnet_d0.1",89,0.902018370506582,0.110170009452336,2.64197191888469,-0.358028081115308
3,"nnet_d0.1",90,1.03642295525852,0.590243374479177,3.00458269275633,0.00458269275632572
3,"nnet_d0.1",91,0.919076291626976,0.190664919153116,3.42299779532662,0.422997795326621
3,"nnet_d0.1",92,0.844774083016011,0.00909612493796217,3.11383766282092,0.113837662820924
3,"nnet_d0.1",93,0.995638627686573,0.942460221320444,3.50109007525611,0.501090075256108
3,"nnet_d0.1",94,0.957390753414239,0.500657652961139,2.73539586733397,-0.264604132666029
3,"nnet_d0.1",95,0.893381497402961,0.0820437605232495,3.30292961314261,0.302929613142606
3,"nnet_d0.1",96,1.01107419279605,0.870460403167415,3.00375538506154,0.00375538506154438
3,"nnet_d0.1",97,1.01989676184902,0.768218043642417,2.78200534382365,-0.217994656176355
3,"nnet_d0.1",98,1.02925044410058,0.6629267304181,3.0777101432014,0.0777101432013954
3,"nnet_d0.1",99,0.880161656021944,0.0480844128233606,3.06076575669669,0.0607657566966933
3,"nnet_d0.1",100,0.890362740278901,0.0711105220653503,3.27209371963285,0.272093719632848
