"estimator","truth","estimate","se","covered","bootstrap_success","cell","primary","clip","cell_n","cell_p","outer_folds","inner_folds","bootstrap_reps","replication","bootstrap_fit_timeout"
"direct",0.75,0.609747088906649,0.036124398379723,FALSE,1,"randomized",TRUE,0.001,3000,80,5,5,99,1,Inf
"raw_label",0.75,0.125451965599679,0.00686918699885828,FALSE,1,"randomized",TRUE,0.001,3000,80,5,5,99,1,Inf
"index_projection",0.75,0.612015112146936,0.035766405275245,FALSE,1,"randomized",TRUE,0.001,3000,80,5,5,99,1,Inf
"sudo",0.75,0.631146946477546,0.0366301402645142,FALSE,1,"randomized",TRUE,0.001,3000,80,5,5,99,1,Inf
"scaled",0.75,0.647962724819928,0.0391688888240248,FALSE,1,"randomized",TRUE,0.001,3000,80,5,5,99,1,Inf
"orthogonal",0.75,0.668244281820414,0.0446265427998437,TRUE,1,"randomized",TRUE,0.001,3000,80,5,5,99,1,Inf
"targeted_projection",0.75,0.667224832292266,0.0415981413957885,FALSE,1,"randomized",TRUE,0.001,3000,80,5,5,99,1,Inf
"targeted_sudo",0.75,0.658966673677697,0.0407329435793335,FALSE,1,"randomized",TRUE,0.001,3000,80,5,5,99,1,Inf
"direct",0.75,0.651749641920164,0.0366933659241862,FALSE,1,"randomized",TRUE,0.001,3000,80,5,5,99,2,Inf
"raw_label",0.75,0.138236649144743,0.00705472706421216,FALSE,1,"randomized",TRUE,0.001,3000,80,5,5,99,2,Inf
"index_projection",0.75,0.64795502982429,0.0364718751224139,FALSE,1,"randomized",TRUE,0.001,3000,80,5,5,99,2,Inf
"sudo",0.75,0.675989788503608,0.0377477732426627,FALSE,1,"randomized",TRUE,0.001,3000,80,5,5,99,2,Inf
"scaled",0.75,0.700466162268093,0.0409827155635494,TRUE,1,"randomized",TRUE,0.001,3000,80,5,5,99,2,Inf
"orthogonal",0.75,0.690822422137842,0.0461259817391902,TRUE,1,"randomized",TRUE,0.001,3000,80,5,5,99,2,Inf
"targeted_projection",0.75,0.719379856547418,0.0436170258504117,TRUE,1,"randomized",TRUE,0.001,3000,80,5,5,99,2,Inf
"targeted_sudo",0.75,0.709756580585323,0.0424139376802068,TRUE,1,"randomized",TRUE,0.001,3000,80,5,5,99,2,Inf
"direct",0.75,0.612901006203162,0.040107667645405,FALSE,1,"randomized",TRUE,0.001,3000,80,5,5,99,3,Inf
"raw_label",0.75,0.128149822856316,0.00745659270760769,FALSE,1,"randomized",TRUE,0.001,3000,80,5,5,99,3,Inf
"index_projection",0.75,0.614740295989946,0.0397537366999325,FALSE,1,"randomized",TRUE,0.001,3000,80,5,5,99,3,Inf
"sudo",0.75,0.635667564425302,0.0406689082783861,FALSE,1,"randomized",TRUE,0.001,3000,80,5,5,99,3,Inf
"scaled",0.75,0.654356493500859,0.0433263591034501,FALSE,1,"randomized",TRUE,0.001,3000,80,5,5,99,3,Inf
"orthogonal",0.75,0.670320007753455,0.0461458336185983,TRUE,1,"randomized",TRUE,0.001,3000,80,5,5,99,3,Inf
"targeted_projection",0.75,0.674588881206489,0.0469355058940638,TRUE,1,"randomized",TRUE,0.001,3000,80,5,5,99,3,Inf
"targeted_sudo",0.75,0.666874938438645,0.0453785183318657,TRUE,1,"randomized",TRUE,0.001,3000,80,5,5,99,3,Inf
"direct",0.75,0.626019330301929,0.0395832266224747,FALSE,1,"randomized",TRUE,0.001,3000,80,5,5,99,4,Inf
"raw_label",0.75,0.127618063334075,0.00728635052788675,FALSE,1,"randomized",TRUE,0.001,3000,80,5,5,99,4,Inf
"index_projection",0.75,0.627338027084208,0.0394304115284853,FALSE,1,"randomized",TRUE,0.001,3000,80,5,5,99,4,Inf
"sudo",0.75,0.650356096488614,0.0404186580251744,FALSE,1,"randomized",TRUE,0.001,3000,80,5,5,99,4,Inf
"scaled",0.75,0.671842390867646,0.0432755799184662,TRUE,1,"randomized",TRUE,0.001,3000,80,5,5,99,4,Inf
"orthogonal",0.75,0.684093808460882,0.0492840443523333,TRUE,1,"randomized",TRUE,0.001,3000,80,5,5,99,4,Inf
"targeted_projection",0.75,0.695241784753083,0.0468622436783555,TRUE,1,"randomized",TRUE,0.001,3000,80,5,5,99,4,Inf
"targeted_sudo",0.75,0.684452264341776,0.0457860917929961,TRUE,1,"randomized",TRUE,0.001,3000,80,5,5,99,4,Inf
"direct",0.75,0.726832111463701,0.0434916910731117,TRUE,1,"randomized",TRUE,0.001,3000,80,5,5,99,5,Inf
"raw_label",0.75,0.146063453632643,0.00823646093265053,FALSE,1,"randomized",TRUE,0.001,3000,80,5,5,99,5,Inf
"index_projection",0.75,0.73231497241171,0.0436644630218861,TRUE,1,"randomized",TRUE,0.001,3000,80,5,5,99,5,Inf
"sudo",0.75,0.748198063852628,0.0451947399687075,TRUE,1,"randomized",TRUE,0.001,3000,80,5,5,99,5,Inf
"scaled",0.75,0.763779389191276,0.0485446550561651,TRUE,1,"randomized",TRUE,0.001,3000,80,5,5,99,5,Inf
"orthogonal",0.75,0.753658582110416,0.063279025820815,TRUE,1,"randomized",TRUE,0.001,3000,80,5,5,99,5,Inf
"targeted_projection",0.75,0.785229503343384,0.0527176714056467,TRUE,1,"randomized",TRUE,0.001,3000,80,5,5,99,5,Inf
"targeted_sudo",0.75,0.774713803560638,0.051261172545413,TRUE,1,"randomized",TRUE,0.001,3000,80,5,5,99,5,Inf
"direct",0.75,0.647442985500688,0.0421963641263783,FALSE,1,"randomized",TRUE,0.001,3000,80,5,5,99,6,Inf
"raw_label",0.75,0.13059138871786,0.00773523344702539,FALSE,1,"randomized",TRUE,0.001,3000,80,5,5,99,6,Inf
"index_projection",0.75,0.648743580077327,0.041985626522868,FALSE,1,"randomized",TRUE,0.001,3000,80,5,5,99,6,Inf
"sudo",0.75,0.67270792204013,0.0434317765007194,TRUE,1,"randomized",TRUE,0.001,3000,80,5,5,99,6,Inf
"scaled",0.75,0.695770120479289,0.0470843502900662,TRUE,1,"randomized",TRUE,0.001,3000,80,5,5,99,6,Inf
"orthogonal",0.75,0.713527444167933,0.0537890124547587,TRUE,1,"randomized",TRUE,0.001,3000,80,5,5,99,6,Inf
"targeted_projection",0.75,0.717962605310903,0.0491782486474932,TRUE,1,"randomized",TRUE,0.001,3000,80,5,5,99,6,Inf
"targeted_sudo",0.75,0.709213795809467,0.048349823526272,TRUE,1,"randomized",TRUE,0.001,3000,80,5,5,99,6,Inf
"direct",0.75,0.735532175750548,0.0401707638414355,TRUE,1,"randomized",TRUE,0.001,3000,80,5,5,99,7,Inf
"raw_label",0.75,0.148435544592956,0.00728369757823313,FALSE,1,"randomized",TRUE,0.001,3000,80,5,5,99,7,Inf
"index_projection",0.75,0.736798105027936,0.0400949964641522,TRUE,1,"randomized",TRUE,0.001,3000,80,5,5,99,7,Inf
"sudo",0.75,0.767108407773645,0.0405794701330724,TRUE,1,"randomized",TRUE,0.001,3000,80,5,5,99,7,Inf
"scaled",0.75,0.79734299011062,0.0433348675342347,TRUE,1,"randomized",TRUE,0.001,3000,80,5,5,99,7,Inf
"orthogonal",0.75,0.846495346237885,0.0461663205987238,FALSE,1,"randomized",TRUE,0.001,3000,80,5,5,99,7,Inf
"targeted_projection",0.75,0.820106762134988,0.0487756874513266,TRUE,1,"randomized",TRUE,0.001,3000,80,5,5,99,7,Inf
"targeted_sudo",0.75,0.81139333595671,0.0466689611009303,TRUE,1,"randomized",TRUE,0.001,3000,80,5,5,99,7,Inf
"direct",0.75,0.691783866060295,0.0368847259160043,TRUE,1,"randomized",TRUE,0.001,3000,80,5,5,99,8,Inf
"raw_label",0.75,0.141640114751639,0.00684027044366956,FALSE,1,"randomized",TRUE,0.001,3000,80,5,5,99,8,Inf
"index_projection",0.75,0.697283039718356,0.0370752606127388,TRUE,1,"randomized",TRUE,0.001,3000,80,5,5,99,8,Inf
"sudo",0.75,0.721771411136954,0.0387987339677363,TRUE,1,"randomized",TRUE,0.001,3000,80,5,5,99,8,Inf
"scaled",0.75,0.745408363195244,0.04228225590693,TRUE,1,"randomized",TRUE,0.001,3000,80,5,5,99,8,Inf
"orthogonal",0.75,0.711794783491567,0.0591002037584233,TRUE,1,"randomized",TRUE,0.001,3000,80,5,5,99,8,Inf
"targeted_projection",0.75,0.769603786761747,0.0445693581492792,TRUE,1,"randomized",TRUE,0.001,3000,80,5,5,99,8,Inf
"targeted_sudo",0.75,0.757819848348216,0.0433639450883569,TRUE,1,"randomized",TRUE,0.001,3000,80,5,5,99,8,Inf
"direct",0.75,0.612226909163701,0.0434879395312099,FALSE,1,"randomized",TRUE,0.001,3000,80,5,5,99,9,Inf
"raw_label",0.75,0.121944281543802,0.00723276644080335,FALSE,1,"randomized",TRUE,0.001,3000,80,5,5,99,9,Inf
"index_projection",0.75,0.614876144129418,0.0431298404563641,FALSE,1,"randomized",TRUE,0.001,3000,80,5,5,99,9,Inf
"sudo",0.75,0.634386734217324,0.0437898844540246,FALSE,1,"randomized",TRUE,0.001,3000,80,5,5,99,9,Inf
"scaled",0.75,0.653052395529338,0.0464185900848525,FALSE,1,"randomized",TRUE,0.001,3000,80,5,5,99,9,Inf
"orthogonal",0.75,0.618377097726788,0.058429016286992,FALSE,1,"randomized",TRUE,0.001,3000,80,5,5,99,9,Inf
"targeted_projection",0.75,0.665917666672562,0.04861764833381,TRUE,1,"randomized",TRUE,0.001,3000,80,5,5,99,9,Inf
"targeted_sudo",0.75,0.657391180663068,0.0476267721644336,TRUE,1,"randomized",TRUE,0.001,3000,80,5,5,99,9,Inf
"direct",0.75,0.635676554603221,0.0478944310482532,FALSE,1,"randomized",TRUE,0.001,3000,80,5,5,99,10,Inf
"raw_label",0.75,0.130277445298477,0.00866698630695163,FALSE,1,"randomized",TRUE,0.001,3000,80,5,5,99,10,Inf
"index_projection",0.75,0.635912238080043,0.0477394776179457,FALSE,1,"randomized",TRUE,0.001,3000,80,5,5,99,10,Inf
"sudo",0.75,0.664263638867591,0.0489501073071664,TRUE,1,"randomized",TRUE,0.001,3000,80,5,5,99,10,Inf
"scaled",0.75,0.690736601081471,0.0519583577966833,TRUE,1,"randomized",TRUE,0.001,3000,80,5,5,99,10,Inf
"orthogonal",0.75,0.729090837338084,0.0548534999635797,TRUE,1,"randomized",TRUE,0.001,3000,80,5,5,99,10,Inf
"targeted_projection",0.75,0.701659370908677,0.0538063810450719,TRUE,1,"randomized",TRUE,0.001,3000,80,5,5,99,10,Inf
"targeted_sudo",0.75,0.696040023067895,0.0526350626679007,TRUE,1,"randomized",TRUE,0.001,3000,80,5,5,99,10,Inf
"direct",0.75,0.710179324348824,0.0393649715472862,TRUE,1,"randomized",TRUE,0.001,3000,80,5,5,99,11,Inf
"raw_label",0.75,0.144319345902246,0.00717391968995754,FALSE,1,"randomized",TRUE,0.001,3000,80,5,5,99,11,Inf
"index_projection",0.75,0.712974196617505,0.0391872454192128,TRUE,1,"randomized",TRUE,0.001,3000,80,5,5,99,11,Inf
"sudo",0.75,0.735304339839732,0.0402402948899118,TRUE,1,"randomized",TRUE,0.001,3000,80,5,5,99,11,Inf
"scaled",0.75,0.757353321771484,0.0433838037050297,TRUE,1,"randomized",TRUE,0.001,3000,80,5,5,99,11,Inf
"orthogonal",0.75,0.772057530651797,0.0496673657572686,TRUE,1,"randomized",TRUE,0.001,3000,80,5,5,99,11,Inf
"targeted_projection",0.75,0.780035562726506,0.0469705543071164,TRUE,1,"randomized",TRUE,0.001,3000,80,5,5,99,11,Inf
"targeted_sudo",0.75,0.771611603804162,0.0460681785694519,TRUE,1,"randomized",TRUE,0.001,3000,80,5,5,99,11,Inf
"direct",0.75,0.644752829984367,0.0380804764624317,FALSE,1,"randomized",TRUE,0.001,3000,80,5,5,99,12,Inf
"raw_label",0.75,0.131958310532759,0.00753860748695275,FALSE,1,"randomized",TRUE,0.001,3000,80,5,5,99,12,Inf
"index_projection",0.75,0.640174935560763,0.0383185693961674,FALSE,1,"randomized",TRUE,0.001,3000,80,5,5,99,12,Inf
"sudo",0.75,0.66524093019999,0.0396722665071595,FALSE,1,"randomized",TRUE,0.001,3000,80,5,5,99,12,Inf
"scaled",0.75,0.688388991149346,0.0426283596729929,TRUE,1,"randomized",TRUE,0.001,3000,80,5,5,99,12,Inf
"orthogonal",0.75,0.705754503361816,0.0518118416267814,TRUE,1,"randomized",TRUE,0.001,3000,80,5,5,99,12,Inf
"targeted_projection",0.75,0.698309169444988,0.0458927033046922,TRUE,1,"randomized",TRUE,0.001,3000,80,5,5,99,12,Inf
"targeted_sudo",0.75,0.695688747846731,0.0444851822718267,TRUE,1,"randomized",TRUE,0.001,3000,80,5,5,99,12,Inf
"direct",0.75,0.657374302619321,0.0407264172318935,FALSE,1,"randomized",TRUE,0.001,3000,80,5,5,99,13,Inf
"raw_label",0.75,0.134796649565817,0.00795157048627725,FALSE,1,"randomized",TRUE,0.001,3000,80,5,5,99,13,Inf
"index_projection",0.75,0.659989245043079,0.0406597037336499,FALSE,1,"randomized",TRUE,0.001,3000,80,5,5,99,13,Inf
"sudo",0.75,0.683155606030534,0.0435490542346571,TRUE,1,"randomized",TRUE,0.001,3000,80,5,5,99,13,Inf
"scaled",0.75,0.705287323156518,0.0481144662784725,TRUE,1,"randomized",TRUE,0.001,3000,80,5,5,99,13,Inf
"orthogonal",0.75,0.715729284200054,0.0501024575527168,TRUE,1,"randomized",TRUE,0.001,3000,80,5,5,99,13,Inf
"targeted_projection",0.75,0.728903131129077,0.0496446540187986,TRUE,1,"randomized",TRUE,0.001,3000,80,5,5,99,13,Inf
"targeted_sudo",0.75,0.719034696873807,0.0484068775471552,TRUE,1,"randomized",TRUE,0.001,3000,80,5,5,99,13,Inf
"direct",0.75,0.698135333398169,0.0425773648779168,TRUE,1,"randomized",TRUE,0.001,3000,80,5,5,99,14,Inf
"raw_label",0.75,0.138557759999523,0.00738668458738726,FALSE,1,"randomized",TRUE,0.001,3000,80,5,5,99,14,Inf
"index_projection",0.75,0.700749661797476,0.043125067922327,TRUE,1,"randomized",TRUE,0.001,3000,80,5,5,99,14,Inf
"sudo",0.75,0.719662889033207,0.043951596551516,TRUE,1,"randomized",TRUE,0.001,3000,80,5,5,99,14,Inf
"scaled",0.75,0.73904878222805,0.047004919800207,TRUE,1,"randomized",TRUE,0.001,3000,80,5,5,99,14,Inf
"orthogonal",0.75,0.74979635404091,0.0521558053481114,TRUE,1,"randomized",TRUE,0.001,3000,80,5,5,99,14,Inf
"targeted_projection",0.75,0.766412757382492,0.0509069560340118,TRUE,1,"randomized",TRUE,0.001,3000,80,5,5,99,14,Inf
"targeted_sudo",0.75,0.754767075790887,0.0492376100527793,TRUE,1,"randomized",TRUE,0.001,3000,80,5,5,99,14,Inf
"direct",0.75,0.700676996105194,0.0395289325567596,TRUE,1,"randomized",TRUE,0.001,3000,80,5,5,99,15,Inf
"raw_label",0.75,0.137599003398326,0.00714019202395264,FALSE,1,"randomized",TRUE,0.001,3000,80,5,5,99,15,Inf
"index_projection",0.75,0.6958707773776,0.0390504483805346,TRUE,1,"randomized",TRUE,0.001,3000,80,5,5,99,15,Inf
"sudo",0.75,0.720222027389725,0.0401851761835759,TRUE,1,"randomized",TRUE,0.001,3000,80,5,5,99,15,Inf
"scaled",0.75,0.744281804061231,0.0434358581922304,TRUE,1,"randomized",TRUE,0.001,3000,80,5,5,99,15,Inf
"orthogonal",0.75,0.76660058336191,0.0478911993307822,TRUE,1,"randomized",TRUE,0.001,3000,80,5,5,99,15,Inf
"targeted_projection",0.75,0.773510741142302,0.0478355770020265,TRUE,1,"randomized",TRUE,0.001,3000,80,5,5,99,15,Inf
"targeted_sudo",0.75,0.760875460357884,0.0464403499286138,TRUE,1,"randomized",TRUE,0.001,3000,80,5,5,99,15,Inf
"direct",0.75,0.72451216255489,0.0429604686410318,TRUE,1,"randomized",TRUE,0.001,3000,80,5,5,99,16,Inf
"raw_label",0.75,0.143640543111411,0.00730581358065575,FALSE,1,"randomized",TRUE,0.001,3000,80,5,5,99,16,Inf
"index_projection",0.75,0.727622302848379,0.0435961859495384,TRUE,1,"randomized",TRUE,0.001,3000,80,5,5,99,16,Inf
"sudo",0.75,0.743895286843868,0.0440594847823455,TRUE,1,"randomized",TRUE,0.001,3000,80,5,5,99,16,Inf
"scaled",0.75,0.761065052848178,0.0465138807066512,TRUE,1,"randomized",TRUE,0.001,3000,80,5,5,99,16,Inf
"orthogonal",0.75,0.734293094993074,0.0554593479741889,TRUE,1,"randomized",TRUE,0.001,3000,80,5,5,99,16,Inf
"targeted_projection",0.75,0.806120592762515,0.0508279873794419,TRUE,1,"randomized",TRUE,0.001,3000,80,5,5,99,16,Inf
"targeted_sudo",0.75,0.789501249734764,0.0494027414426796,TRUE,1,"randomized",TRUE,0.001,3000,80,5,5,99,16,Inf
"direct",0.75,0.658038299215936,0.0424164572677995,FALSE,1,"randomized",TRUE,0.001,3000,80,5,5,99,17,Inf
"raw_label",0.75,0.135591596840824,0.00849966246066571,FALSE,1,"randomized",TRUE,0.001,3000,80,5,5,99,17,Inf
"index_projection",0.75,0.660306369882626,0.0419028181217455,FALSE,1,"randomized",TRUE,0.001,3000,80,5,5,99,17,Inf
"sudo",0.75,0.679497707957944,0.0456596402185854,TRUE,1,"randomized",TRUE,0.001,3000,80,5,5,99,17,Inf
"scaled",0.75,0.69782370443693,0.0509867105073876,TRUE,1,"randomized",TRUE,0.001,3000,80,5,5,99,17,Inf
"orthogonal",0.75,0.6992995234914,0.0591390096470437,TRUE,1,"randomized",TRUE,0.001,3000,80,5,5,99,17,Inf
"targeted_projection",0.75,0.720563362283576,0.0515744085322749,TRUE,1,"randomized",TRUE,0.001,3000,80,5,5,99,17,Inf
"targeted_sudo",0.75,0.712344360444331,0.0509647491935244,TRUE,1,"randomized",TRUE,0.001,3000,80,5,5,99,17,Inf
"direct",0.75,0.692884196167774,0.0341139060981579,TRUE,1,"randomized",TRUE,0.001,3000,80,5,5,99,18,Inf
"raw_label",0.75,0.144747655556213,0.00656032583749812,FALSE,1,"randomized",TRUE,0.001,3000,80,5,5,99,18,Inf
"index_projection",0.75,0.695913739816165,0.0350696511142256,TRUE,1,"randomized",TRUE,0.001,3000,80,5,5,99,18,Inf
"sudo",0.75,0.722487810497931,0.03672915106432,TRUE,1,"randomized",TRUE,0.001,3000,80,5,5,99,18,Inf
"scaled",0.75,0.747529709393837,0.0409250639939901,TRUE,1,"randomized",TRUE,0.001,3000,80,5,5,99,18,Inf
"orthogonal",0.75,0.745123585222452,0.0448157557652284,TRUE,1,"randomized",TRUE,0.001,3000,80,5,5,99,18,Inf
"targeted_projection",0.75,0.765557982897224,0.0407656806032718,TRUE,1,"randomized",TRUE,0.001,3000,80,5,5,99,18,Inf
"targeted_sudo",0.75,0.75547421144443,0.0395474137471079,TRUE,1,"randomized",TRUE,0.001,3000,80,5,5,99,18,Inf
"direct",0.75,0.666674847408688,0.0369196622596624,FALSE,1,"randomized",TRUE,0.001,3000,80,5,5,99,19,Inf
"raw_label",0.75,0.133866881456417,0.00709112598726633,FALSE,1,"randomized",TRUE,0.001,3000,80,5,5,99,19,Inf
"index_projection",0.75,0.668020669891122,0.0366788690414038,FALSE,1,"randomized",TRUE,0.001,3000,80,5,5,99,19,Inf
"sudo",0.75,0.690043540489203,0.0380964278825828,TRUE,1,"randomized",TRUE,0.001,3000,80,5,5,99,19,Inf
"scaled",0.75,0.711147361431597,0.0418504977483491,TRUE,1,"randomized",TRUE,0.001,3000,80,5,5,99,19,Inf
"orthogonal",0.75,0.703522107239032,0.0487083004897593,TRUE,1,"randomized",TRUE,0.001,3000,80,5,5,99,19,Inf
"targeted_projection",0.75,0.731197959903247,0.0450677695574677,TRUE,1,"randomized",TRUE,0.001,3000,80,5,5,99,19,Inf
"targeted_sudo",0.75,0.721648219237148,0.0439137115177358,TRUE,1,"randomized",TRUE,0.001,3000,80,5,5,99,19,Inf
"direct",0.75,0.655924334142281,0.03439474994907,FALSE,1,"randomized",TRUE,0.001,3000,80,5,5,99,20,Inf
"raw_label",0.75,0.135262563692237,0.00685622020544203,FALSE,1,"randomized",TRUE,0.001,3000,80,5,5,99,20,Inf
"index_projection",0.75,0.658228750361275,0.0346251083028332,FALSE,1,"randomized",TRUE,0.001,3000,80,5,5,99,20,Inf
"sudo",0.75,0.679471473524369,0.0361419397511067,TRUE,1,"randomized",TRUE,0.001,3000,80,5,5,99,20,Inf
"scaled",0.75,0.699032942155028,0.039346131257445,TRUE,1,"randomized",TRUE,0.001,3000,80,5,5,99,20,Inf
"orthogonal",0.75,0.720204895254661,0.043052778103507,TRUE,1,"randomized",TRUE,0.001,3000,80,5,5,99,20,Inf
"targeted_projection",0.75,0.721779695668123,0.0418091810003779,TRUE,1,"randomized",TRUE,0.001,3000,80,5,5,99,20,Inf
"targeted_sudo",0.75,0.711447142159836,0.0401030440888487,TRUE,1,"randomized",TRUE,0.001,3000,80,5,5,99,20,Inf
"direct",0.75,0.709919676109732,0.0344943230557439,TRUE,1,"randomized",TRUE,0.001,3000,80,5,5,99,21,Inf
"raw_label",0.75,0.140663954430862,0.00577144063020478,FALSE,1,"randomized",TRUE,0.001,3000,80,5,5,99,21,Inf
"index_projection",0.75,0.70964072285942,0.03558598306908,TRUE,1,"randomized",TRUE,0.001,3000,80,5,5,99,21,Inf
"sudo",0.75,0.736319033581418,0.0340903536569131,TRUE,1,"randomized",TRUE,0.001,3000,80,5,5,99,21,Inf
"scaled",0.75,0.763155442459066,0.0349344214331111,TRUE,1,"randomized",TRUE,0.001,3000,80,5,5,99,21,Inf
"orthogonal",0.75,0.801056856540429,0.0401099930439192,TRUE,1,"randomized",TRUE,0.001,3000,80,5,5,99,21,Inf
"targeted_projection",0.75,0.787179611561889,0.0408573246286366,TRUE,1,"randomized",TRUE,0.001,3000,80,5,5,99,21,Inf
"targeted_sudo",0.75,0.777432476458601,0.0388704672362569,TRUE,1,"randomized",TRUE,0.001,3000,80,5,5,99,21,Inf
"direct",0.75,0.590281423206668,0.0364507234181438,FALSE,1,"randomized",TRUE,0.001,3000,80,5,5,99,22,Inf
"raw_label",0.75,0.122675526973645,0.00713110078150064,FALSE,1,"randomized",TRUE,0.001,3000,80,5,5,99,22,Inf
"index_projection",0.75,0.59000406150476,0.0352125791106491,FALSE,1,"randomized",TRUE,0.001,3000,80,5,5,99,22,Inf
"sudo",0.75,0.609609268203882,0.0376954862561894,FALSE,1,"randomized",TRUE,0.001,3000,80,5,5,99,22,Inf
"scaled",0.75,0.626730006797013,0.0418026989368294,FALSE,1,"randomized",TRUE,0.001,3000,80,5,5,99,22,Inf
"orthogonal",0.75,0.637759715146811,0.0470458324727377,FALSE,1,"randomized",TRUE,0.001,3000,80,5,5,99,22,Inf
"targeted_projection",0.75,0.639145558052178,0.0428928024113418,FALSE,1,"randomized",TRUE,0.001,3000,80,5,5,99,22,Inf
"targeted_sudo",0.75,0.634550507331268,0.042242608868672,FALSE,1,"randomized",TRUE,0.001,3000,80,5,5,99,22,Inf
"direct",0.75,0.63326320638083,0.042431049802929,FALSE,1,"randomized",TRUE,0.001,3000,80,5,5,99,23,Inf
"raw_label",0.75,0.128360554182899,0.00784400104161504,FALSE,1,"randomized",TRUE,0.001,3000,80,5,5,99,23,Inf
"index_projection",0.75,0.630691316026667,0.0421862320645658,FALSE,1,"randomized",TRUE,0.001,3000,80,5,5,99,23,Inf
"sudo",0.75,0.658607949075333,0.0445438174736247,FALSE,1,"randomized",TRUE,0.001,3000,80,5,5,99,23,Inf
"scaled",0.75,0.68426026139979,0.0488926493386746,TRUE,1,"randomized",TRUE,0.001,3000,80,5,5,99,23,Inf
"orthogonal",0.75,0.723031099571227,0.0538239641176164,TRUE,1,"randomized",TRUE,0.001,3000,80,5,5,99,23,Inf
"targeted_projection",0.75,0.687643148157284,0.0511590011268777,TRUE,1,"randomized",TRUE,0.001,3000,80,5,5,99,23,Inf
"targeted_sudo",0.75,0.686256653524924,0.0496863270151446,TRUE,1,"randomized",TRUE,0.001,3000,80,5,5,99,23,Inf
"direct",0.75,0.642294228548776,0.037768402155362,FALSE,1,"randomized",TRUE,0.001,3000,80,5,5,99,24,Inf
"raw_label",0.75,0.133580983564458,0.00691487076839129,FALSE,1,"randomized",TRUE,0.001,3000,80,5,5,99,24,Inf
"index_projection",0.75,0.638767220317204,0.0380928076296184,FALSE,1,"randomized",TRUE,0.001,3000,80,5,5,99,24,Inf
"sudo",0.75,0.662080152811819,0.0397071820140986,FALSE,1,"randomized",TRUE,0.001,3000,80,5,5,99,24,Inf
"scaled",0.75,0.682370326232373,0.0431692340678111,TRUE,1,"randomized",TRUE,0.001,3000,80,5,5,99,24,Inf
"orthogonal",0.75,0.703867992271103,0.0480422711271774,TRUE,1,"randomized",TRUE,0.001,3000,80,5,5,99,24,Inf
"targeted_projection",0.75,0.703503884500244,0.0431544428935826,TRUE,1,"randomized",TRUE,0.001,3000,80,5,5,99,24,Inf
"targeted_sudo",0.75,0.69547144946527,0.0423407838852678,TRUE,1,"randomized",TRUE,0.001,3000,80,5,5,99,24,Inf
"direct",0.75,0.626830964417271,0.0382568961897584,FALSE,1,"randomized",TRUE,0.001,3000,80,5,5,99,25,Inf
"raw_label",0.75,0.12873961901719,0.00706548371124202,FALSE,1,"randomized",TRUE,0.001,3000,80,5,5,99,25,Inf
"index_projection",0.75,0.627329435108164,0.0384177644932335,FALSE,1,"randomized",TRUE,0.001,3000,80,5,5,99,25,Inf
"sudo",0.75,0.647656102669437,0.0386228289844795,FALSE,1,"randomized",TRUE,0.001,3000,80,5,5,99,25,Inf
"scaled",0.75,0.666960084643357,0.0406707163384607,FALSE,1,"randomized",TRUE,0.001,3000,80,5,5,99,25,Inf
"orthogonal",0.75,0.68047165908069,0.0445267979359091,TRUE,1,"randomized",TRUE,0.001,3000,80,5,5,99,25,Inf
"targeted_projection",0.75,0.687701977696484,0.0449415647362909,TRUE,1,"randomized",TRUE,0.001,3000,80,5,5,99,25,Inf
"targeted_sudo",0.75,0.679521656598554,0.0431305918034133,TRUE,1,"randomized",TRUE,0.001,3000,80,5,5,99,25,Inf
"direct",0.75,0.720527773701704,0.0381145357628987,TRUE,1,"randomized",TRUE,0.001,3000,80,5,5,99,26,Inf
"raw_label",0.75,0.145743753373462,0.00749575118279218,FALSE,1,"randomized",TRUE,0.001,3000,80,5,5,99,26,Inf
"index_projection",0.75,0.719513419063359,0.0382479027908099,TRUE,1,"randomized",TRUE,0.001,3000,80,5,5,99,26,Inf
"sudo",0.75,0.744663653561019,0.0398137991715058,TRUE,1,"randomized",TRUE,0.001,3000,80,5,5,99,26,Inf
"scaled",0.75,0.769431254685804,0.0435137081057523,TRUE,1,"randomized",TRUE,0.001,3000,80,5,5,99,26,Inf
"orthogonal",0.75,0.782219933480829,0.0503484744181708,TRUE,1,"randomized",TRUE,0.001,3000,80,5,5,99,26,Inf
"targeted_projection",0.75,0.796239696277931,0.0469683455753855,TRUE,1,"randomized",TRUE,0.001,3000,80,5,5,99,26,Inf
"targeted_sudo",0.75,0.785171716585963,0.0456892681079059,TRUE,1,"randomized",TRUE,0.001,3000,80,5,5,99,26,Inf
"direct",0.75,0.783983854741945,0.0361026519299118,TRUE,1,"randomized",TRUE,0.001,3000,80,5,5,99,27,Inf
"raw_label",0.75,0.159599899191138,0.00701836428205311,FALSE,1,"randomized",TRUE,0.001,3000,80,5,5,99,27,Inf
"index_projection",0.75,0.783530035173274,0.0366650816216922,TRUE,1,"randomized",TRUE,0.001,3000,80,5,5,99,27,Inf
"sudo",0.75,0.812575211005208,0.0392427997699461,TRUE,1,"randomized",TRUE,0.001,3000,80,5,5,99,27,Inf
"scaled",0.75,0.842095866717705,0.0446696129327947,FALSE,1,"randomized",TRUE,0.001,3000,80,5,5,99,27,Inf
"orthogonal",0.75,0.864172354609087,0.0520737545825224,FALSE,1,"randomized",TRUE,0.001,3000,80,5,5,99,27,Inf
"targeted_projection",0.75,0.866408075148149,0.0460996296495598,FALSE,1,"randomized",TRUE,0.001,3000,80,5,5,99,27,Inf
"targeted_sudo",0.75,0.855290481235141,0.0452265582045727,FALSE,1,"randomized",TRUE,0.001,3000,80,5,5,99,27,Inf
"direct",0.75,0.597068677594287,0.0389329386792943,FALSE,1,"randomized",TRUE,0.001,3000,80,5,5,99,28,Inf
"raw_label",0.75,0.127475598253193,0.00796846982155044,FALSE,1,"randomized",TRUE,0.001,3000,80,5,5,99,28,Inf
"index_projection",0.75,0.596199629779946,0.0390023335452535,FALSE,1,"randomized",TRUE,0.001,3000,80,5,5,99,28,Inf
"sudo",0.75,0.618400834484033,0.0407345023788179,FALSE,1,"randomized",TRUE,0.001,3000,80,5,5,99,28,Inf
"scaled",0.75,0.637045360467422,0.0438806758413303,FALSE,1,"randomized",TRUE,0.001,3000,80,5,5,99,28,Inf
"orthogonal",0.75,0.626056562993992,0.0522872069160768,FALSE,1,"randomized",TRUE,0.001,3000,80,5,5,99,28,Inf
"targeted_projection",0.75,0.648436038901243,0.0447460723919522,FALSE,1,"randomized",TRUE,0.001,3000,80,5,5,99,28,Inf
"targeted_sudo",0.75,0.6427128195954,0.0437221576273644,FALSE,1,"randomized",TRUE,0.001,3000,80,5,5,99,28,Inf
"direct",0.75,0.654340732505376,0.0453275973000177,FALSE,1,"randomized",TRUE,0.001,3000,80,5,5,99,29,Inf
"raw_label",0.75,0.132918743293645,0.00884841730683606,FALSE,1,"randomized",TRUE,0.001,3000,80,5,5,99,29,Inf
"index_projection",0.75,0.649360318152715,0.0457625110078596,FALSE,1,"randomized",TRUE,0.001,3000,80,5,5,99,29,Inf
"sudo",0.75,0.675121178516641,0.0473316408046414,TRUE,1,"randomized",TRUE,0.001,3000,80,5,5,99,29,Inf
"scaled",0.75,0.698970515396939,0.0506351125864347,TRUE,1,"randomized",TRUE,0.001,3000,80,5,5,99,29,Inf
"orthogonal",0.75,0.727578052133872,0.0511177298598865,TRUE,1,"randomized",TRUE,0.001,3000,80,5,5,99,29,Inf
"targeted_projection",0.75,0.723835395522563,0.0517006016069876,TRUE,1,"randomized",TRUE,0.001,3000,80,5,5,99,29,Inf
"targeted_sudo",0.75,0.714675389683864,0.0503155825523302,TRUE,1,"randomized",TRUE,0.001,3000,80,5,5,99,29,Inf
"direct",0.75,0.659595588839166,0.036987767905086,FALSE,1,"randomized",TRUE,0.001,3000,80,5,5,99,30,Inf
"raw_label",0.75,0.133867231604161,0.00691670105025081,FALSE,1,"randomized",TRUE,0.001,3000,80,5,5,99,30,Inf
"index_projection",0.75,0.660209557864775,0.0371291298167631,FALSE,1,"randomized",TRUE,0.001,3000,80,5,5,99,30,Inf
"sudo",0.75,0.685339172384451,0.0384827515806771,TRUE,1,"randomized",TRUE,0.001,3000,80,5,5,99,30,Inf
"scaled",0.75,0.709122511250919,0.0415809550485256,TRUE,1,"randomized",TRUE,0.001,3000,80,5,5,99,30,Inf
"orthogonal",0.75,0.724087770671546,0.0481158564786559,TRUE,1,"randomized",TRUE,0.001,3000,80,5,5,99,30,Inf
"targeted_projection",0.75,0.722089784353157,0.0448019105108982,TRUE,1,"randomized",TRUE,0.001,3000,80,5,5,99,30,Inf
"targeted_sudo",0.75,0.716037883719733,0.0431822817686647,TRUE,1,"randomized",TRUE,0.001,3000,80,5,5,99,30,Inf
"direct",0.75,0.730043493749428,0.0444092346094727,TRUE,1,"randomized",TRUE,0.001,3000,80,5,5,99,31,Inf
"raw_label",0.75,0.146664281054562,0.00837651686714106,FALSE,1,"randomized",TRUE,0.001,3000,80,5,5,99,31,Inf
"index_projection",0.75,0.731036019551133,0.0438849748639677,TRUE,1,"randomized",TRUE,0.001,3000,80,5,5,99,31,Inf
"sudo",0.75,0.752367935239618,0.0471590299795032,TRUE,1,"randomized",TRUE,0.001,3000,80,5,5,99,31,Inf
"scaled",0.75,0.773379271919382,0.0524961018651407,TRUE,1,"randomized",TRUE,0.001,3000,80,5,5,99,31,Inf
"orthogonal",0.75,0.786937990528472,0.0611456527950003,TRUE,1,"randomized",TRUE,0.001,3000,80,5,5,99,31,Inf
"targeted_projection",0.75,0.804374457533326,0.0564797168407554,TRUE,1,"randomized",TRUE,0.001,3000,80,5,5,99,31,Inf
"targeted_sudo",0.75,0.79213388290587,0.0549872776389342,TRUE,1,"randomized",TRUE,0.001,3000,80,5,5,99,31,Inf
"direct",0.75,0.79732382886987,0.0416717653247941,TRUE,1,"randomized",TRUE,0.001,3000,80,5,5,99,32,Inf
"raw_label",0.75,0.152696851696894,0.00750254366421065,FALSE,1,"randomized",TRUE,0.001,3000,80,5,5,99,32,Inf
"index_projection",0.75,0.797521669518295,0.0410357379401871,TRUE,1,"randomized",TRUE,0.001,3000,80,5,5,99,32,Inf
"sudo",0.75,0.821183075544417,0.0432083359767892,TRUE,1,"randomized",TRUE,0.001,3000,80,5,5,99,32,Inf
"scaled",0.75,0.847638422874243,0.0476718537069433,FALSE,1,"randomized",TRUE,0.001,3000,80,5,5,99,32,Inf
"orthogonal",0.75,0.882675444157562,0.05277918000105,FALSE,1,"randomized",TRUE,0.001,3000,80,5,5,99,32,Inf
"targeted_projection",0.75,0.88974513482977,0.0518569502953395,FALSE,1,"randomized",TRUE,0.001,3000,80,5,5,99,32,Inf
"targeted_sudo",0.75,0.874684865909315,0.0506324756536709,FALSE,1,"randomized",TRUE,0.001,3000,80,5,5,99,32,Inf
"direct",0.75,0.683789630679396,0.040493896269811,TRUE,1,"randomized",TRUE,0.001,3000,80,5,5,99,33,Inf
"raw_label",0.75,0.140928949353326,0.00780819818520158,FALSE,1,"randomized",TRUE,0.001,3000,80,5,5,99,33,Inf
"index_projection",0.75,0.685858262475797,0.040291033855614,TRUE,1,"randomized",TRUE,0.001,3000,80,5,5,99,33,Inf
"sudo",0.75,0.707770681197919,0.0420720277275516,TRUE,1,"randomized",TRUE,0.001,3000,80,5,5,99,33,Inf
"scaled",0.75,0.728536771976969,0.0459202661376323,TRUE,1,"randomized",TRUE,0.001,3000,80,5,5,99,33,Inf
"orthogonal",0.75,0.745747156944587,0.0492247197862291,TRUE,1,"randomized",TRUE,0.001,3000,80,5,5,99,33,Inf
"targeted_projection",0.75,0.752133235507032,0.0496919669513467,TRUE,1,"randomized",TRUE,0.001,3000,80,5,5,99,33,Inf
"targeted_sudo",0.75,0.742003383157826,0.0481494279467606,TRUE,1,"randomized",TRUE,0.001,3000,80,5,5,99,33,Inf
"direct",0.75,0.712007623352381,0.036661503948694,TRUE,1,"randomized",TRUE,0.001,3000,80,5,5,99,34,Inf
"raw_label",0.75,0.144118027350014,0.00720030343953077,FALSE,1,"randomized",TRUE,0.001,3000,80,5,5,99,34,Inf
"index_projection",0.75,0.708664281303159,0.0364221798885575,TRUE,1,"randomized",TRUE,0.001,3000,80,5,5,99,34,Inf
"sudo",0.75,0.729841179775594,0.0373538740355266,TRUE,1,"randomized",TRUE,0.001,3000,80,5,5,99,34,Inf
"scaled",0.75,0.750478849964896,0.0402743089467987,TRUE,1,"randomized",TRUE,0.001,3000,80,5,5,99,34,Inf
"orthogonal",0.75,0.756265239784001,0.054939758236337,TRUE,1,"randomized",TRUE,0.001,3000,80,5,5,99,34,Inf
"targeted_projection",0.75,0.787000662699401,0.0435009123163974,TRUE,1,"randomized",TRUE,0.001,3000,80,5,5,99,34,Inf
"targeted_sudo",0.75,0.774456228643621,0.0425817735766184,TRUE,1,"randomized",TRUE,0.001,3000,80,5,5,99,34,Inf
"direct",0.75,0.676085461549232,0.03799483293069,TRUE,1,"randomized",TRUE,0.001,3000,80,5,5,99,35,Inf
"raw_label",0.75,0.135983924573326,0.00723643531256951,FALSE,1,"randomized",TRUE,0.001,3000,80,5,5,99,35,Inf
"index_projection",0.75,0.674934813125155,0.0384809472285803,TRUE,1,"randomized",TRUE,0.001,3000,80,5,5,99,35,Inf
"sudo",0.75,0.697798092972519,0.0397189235780744,TRUE,1,"randomized",TRUE,0.001,3000,80,5,5,99,35,Inf
"scaled",0.75,0.719737285512425,0.0428420558674729,TRUE,1,"randomized",TRUE,0.001,3000,80,5,5,99,35,Inf
"orthogonal",0.75,0.717093426706483,0.0564935715283922,TRUE,1,"randomized",TRUE,0.001,3000,80,5,5,99,35,Inf
"targeted_projection",0.75,0.735149650673554,0.0448936890054017,TRUE,1,"randomized",TRUE,0.001,3000,80,5,5,99,35,Inf
"targeted_sudo",0.75,0.727629652945174,0.0437391552766834,TRUE,1,"randomized",TRUE,0.001,3000,80,5,5,99,35,Inf
"direct",0.75,0.723144605262869,0.0377321175430945,TRUE,1,"randomized",TRUE,0.001,3000,80,5,5,99,36,Inf
"raw_label",0.75,0.14317183569115,0.007131606525643,FALSE,1,"randomized",TRUE,0.001,3000,80,5,5,99,36,Inf
"index_projection",0.75,0.724700610676137,0.0381319146963172,TRUE,1,"randomized",TRUE,0.001,3000,80,5,5,99,36,Inf
"sudo",0.75,0.747725665672985,0.0410329345334779,TRUE,1,"randomized",TRUE,0.001,3000,80,5,5,99,36,Inf
"scaled",0.75,0.771367496783707,0.0463929018885251,TRUE,1,"randomized",TRUE,0.001,3000,80,5,5,99,36,Inf
"orthogonal",0.75,0.756009126976268,0.0600248335881873,TRUE,1,"randomized",TRUE,0.001,3000,80,5,5,99,36,Inf
"targeted_projection",0.75,0.797908836830774,0.0487621851088863,TRUE,1,"randomized",TRUE,0.001,3000,80,5,5,99,36,Inf
"targeted_sudo",0.75,0.786221512859782,0.0475792159923357,TRUE,1,"randomized",TRUE,0.001,3000,80,5,5,99,36,Inf
"direct",0.75,0.621256872311891,0.0427491722278334,FALSE,1,"randomized",TRUE,0.001,3000,80,5,5,99,37,Inf
"raw_label",0.75,0.127700346275586,0.00788452520530836,FALSE,1,"randomized",TRUE,0.001,3000,80,5,5,99,37,Inf
"index_projection",0.75,0.623832056106477,0.0430790405763373,FALSE,1,"randomized",TRUE,0.001,3000,80,5,5,99,37,Inf
"sudo",0.75,0.642731477887999,0.0442012234529013,FALSE,1,"randomized",TRUE,0.001,3000,80,5,5,99,37,Inf
"scaled",0.75,0.659983709563164,0.0468578919988103,TRUE,1,"randomized",TRUE,0.001,3000,80,5,5,99,37,Inf
"orthogonal",0.75,0.675382377163192,0.0503457160205349,TRUE,1,"randomized",TRUE,0.001,3000,80,5,5,99,37,Inf
"targeted_projection",0.75,0.677264854326703,0.0506067876965226,TRUE,1,"randomized",TRUE,0.001,3000,80,5,5,99,37,Inf
"targeted_sudo",0.75,0.6692538862138,0.0487125246178945,TRUE,1,"randomized",TRUE,0.001,3000,80,5,5,99,37,Inf
"direct",0.75,0.6284111573555,0.0441839563346473,FALSE,1,"randomized",TRUE,0.001,3000,80,5,5,99,38,Inf
"raw_label",0.75,0.127944830025174,0.00834724340235404,FALSE,1,"randomized",TRUE,0.001,3000,80,5,5,99,38,Inf
"index_projection",0.75,0.629409186608631,0.0440227233702166,FALSE,1,"randomized",TRUE,0.001,3000,80,5,5,99,38,Inf
"sudo",0.75,0.650178101492181,0.0471194447705414,FALSE,1,"randomized",TRUE,0.001,3000,80,5,5,99,38,Inf
"scaled",0.75,0.669627347643199,0.0516889705103503,TRUE,1,"randomized",TRUE,0.001,3000,80,5,5,99,38,Inf
"orthogonal",0.75,0.66459090907215,0.0607398781344133,TRUE,1,"randomized",TRUE,0.001,3000,80,5,5,99,38,Inf
"targeted_projection",0.75,0.69317889718368,0.0534072260141015,TRUE,1,"randomized",TRUE,0.001,3000,80,5,5,99,38,Inf
"targeted_sudo",0.75,0.68168708961786,0.0521721214522674,TRUE,1,"randomized",TRUE,0.001,3000,80,5,5,99,38,Inf
"direct",0.75,0.701033462905775,0.0414699404232477,TRUE,1,"randomized",TRUE,0.001,3000,80,5,5,99,39,Inf
"raw_label",0.75,0.14328837669252,0.00775851905068358,FALSE,1,"randomized",TRUE,0.001,3000,80,5,5,99,39,Inf
"index_projection",0.75,0.700637821303495,0.0425372512196118,TRUE,1,"randomized",TRUE,0.001,3000,80,5,5,99,39,Inf
"sudo",0.75,0.725810753729486,0.0441050571768518,TRUE,1,"randomized",TRUE,0.001,3000,80,5,5,99,39,Inf
"scaled",0.75,0.749900629898516,0.0475948453377475,TRUE,1,"randomized",TRUE,0.001,3000,80,5,5,99,39,Inf
"orthogonal",0.75,0.759504239392966,0.0579932015986433,TRUE,1,"randomized",TRUE,0.001,3000,80,5,5,99,39,Inf
"targeted_projection",0.75,0.772715077342577,0.0494650990819905,TRUE,1,"randomized",TRUE,0.001,3000,80,5,5,99,39,Inf
"targeted_sudo",0.75,0.762902299450386,0.0481265017322774,TRUE,1,"randomized",TRUE,0.001,3000,80,5,5,99,39,Inf
"direct",0.75,0.608712498766884,0.0465286655682912,FALSE,1,"randomized",TRUE,0.001,3000,80,5,5,99,40,Inf
"raw_label",0.75,0.123599014693549,0.00809049699978354,FALSE,1,"randomized",TRUE,0.001,3000,80,5,5,99,40,Inf
"index_projection",0.75,0.606544098339861,0.0460618647416481,FALSE,1,"randomized",TRUE,0.001,3000,80,5,5,99,40,Inf
"sudo",0.75,0.631259386621319,0.0450180532434181,FALSE,1,"randomized",TRUE,0.001,3000,80,5,5,99,40,Inf
"scaled",0.75,0.65389674890131,0.0463487472384456,FALSE,1,"randomized",TRUE,0.001,3000,80,5,5,99,40,Inf
"orthogonal",0.75,0.67235801337638,0.0488085622302943,TRUE,1,"randomized",TRUE,0.001,3000,80,5,5,99,40,Inf
"targeted_projection",0.75,0.670598412424336,0.050529141804529,TRUE,1,"randomized",TRUE,0.001,3000,80,5,5,99,40,Inf
"targeted_sudo",0.75,0.664571645472985,0.0492556082261864,TRUE,1,"randomized",TRUE,0.001,3000,80,5,5,99,40,Inf
"direct",0.75,0.639992921889397,0.0424919984099573,FALSE,1,"randomized",TRUE,0.001,3000,80,5,5,99,41,Inf
"raw_label",0.75,0.131608190006751,0.00783754640397095,FALSE,1,"randomized",TRUE,0.001,3000,80,5,5,99,41,Inf
"index_projection",0.75,0.640241570511029,0.0420507731124588,FALSE,1,"randomized",TRUE,0.001,3000,80,5,5,99,41,Inf
"sudo",0.75,0.663289051463313,0.0425371731327047,FALSE,1,"randomized",TRUE,0.001,3000,80,5,5,99,41,Inf
"scaled",0.75,0.684869848621228,0.0446407154298341,TRUE,1,"randomized",TRUE,0.001,3000,80,5,5,99,41,Inf
"orthogonal",0.75,0.706563531122608,0.0512455069064732,TRUE,1,"randomized",TRUE,0.001,3000,80,5,5,99,41,Inf
"targeted_projection",0.75,0.704071625613107,0.0480145158155087,TRUE,1,"randomized",TRUE,0.001,3000,80,5,5,99,41,Inf
"targeted_sudo",0.75,0.698136123512999,0.0471245219747565,TRUE,1,"randomized",TRUE,0.001,3000,80,5,5,99,41,Inf
"direct",0.75,0.629204405627962,0.0349434102948762,FALSE,1,"randomized",TRUE,0.001,3000,80,5,5,99,42,Inf
"raw_label",0.75,0.132534124289646,0.00737179057133029,FALSE,1,"randomized",TRUE,0.001,3000,80,5,5,99,42,Inf
"index_projection",0.75,0.634371285842265,0.0352809280205745,FALSE,1,"randomized",TRUE,0.001,3000,80,5,5,99,42,Inf
"sudo",0.75,0.655454901396012,0.0377748109280695,FALSE,1,"randomized",TRUE,0.001,3000,80,5,5,99,42,Inf
"scaled",0.75,0.674503584064821,0.0417576285743647,TRUE,1,"randomized",TRUE,0.001,3000,80,5,5,99,42,Inf
"orthogonal",0.75,0.70117058752365,0.0472799523998155,TRUE,1,"randomized",TRUE,0.001,3000,80,5,5,99,42,Inf
"targeted_projection",0.75,0.683360111668367,0.0425749065385816,TRUE,1,"randomized",TRUE,0.001,3000,80,5,5,99,42,Inf
"targeted_sudo",0.75,0.680950114101404,0.0417906180710456,TRUE,1,"randomized",TRUE,0.001,3000,80,5,5,99,42,Inf
"direct",0.75,0.593047863374825,0.0341774551410223,FALSE,1,"randomized",TRUE,0.001,3000,80,5,5,99,43,Inf
"raw_label",0.75,0.119160852288896,0.00657880011043638,FALSE,1,"randomized",TRUE,0.001,3000,80,5,5,99,43,Inf
"index_projection",0.75,0.594899653735145,0.0338783439187076,FALSE,1,"randomized",TRUE,0.001,3000,80,5,5,99,43,Inf
"sudo",0.75,0.615155196422747,0.0353880622102057,FALSE,1,"randomized",TRUE,0.001,3000,80,5,5,99,43,Inf
"scaled",0.75,0.634367472267268,0.0390290905562913,FALSE,1,"randomized",TRUE,0.001,3000,80,5,5,99,43,Inf
"orthogonal",0.75,0.644863915032389,0.041952894214318,FALSE,1,"randomized",TRUE,0.001,3000,80,5,5,99,43,Inf
"targeted_projection",0.75,0.654203408777565,0.0409166375936633,FALSE,1,"randomized",TRUE,0.001,3000,80,5,5,99,43,Inf
"targeted_sudo",0.75,0.647364323066025,0.0395477341151388,FALSE,1,"randomized",TRUE,0.001,3000,80,5,5,99,43,Inf
"direct",0.75,0.690433938952356,0.0374350732816949,TRUE,1,"randomized",TRUE,0.001,3000,80,5,5,99,44,Inf
"raw_label",0.75,0.138596708878011,0.00728824120849388,FALSE,1,"randomized",TRUE,0.001,3000,80,5,5,99,44,Inf
"index_projection",0.75,0.688621253559896,0.0370647432916344,TRUE,1,"randomized",TRUE,0.001,3000,80,5,5,99,44,Inf
"sudo",0.75,0.712669375824506,0.0389847881393424,TRUE,1,"randomized",TRUE,0.001,3000,80,5,5,99,44,Inf
"scaled",0.75,0.736265919132244,0.0428670062837353,TRUE,1,"randomized",TRUE,0.001,3000,80,5,5,99,44,Inf
"orthogonal",0.75,0.733336502858979,0.0508062334411102,TRUE,1,"randomized",TRUE,0.001,3000,80,5,5,99,44,Inf
"targeted_projection",0.75,0.757469073142637,0.0457133763302577,TRUE,1,"randomized",TRUE,0.001,3000,80,5,5,99,44,Inf
"targeted_sudo",0.75,0.748366752830961,0.0441106321161924,TRUE,1,"randomized",TRUE,0.001,3000,80,5,5,99,44,Inf
"direct",0.75,0.738531177615166,0.0341079670256181,TRUE,1,"randomized",TRUE,0.001,3000,80,5,5,99,45,Inf
"raw_label",0.75,0.147836004843184,0.00660563531366044,FALSE,1,"randomized",TRUE,0.001,3000,80,5,5,99,45,Inf
"index_projection",0.75,0.743652854116599,0.0334099068816982,TRUE,1,"randomized",TRUE,0.001,3000,80,5,5,99,45,Inf
"sudo",0.75,0.765188264568149,0.0347969193359977,TRUE,1,"randomized",TRUE,0.001,3000,80,5,5,99,45,Inf
"scaled",0.75,0.786796030469476,0.0387669396367054,TRUE,1,"randomized",TRUE,0.001,3000,80,5,5,99,45,Inf
"orthogonal",0.75,0.811322120174348,0.0431851409337066,TRUE,1,"randomized",TRUE,0.001,3000,80,5,5,99,45,Inf
"targeted_projection",0.75,0.814927852163345,0.0418628828638991,TRUE,1,"randomized",TRUE,0.001,3000,80,5,5,99,45,Inf
"targeted_sudo",0.75,0.803147250334232,0.0404275517986592,TRUE,1,"randomized",TRUE,0.001,3000,80,5,5,99,45,Inf
"direct",0.75,0.651619823840732,0.0405045750843175,FALSE,1,"randomized",TRUE,0.001,3000,80,5,5,99,46,Inf
"raw_label",0.75,0.133994054081989,0.00766206964651962,FALSE,1,"randomized",TRUE,0.001,3000,80,5,5,99,46,Inf
"index_projection",0.75,0.655624770589256,0.0406674161343192,FALSE,1,"randomized",TRUE,0.001,3000,80,5,5,99,46,Inf
"sudo",0.75,0.677532396314631,0.0419805582808922,TRUE,1,"randomized",TRUE,0.001,3000,80,5,5,99,46,Inf
"scaled",0.75,0.697968409735834,0.0449440830696407,TRUE,1,"randomized",TRUE,0.001,3000,80,5,5,99,46,Inf
"orthogonal",0.75,0.685760516963813,0.0549224902385151,TRUE,1,"randomized",TRUE,0.001,3000,80,5,5,99,46,Inf
"targeted_projection",0.75,0.722883790673749,0.047647457948468,TRUE,1,"randomized",TRUE,0.001,3000,80,5,5,99,46,Inf
"targeted_sudo",0.75,0.709630922789179,0.0462509283530388,TRUE,1,"randomized",TRUE,0.001,3000,80,5,5,99,46,Inf
"direct",0.75,0.713115351033293,0.0421218889180353,TRUE,1,"randomized",TRUE,0.001,3000,80,5,5,99,47,Inf
"raw_label",0.75,0.142181320650782,0.00806039127912892,FALSE,1,"randomized",TRUE,0.001,3000,80,5,5,99,47,Inf
"index_projection",0.75,0.713047237691279,0.0417900301265281,TRUE,1,"randomized",TRUE,0.001,3000,80,5,5,99,47,Inf
"sudo",0.75,0.73611797122221,0.0440921188925345,TRUE,1,"randomized",TRUE,0.001,3000,80,5,5,99,47,Inf
"scaled",0.75,0.759301618819676,0.0484463019725697,TRUE,1,"randomized",TRUE,0.001,3000,80,5,5,99,47,Inf
"orthogonal",0.75,0.745859779483057,0.0556374708272716,TRUE,1,"randomized",TRUE,0.001,3000,80,5,5,99,47,Inf
"targeted_projection",0.75,0.782593369609827,0.0527898647145371,TRUE,1,"randomized",TRUE,0.001,3000,80,5,5,99,47,Inf
"targeted_sudo",0.75,0.773072314234729,0.0511369857843355,TRUE,1,"randomized",TRUE,0.001,3000,80,5,5,99,47,Inf
"direct",0.75,0.67240851338714,0.0379083338884194,FALSE,1,"randomized",TRUE,0.001,3000,80,5,5,99,48,Inf
"raw_label",0.75,0.139060828364361,0.00748226010868549,FALSE,1,"randomized",TRUE,0.001,3000,80,5,5,99,48,Inf
"index_projection",0.75,0.676244808813261,0.0376821727186335,TRUE,1,"randomized",TRUE,0.001,3000,80,5,5,99,48,Inf
"sudo",0.75,0.700485271357164,0.0400016225729267,TRUE,1,"randomized",TRUE,0.001,3000,80,5,5,99,48,Inf
"scaled",0.75,0.723493241001557,0.0441660715509687,TRUE,1,"randomized",TRUE,0.001,3000,80,5,5,99,48,Inf
"orthogonal",0.75,0.745522424372687,0.0470401144546429,TRUE,1,"randomized",TRUE,0.001,3000,80,5,5,99,48,Inf
"targeted_projection",0.75,0.734247393196735,0.0470452596463944,TRUE,1,"randomized",TRUE,0.001,3000,80,5,5,99,48,Inf
"targeted_sudo",0.75,0.726794886833892,0.0455405338479359,TRUE,1,"randomized",TRUE,0.001,3000,80,5,5,99,48,Inf
"direct",0.75,0.640923665920385,0.0397144775431368,FALSE,1,"randomized",TRUE,0.001,3000,80,5,5,99,49,Inf
"raw_label",0.75,0.127647979891579,0.00737214807247281,FALSE,1,"randomized",TRUE,0.001,3000,80,5,5,99,49,Inf
"index_projection",0.75,0.639496307986414,0.0396465939926493,FALSE,1,"randomized",TRUE,0.001,3000,80,5,5,99,49,Inf
"sudo",0.75,0.666591570819627,0.0413228889183789,FALSE,1,"randomized",TRUE,0.001,3000,80,5,5,99,49,Inf
"scaled",0.75,0.693015902041281,0.0449203531235468,TRUE,1,"randomized",TRUE,0.001,3000,80,5,5,99,49,Inf
"orthogonal",0.75,0.726086569474014,0.046353517127324,TRUE,1,"randomized",TRUE,0.001,3000,80,5,5,99,49,Inf
"targeted_projection",0.75,0.705814503716174,0.0471495187659929,TRUE,1,"randomized",TRUE,0.001,3000,80,5,5,99,49,Inf
"targeted_sudo",0.75,0.699586923162152,0.0456391908652834,TRUE,1,"randomized",TRUE,0.001,3000,80,5,5,99,49,Inf
"direct",0.75,0.651402755240348,0.0379356951647981,FALSE,1,"randomized",TRUE,0.001,3000,80,5,5,99,50,Inf
"raw_label",0.75,0.13305979100228,0.0074821498125065,FALSE,1,"randomized",TRUE,0.001,3000,80,5,5,99,50,Inf
"index_projection",0.75,0.65072717689886,0.0373935731064004,FALSE,1,"randomized",TRUE,0.001,3000,80,5,5,99,50,Inf
"sudo",0.75,0.672094305270195,0.0394746713715678,FALSE,1,"randomized",TRUE,0.001,3000,80,5,5,99,50,Inf
"scaled",0.75,0.691880801201166,0.0432542463973857,TRUE,1,"randomized",TRUE,0.001,3000,80,5,5,99,50,Inf
"orthogonal",0.75,0.713877581102867,0.047973612362993,TRUE,1,"randomized",TRUE,0.001,3000,80,5,5,99,50,Inf
"targeted_projection",0.75,0.709613562337752,0.0464462357675982,TRUE,1,"randomized",TRUE,0.001,3000,80,5,5,99,50,Inf
"targeted_sudo",0.75,0.701932026560117,0.0451089541852265,TRUE,1,"randomized",TRUE,0.001,3000,80,5,5,99,50,Inf
"direct",0.75,0.657264096727691,0.0434730372824839,FALSE,1,"confounded",TRUE,0.001,3000,80,5,5,99,1,600
"raw_label",0.75,0.123762919901193,0.00752018775608198,FALSE,1,"confounded",TRUE,0.001,3000,80,5,5,99,1,600
"index_projection",0.75,0.656431588406037,0.043335366637376,FALSE,1,"confounded",TRUE,0.001,3000,80,5,5,99,1,600
"sudo",0.75,0.664070347147156,0.0446737799515596,TRUE,1,"confounded",TRUE,0.001,3000,80,5,5,99,1,600
"scaled",0.75,0.672013950958861,0.0479633218097373,TRUE,1,"confounded",TRUE,0.001,3000,80,5,5,99,1,600
"orthogonal",0.75,0.700916963502233,0.0540814860085524,TRUE,1,"confounded",TRUE,0.001,3000,80,5,5,99,1,600
"targeted_projection",0.75,0.722807837233338,0.051100465251205,TRUE,1,"confounded",TRUE,0.001,3000,80,5,5,99,1,600
"targeted_sudo",0.75,0.703282637778622,0.049741777570964,TRUE,1,"confounded",TRUE,0.001,3000,80,5,5,99,1,600
"direct",0.75,0.621294252125004,0.0356920110743813,FALSE,1,"confounded",TRUE,0.001,3000,80,5,5,99,2,600
"raw_label",0.75,0.117892395441523,0.00682185476160914,FALSE,1,"confounded",TRUE,0.001,3000,80,5,5,99,2,600
"index_projection",0.75,0.618991245692002,0.035756267783936,FALSE,1,"confounded",TRUE,0.001,3000,80,5,5,99,2,600
"sudo",0.75,0.634539917762841,0.0374032710330227,FALSE,1,"confounded",TRUE,0.001,3000,80,5,5,99,2,600
"scaled",0.75,0.650284433273613,0.0412400180288836,FALSE,1,"confounded",TRUE,0.001,3000,80,5,5,99,2,600
"orthogonal",0.75,0.682767466559565,0.0458182588335528,TRUE,1,"confounded",TRUE,0.001,3000,80,5,5,99,2,600
"targeted_projection",0.75,0.690813021948652,0.0430779428781541,TRUE,1,"confounded",TRUE,0.001,3000,80,5,5,99,2,600
"targeted_sudo",0.75,0.674776151645947,0.0419876962693628,TRUE,1,"confounded",TRUE,0.001,3000,80,5,5,99,2,600
"direct",0.75,0.717621757254155,0.0417059071273147,TRUE,1,"confounded",TRUE,0.001,3000,80,5,5,99,3,600
"raw_label",0.75,0.138263380909518,0.00750009170731581,FALSE,1,"confounded",TRUE,0.001,3000,80,5,5,99,3,600
"index_projection",0.75,0.7148814761274,0.0413969128547667,TRUE,1,"confounded",TRUE,0.001,3000,80,5,5,99,3,600
"sudo",0.75,0.729387163993158,0.0419426539068105,TRUE,1,"confounded",TRUE,0.001,3000,80,5,5,99,3,600
"scaled",0.75,0.744435592075139,0.0440467713688647,TRUE,1,"confounded",TRUE,0.001,3000,80,5,5,99,3,600
"orthogonal",0.75,0.787970853359342,0.0478247760136872,TRUE,1,"confounded",TRUE,0.001,3000,80,5,5,99,3,600
"targeted_projection",0.75,0.78642196323505,0.0477924466866194,TRUE,1,"confounded",TRUE,0.001,3000,80,5,5,99,3,600
"targeted_sudo",0.75,0.77102787473281,0.0467937760746753,TRUE,1,"confounded",TRUE,0.001,3000,80,5,5,99,3,600
"direct",0.75,0.68829012256614,0.0429641215129166,TRUE,1,"confounded",TRUE,0.001,3000,80,5,5,99,4,600
"raw_label",0.75,0.129080184234522,0.00745649211142542,FALSE,1,"confounded",TRUE,0.001,3000,80,5,5,99,4,600
"index_projection",0.75,0.685697328333483,0.0426935041618799,TRUE,1,"confounded",TRUE,0.001,3000,80,5,5,99,4,600
"sudo",0.75,0.69551506049033,0.0444911179290939,TRUE,1,"confounded",TRUE,0.001,3000,80,5,5,99,4,600
"scaled",0.75,0.706071063647617,0.0487715451601251,TRUE,1,"confounded",TRUE,0.001,3000,80,5,5,99,4,600
"orthogonal",0.75,0.677417688894062,0.0738238005903158,TRUE,1,"confounded",TRUE,0.001,3000,80,5,5,99,4,600
"targeted_projection",0.75,0.765377396018767,0.0505384441006686,TRUE,1,"confounded",TRUE,0.001,3000,80,5,5,99,4,600
"targeted_sudo",0.75,0.744157687052398,0.0494918789048823,TRUE,1,"confounded",TRUE,0.001,3000,80,5,5,99,4,600
"direct",0.75,0.651975451399524,0.0379096378403358,FALSE,1,"confounded",TRUE,0.001,3000,80,5,5,99,5,600
"raw_label",0.75,0.123239280989701,0.00658714307260612,FALSE,1,"confounded",TRUE,0.001,3000,80,5,5,99,5,600
"index_projection",0.75,0.650829375697508,0.0378924272267639,FALSE,1,"confounded",TRUE,0.001,3000,80,5,5,99,5,600
"sudo",0.75,0.661791909127569,0.038096572685929,FALSE,1,"confounded",TRUE,0.001,3000,80,5,5,99,5,600
"scaled",0.75,0.673014854387976,0.0403249479653111,TRUE,1,"confounded",TRUE,0.001,3000,80,5,5,99,5,600
"orthogonal",0.75,0.691213674844589,0.0471757241744564,TRUE,1,"confounded",TRUE,0.001,3000,80,5,5,99,5,600
"targeted_projection",0.75,0.731253156580595,0.0433126009805062,TRUE,1,"confounded",TRUE,0.001,3000,80,5,5,99,5,600
"targeted_sudo",0.75,0.709663070225186,0.0420409918566485,TRUE,1,"confounded",TRUE,0.001,3000,80,5,5,99,5,600
"direct",0.75,0.70466486862833,0.0443291624471766,TRUE,1,"confounded",TRUE,0.001,3000,80,5,5,99,6,600
"raw_label",0.75,0.127301278828682,0.00791287097707985,FALSE,1,"confounded",TRUE,0.001,3000,80,5,5,99,6,600
"index_projection",0.75,0.703788101342126,0.0444521655782846,TRUE,1,"confounded",TRUE,0.001,3000,80,5,5,99,6,600
"sudo",0.75,0.714590709948726,0.045647275095339,TRUE,1,"confounded",TRUE,0.001,3000,80,5,5,99,6,600
"scaled",0.75,0.726604968073743,0.0489928479508698,TRUE,1,"confounded",TRUE,0.001,3000,80,5,5,99,6,600
"orthogonal",0.75,0.73762208998572,0.0644852152621867,TRUE,1,"confounded",TRUE,0.001,3000,80,5,5,99,6,600
"targeted_projection",0.75,0.784890724914066,0.0520902791484255,TRUE,1,"confounded",TRUE,0.001,3000,80,5,5,99,6,600
"targeted_sudo",0.75,0.762555789852074,0.0516008216110308,TRUE,1,"confounded",TRUE,0.001,3000,80,5,5,99,6,600
"direct",0.75,0.661187531309791,0.0407190137943373,FALSE,1,"confounded",TRUE,0.001,3000,80,5,5,99,7,600
"raw_label",0.75,0.127659009546821,0.00733770997272622,FALSE,1,"confounded",TRUE,0.001,3000,80,5,5,99,7,600
"index_projection",0.75,0.660648538684591,0.0407816150289875,FALSE,1,"confounded",TRUE,0.001,3000,80,5,5,99,7,600
"sudo",0.75,0.676468688333371,0.0420180507347597,TRUE,1,"confounded",TRUE,0.001,3000,80,5,5,99,7,600
"scaled",0.75,0.692467121831536,0.0453755880574203,TRUE,1,"confounded",TRUE,0.001,3000,80,5,5,99,7,600
"orthogonal",0.75,0.720148440446132,0.053638790767924,TRUE,1,"confounded",TRUE,0.001,3000,80,5,5,99,7,600
"targeted_projection",0.75,0.735103316754886,0.0493319115227657,TRUE,1,"confounded",TRUE,0.001,3000,80,5,5,99,7,600
"targeted_sudo",0.75,0.718139841498606,0.0479065489428968,TRUE,1,"confounded",TRUE,0.001,3000,80,5,5,99,7,600
"direct",0.75,0.605855184130526,0.0450573672967321,FALSE,1,"confounded",TRUE,0.001,3000,80,5,5,99,8,600
"raw_label",0.75,0.112374391773495,0.00831514541661911,FALSE,1,"confounded",TRUE,0.001,3000,80,5,5,99,8,600
"index_projection",0.75,0.604094832390554,0.0452048093574981,FALSE,1,"confounded",TRUE,0.001,3000,80,5,5,99,8,600
"sudo",0.75,0.609286207691931,0.0459589019252665,FALSE,1,"confounded",TRUE,0.001,3000,80,5,5,99,8,600
"scaled",0.75,0.614610734867129,0.0482500198661583,FALSE,1,"confounded",TRUE,0.001,3000,80,5,5,99,8,600
"orthogonal",0.75,0.633562608938754,0.0543325126703124,FALSE,1,"confounded",TRUE,0.001,3000,80,5,5,99,8,600
"targeted_projection",0.75,0.668438619780325,0.0507048396087846,TRUE,1,"confounded",TRUE,0.001,3000,80,5,5,99,8,600
"targeted_sudo",0.75,0.64999492012175,0.0494352554469344,FALSE,1,"confounded",TRUE,0.001,3000,80,5,5,99,8,600
"direct",0.75,0.674327416142986,0.0398701676433796,TRUE,1,"confounded",TRUE,0.001,3000,80,5,5,99,9,600
"raw_label",0.75,0.12981501060031,0.00714079416721701,FALSE,1,"confounded",TRUE,0.001,3000,80,5,5,99,9,600
"index_projection",0.75,0.674979400293496,0.0397243767323801,TRUE,1,"confounded",TRUE,0.001,3000,80,5,5,99,9,600
"sudo",0.75,0.681165435728898,0.040617346589773,TRUE,1,"confounded",TRUE,0.001,3000,80,5,5,99,9,600
"scaled",0.75,0.687472477300734,0.0430960517148151,TRUE,1,"confounded",TRUE,0.001,3000,80,5,5,99,9,600
"orthogonal",0.75,0.695585060871947,0.0491267196744157,TRUE,1,"confounded",TRUE,0.001,3000,80,5,5,99,9,600
"targeted_projection",0.75,0.7381523963242,0.0454630113706905,TRUE,1,"confounded",TRUE,0.001,3000,80,5,5,99,9,600
"targeted_sudo",0.75,0.720403846791313,0.0443093564550072,TRUE,1,"confounded",TRUE,0.001,3000,80,5,5,99,9,600
"direct",0.75,0.647559750073321,0.0458858814254732,FALSE,1,"confounded",TRUE,0.001,3000,80,5,5,99,10,600
"raw_label",0.75,0.121719497641893,0.00770653796190851,FALSE,1,"confounded",TRUE,0.001,3000,80,5,5,99,10,600
"index_projection",0.75,0.646773813653088,0.0458446778117533,FALSE,1,"confounded",TRUE,0.001,3000,80,5,5,99,10,600
"sudo",0.75,0.662508577674044,0.0466697982158565,TRUE,1,"confounded",TRUE,0.001,3000,80,5,5,99,10,600
"scaled",0.75,0.678952042742223,0.0497277058085315,TRUE,1,"confounded",TRUE,0.001,3000,80,5,5,99,10,600
"orthogonal",0.75,0.710441151747252,0.0584420572141376,TRUE,1,"confounded",TRUE,0.001,3000,80,5,5,99,10,600
"targeted_projection",0.75,0.730554202879946,0.0541185146271253,TRUE,1,"confounded",TRUE,0.001,3000,80,5,5,99,10,600
"targeted_sudo",0.75,0.710815254508148,0.0527880035856491,TRUE,1,"confounded",TRUE,0.001,3000,80,5,5,99,10,600
"direct",0.75,0.684258415122285,0.0373244587653609,TRUE,1,"confounded",TRUE,0.001,3000,80,5,5,99,11,600
"raw_label",0.75,0.130952919917813,0.00689050006493682,FALSE,1,"confounded",TRUE,0.001,3000,80,5,5,99,11,600
"index_projection",0.75,0.684631351861795,0.0372205013182305,TRUE,1,"confounded",TRUE,0.001,3000,80,5,5,99,11,600
"sudo",0.75,0.699247706554255,0.0379243386651856,TRUE,1,"confounded",TRUE,0.001,3000,80,5,5,99,11,600
"scaled",0.75,0.714571098123595,0.0406917017614865,TRUE,1,"confounded",TRUE,0.001,3000,80,5,5,99,11,600
"orthogonal",0.75,0.770700518104513,0.0436311491214615,TRUE,1,"confounded",TRUE,0.001,3000,80,5,5,99,11,600
"targeted_projection",0.75,0.760812118256929,0.0435744890931044,TRUE,1,"confounded",TRUE,0.001,3000,80,5,5,99,11,600
"targeted_sudo",0.75,0.745470230282809,0.0423863917806566,TRUE,1,"confounded",TRUE,0.001,3000,80,5,5,99,11,600
"direct",0.75,0.784289175657726,0.0420257261435308,TRUE,1,"confounded",TRUE,0.001,3000,80,5,5,99,12,600
"raw_label",0.75,0.14160088141819,0.00745953551080852,FALSE,1,"confounded",TRUE,0.001,3000,80,5,5,99,12,600
"index_projection",0.75,0.785908272108873,0.0422414057146757,TRUE,1,"confounded",TRUE,0.001,3000,80,5,5,99,12,600
"sudo",0.75,0.800959942534701,0.0437509280396106,TRUE,1,"confounded",TRUE,0.001,3000,80,5,5,99,12,600
"scaled",0.75,0.818707739241014,0.0478811251276779,TRUE,1,"confounded",TRUE,0.001,3000,80,5,5,99,12,600
"orthogonal",0.75,0.902963551595325,0.0523878166103309,FALSE,1,"confounded",TRUE,0.001,3000,80,5,5,99,12,600
"targeted_projection",0.75,0.881741755637769,0.0511343081357123,FALSE,1,"confounded",TRUE,0.001,3000,80,5,5,99,12,600
"targeted_sudo",0.75,0.861455775452926,0.0497345603000614,FALSE,1,"confounded",TRUE,0.001,3000,80,5,5,99,12,600
"direct",0.75,0.693402435064447,0.0473985109012073,TRUE,1,"confounded",TRUE,0.001,3000,80,5,5,99,13,600
"raw_label",0.75,0.130103653854938,0.0088959338205105,FALSE,1,"confounded",TRUE,0.001,3000,80,5,5,99,13,600
"index_projection",0.75,0.693694004511269,0.0475368098188117,TRUE,1,"confounded",TRUE,0.001,3000,80,5,5,99,13,600
"sudo",0.75,0.70162720108246,0.0498813951967621,TRUE,1,"confounded",TRUE,0.001,3000,80,5,5,99,13,600
"scaled",0.75,0.710036206983197,0.0543385507061526,TRUE,1,"confounded",TRUE,0.001,3000,80,5,5,99,13,600
"orthogonal",0.75,0.73158166156006,0.0564790645983123,TRUE,1,"confounded",TRUE,0.001,3000,80,5,5,99,13,600
"targeted_projection",0.75,0.771025019201855,0.0589466503092539,TRUE,1,"confounded",TRUE,0.001,3000,80,5,5,99,13,600
"targeted_sudo",0.75,0.74866704435377,0.0572507721532998,TRUE,1,"confounded",TRUE,0.001,3000,80,5,5,99,13,600
"direct",0.75,0.68055420412807,0.0401660901541434,TRUE,1,"confounded",TRUE,0.001,3000,80,5,5,99,14,600
"raw_label",0.75,0.125210546714258,0.00681970496691217,FALSE,1,"confounded",TRUE,0.001,3000,80,5,5,99,14,600
"index_projection",0.75,0.681050482601344,0.0403983699379869,TRUE,1,"confounded",TRUE,0.001,3000,80,5,5,99,14,600
"sudo",0.75,0.686462638234517,0.0421730812729415,TRUE,1,"confounded",TRUE,0.001,3000,80,5,5,99,14,600
"scaled",0.75,0.69230433252851,0.0461455924450474,TRUE,1,"confounded",TRUE,0.001,3000,80,5,5,99,14,600
"orthogonal",0.75,0.712710685837139,0.0517895451711149,TRUE,1,"confounded",TRUE,0.001,3000,80,5,5,99,14,600
"targeted_projection",0.75,0.747809592103533,0.047763632617113,TRUE,1,"confounded",TRUE,0.001,3000,80,5,5,99,14,600
"targeted_sudo",0.75,0.72715414760324,0.0468882034262372,TRUE,1,"confounded",TRUE,0.001,3000,80,5,5,99,14,600
"direct",0.75,0.661924870643548,0.0424826014283418,FALSE,1,"confounded",TRUE,0.001,3000,80,5,5,99,15,600
"raw_label",0.75,0.121908633391026,0.007251410278681,FALSE,1,"confounded",TRUE,0.001,3000,80,5,5,99,15,600
"index_projection",0.75,0.661982606838957,0.0422553470600619,FALSE,1,"confounded",TRUE,0.001,3000,80,5,5,99,15,600
"sudo",0.75,0.670521766570055,0.0418113198874495,TRUE,1,"confounded",TRUE,0.001,3000,80,5,5,99,15,600
"scaled",0.75,0.679441388081767,0.043505508528748,TRUE,1,"confounded",TRUE,0.001,3000,80,5,5,99,15,600
"orthogonal",0.75,0.723750132919883,0.0468199309999512,TRUE,1,"confounded",TRUE,0.001,3000,80,5,5,99,15,600
"targeted_projection",0.75,0.72805622499263,0.048695072573792,TRUE,1,"confounded",TRUE,0.001,3000,80,5,5,99,15,600
"targeted_sudo",0.75,0.711335123600975,0.0472133823869761,TRUE,1,"confounded",TRUE,0.001,3000,80,5,5,99,15,600
"direct",0.75,0.637279605150362,0.039765325261558,FALSE,0.96969696969697,"confounded",TRUE,0.001,3000,80,5,5,99,16,600
"raw_label",0.75,0.120664166906503,0.00760187492487877,FALSE,0.96969696969697,"confounded",TRUE,0.001,3000,80,5,5,99,16,600
"index_projection",0.75,0.634809466520532,0.0397562812638867,FALSE,0.96969696969697,"confounded",TRUE,0.001,3000,80,5,5,99,16,600
"sudo",0.75,0.648103643819509,0.0415268408958454,FALSE,0.96969696969697,"confounded",TRUE,0.001,3000,80,5,5,99,16,600
"scaled",0.75,0.661439831736096,0.0449999964988037,FALSE,0.96969696969697,"confounded",TRUE,0.001,3000,80,5,5,99,16,600
"orthogonal",0.75,0.681146860787681,0.0523055361330596,TRUE,0.96969696969697,"confounded",TRUE,0.001,3000,80,5,5,99,16,600
"targeted_projection",0.75,0.702181471427956,0.0465855177378623,TRUE,0.96969696969697,"confounded",TRUE,0.001,3000,80,5,5,99,16,600
"targeted_sudo",0.75,0.685249980768337,0.0452738612565675,TRUE,0.96969696969697,"confounded",TRUE,0.001,3000,80,5,5,99,16,600
"direct",0.75,0.675055903938259,0.0382068654790812,FALSE,0.96969696969697,"confounded",TRUE,0.001,3000,80,5,5,99,17,600
"raw_label",0.75,0.126289595649203,0.00705796964832732,FALSE,0.96969696969697,"confounded",TRUE,0.001,3000,80,5,5,99,17,600
"index_projection",0.75,0.672068818546843,0.0379805464433487,FALSE,0.96969696969697,"confounded",TRUE,0.001,3000,80,5,5,99,17,600
"sudo",0.75,0.689737686145072,0.0392068195421801,TRUE,0.96969696969697,"confounded",TRUE,0.001,3000,80,5,5,99,17,600
"scaled",0.75,0.708048063439915,0.0430114588576111,TRUE,0.96969696969697,"confounded",TRUE,0.001,3000,80,5,5,99,17,600
"orthogonal",0.75,0.772101344008242,0.0477661186858085,TRUE,0.96969696969697,"confounded",TRUE,0.001,3000,80,5,5,99,17,600
"targeted_projection",0.75,0.752612959926402,0.0473053839485306,TRUE,0.96969696969697,"confounded",TRUE,0.001,3000,80,5,5,99,17,600
"targeted_sudo",0.75,0.738202398337864,0.0460873476683276,TRUE,0.96969696969697,"confounded",TRUE,0.001,3000,80,5,5,99,17,600
"direct",0.75,0.671984599253942,0.0377305362465327,FALSE,0.96969696969697,"confounded",TRUE,0.001,3000,80,5,5,99,18,600
"raw_label",0.75,0.128430819693867,0.00645645328137762,FALSE,0.96969696969697,"confounded",TRUE,0.001,3000,80,5,5,99,18,600
"index_projection",0.75,0.67343461130453,0.0378765007982321,FALSE,0.96969696969697,"confounded",TRUE,0.001,3000,80,5,5,99,18,600
"sudo",0.75,0.68998622082587,0.0371947923827947,TRUE,0.96969696969697,"confounded",TRUE,0.001,3000,80,5,5,99,18,600
"scaled",0.75,0.707319639051729,0.0388900262485877,TRUE,0.96969696969697,"confounded",TRUE,0.001,3000,80,5,5,99,18,600
"orthogonal",0.75,0.76193211917591,0.0425221837401753,TRUE,0.96969696969697,"confounded",TRUE,0.001,3000,80,5,5,99,18,600
"targeted_projection",0.75,0.748801026262126,0.0434702978587498,TRUE,0.96969696969697,"confounded",TRUE,0.001,3000,80,5,5,99,18,600
"targeted_sudo",0.75,0.733996427947956,0.0416404679094776,TRUE,0.96969696969697,"confounded",TRUE,0.001,3000,80,5,5,99,18,600
"direct",0.75,0.655384786448805,0.0423185973969669,FALSE,0.96969696969697,"confounded",TRUE,0.001,3000,80,5,5,99,19,600
"raw_label",0.75,0.123318533638765,0.00758676447754377,FALSE,0.96969696969697,"confounded",TRUE,0.001,3000,80,5,5,99,19,600
"index_projection",0.75,0.65461571533452,0.0422356126267888,FALSE,0.96969696969697,"confounded",TRUE,0.001,3000,80,5,5,99,19,600
"sudo",0.75,0.670448270408089,0.0433311404508208,TRUE,0.96969696969697,"confounded",TRUE,0.001,3000,80,5,5,99,19,600
"scaled",0.75,0.686580474797403,0.0465475685331406,TRUE,0.96969696969697,"confounded",TRUE,0.001,3000,80,5,5,99,19,600
"orthogonal",0.75,0.733226637851259,0.0529548306157398,TRUE,0.96969696969697,"confounded",TRUE,0.001,3000,80,5,5,99,19,600
"targeted_projection",0.75,0.729366796495108,0.0498506434112288,TRUE,0.96969696969697,"confounded",TRUE,0.001,3000,80,5,5,99,19,600
"targeted_sudo",0.75,0.71314226172535,0.0483334048216488,TRUE,0.96969696969697,"confounded",TRUE,0.001,3000,80,5,5,99,19,600
"direct",0.75,0.677767613333107,0.0465013786799365,TRUE,1,"confounded",TRUE,0.001,3000,80,5,5,99,20,600
"raw_label",0.75,0.125961484917128,0.00810670265434789,FALSE,1,"confounded",TRUE,0.001,3000,80,5,5,99,20,600
"index_projection",0.75,0.677269247186324,0.0469307814657033,TRUE,1,"confounded",TRUE,0.001,3000,80,5,5,99,20,600
"sudo",0.75,0.690599266787528,0.0458874078228956,TRUE,1,"confounded",TRUE,0.001,3000,80,5,5,99,20,600
"scaled",0.75,0.704495056228817,0.0465822126467975,TRUE,1,"confounded",TRUE,0.001,3000,80,5,5,99,20,600
"orthogonal",0.75,0.775781981972863,0.0515974650317062,TRUE,1,"confounded",TRUE,0.001,3000,80,5,5,99,20,600
"targeted_projection",0.75,0.75424500281482,0.0522277379695486,TRUE,1,"confounded",TRUE,0.001,3000,80,5,5,99,20,600
"targeted_sudo",0.75,0.737434065460148,0.0505564881328243,TRUE,1,"confounded",TRUE,0.001,3000,80,5,5,99,20,600
"direct",0.75,0.799495491094908,0.0426644393092014,TRUE,0.97979797979798,"confounded",TRUE,0.001,3000,80,5,5,99,21,600
"raw_label",0.75,0.146873523305195,0.00714335998256822,FALSE,0.97979797979798,"confounded",TRUE,0.001,3000,80,5,5,99,21,600
"index_projection",0.75,0.796971174530398,0.0425487212614592,TRUE,0.97979797979798,"confounded",TRUE,0.001,3000,80,5,5,99,21,600
"sudo",0.75,0.813063583198477,0.0427948543440985,TRUE,0.97979797979798,"confounded",TRUE,0.001,3000,80,5,5,99,21,600
"scaled",0.75,0.831834374083628,0.0456694374097681,TRUE,0.97979797979798,"confounded",TRUE,0.001,3000,80,5,5,99,21,600
"orthogonal",0.75,0.879046895970206,0.0492526628730785,FALSE,0.97979797979798,"confounded",TRUE,0.001,3000,80,5,5,99,21,600
"targeted_projection",0.75,0.888720370618594,0.0499847024686718,FALSE,0.97979797979798,"confounded",TRUE,0.001,3000,80,5,5,99,21,600
"targeted_sudo",0.75,0.868049991680043,0.0486694957985453,FALSE,0.97979797979798,"confounded",TRUE,0.001,3000,80,5,5,99,21,600
"direct",0.75,0.577552512554519,0.038235401209891,FALSE,0.97979797979798,"confounded",TRUE,0.001,3000,80,5,5,99,22,600
"raw_label",0.75,0.110137721254296,0.00736120070691568,FALSE,0.97979797979798,"confounded",TRUE,0.001,3000,80,5,5,99,22,600
"index_projection",0.75,0.576050234695391,0.0384657099825451,FALSE,0.97979797979798,"confounded",TRUE,0.001,3000,80,5,5,99,22,600
"sudo",0.75,0.587578119305508,0.0387307901058801,FALSE,0.97979797979798,"confounded",TRUE,0.001,3000,80,5,5,99,22,600
"scaled",0.75,0.598977529735032,0.0405658404415907,FALSE,0.97979797979798,"confounded",TRUE,0.001,3000,80,5,5,99,22,600
"orthogonal",0.75,0.645286575583371,0.0449784850117281,FALSE,0.97979797979798,"confounded",TRUE,0.001,3000,80,5,5,99,22,600
"targeted_projection",0.75,0.639290705615893,0.0440504254999855,FALSE,0.97979797979798,"confounded",TRUE,0.001,3000,80,5,5,99,22,600
"targeted_sudo",0.75,0.624388222377876,0.0428586092734247,FALSE,0.97979797979798,"confounded",TRUE,0.001,3000,80,5,5,99,22,600
"direct",0.75,0.631881030281758,0.0383964360484754,FALSE,0.97979797979798,"confounded",TRUE,0.001,3000,80,5,5,99,23,600
"raw_label",0.75,0.119125504108647,0.00666398679147581,FALSE,0.97979797979798,"confounded",TRUE,0.001,3000,80,5,5,99,23,600
"index_projection",0.75,0.631380931598122,0.0382513855696715,FALSE,0.97979797979798,"confounded",TRUE,0.001,3000,80,5,5,99,23,600
"sudo",0.75,0.642992446847901,0.0385781568157752,FALSE,0.97979797979798,"confounded",TRUE,0.001,3000,80,5,5,99,23,600
"scaled",0.75,0.654720882504701,0.0407606189936018,FALSE,0.97979797979798,"confounded",TRUE,0.001,3000,80,5,5,99,23,600
"orthogonal",0.75,0.695017784152418,0.0460483428934637,TRUE,0.97979797979798,"confounded",TRUE,0.001,3000,80,5,5,99,23,600
"targeted_projection",0.75,0.700718277606642,0.044420742432302,TRUE,0.97979797979798,"confounded",TRUE,0.001,3000,80,5,5,99,23,600
"targeted_sudo",0.75,0.683340028229093,0.042953553127486,TRUE,0.97979797979798,"confounded",TRUE,0.001,3000,80,5,5,99,23,600
"direct",0.75,0.682714633123626,0.0439634341092382,TRUE,0.97979797979798,"confounded",TRUE,0.001,3000,80,5,5,99,24,600
"raw_label",0.75,0.129886309533594,0.00728775765351764,FALSE,0.97979797979798,"confounded",TRUE,0.001,3000,80,5,5,99,24,600
"index_projection",0.75,0.683468862973241,0.0440774917305147,TRUE,0.97979797979798,"confounded",TRUE,0.001,3000,80,5,5,99,24,600
"sudo",0.75,0.697431435101652,0.0445451496012361,TRUE,0.97979797979798,"confounded",TRUE,0.001,3000,80,5,5,99,24,600
"scaled",0.75,0.712082811650453,0.0472937564228267,TRUE,0.97979797979798,"confounded",TRUE,0.001,3000,80,5,5,99,24,600
"orthogonal",0.75,0.720158170369613,0.0553701080252101,TRUE,0.97979797979798,"confounded",TRUE,0.001,3000,80,5,5,99,24,600
"targeted_projection",0.75,0.762130977201913,0.0512767436101295,TRUE,0.97979797979798,"confounded",TRUE,0.001,3000,80,5,5,99,24,600
"targeted_sudo",0.75,0.740596644055168,0.0497665649304615,TRUE,0.97979797979798,"confounded",TRUE,0.001,3000,80,5,5,99,24,600
"direct",0.75,0.642842419648534,0.0394685257447018,FALSE,1,"confounded",TRUE,0.001,3000,80,5,5,99,25,600
"raw_label",0.75,0.122054984219416,0.00699626001987589,FALSE,1,"confounded",TRUE,0.001,3000,80,5,5,99,25,600
"index_projection",0.75,0.640282871102483,0.0395666988782375,FALSE,1,"confounded",TRUE,0.001,3000,80,5,5,99,25,600
"sudo",0.75,0.655278280744875,0.0399521100090326,FALSE,1,"confounded",TRUE,0.001,3000,80,5,5,99,25,600
"scaled",0.75,0.670414731677107,0.0427416651135837,TRUE,1,"confounded",TRUE,0.001,3000,80,5,5,99,25,600
"orthogonal",0.75,0.72113947288491,0.0480439820145335,TRUE,1,"confounded",TRUE,0.001,3000,80,5,5,99,25,600
"targeted_projection",0.75,0.703941031282181,0.0468664155138422,TRUE,1,"confounded",TRUE,0.001,3000,80,5,5,99,25,600
"targeted_sudo",0.75,0.691352447541531,0.0456321690489762,TRUE,1,"confounded",TRUE,0.001,3000,80,5,5,99,25,600
"direct",0.75,0.712299423543935,0.0382479197684862,TRUE,0.98989898989899,"confounded",TRUE,0.001,3000,80,5,5,99,26,600
"raw_label",0.75,0.131148224569068,0.00651716309565823,FALSE,0.98989898989899,"confounded",TRUE,0.001,3000,80,5,5,99,26,600
"index_projection",0.75,0.712449017501812,0.0382602728121757,TRUE,0.98989898989899,"confounded",TRUE,0.001,3000,80,5,5,99,26,600
"sudo",0.75,0.72187156048272,0.0394347239836258,TRUE,0.98989898989899,"confounded",TRUE,0.001,3000,80,5,5,99,26,600
"scaled",0.75,0.732365064047812,0.0428563149688528,TRUE,0.98989898989899,"confounded",TRUE,0.001,3000,80,5,5,99,26,600
"orthogonal",0.75,0.766701117845922,0.0513165608940528,TRUE,0.98989898989899,"confounded",TRUE,0.001,3000,80,5,5,99,26,600
"targeted_projection",0.75,0.794184998149814,0.0462784108668687,TRUE,0.98989898989899,"confounded",TRUE,0.001,3000,80,5,5,99,26,600
"targeted_sudo",0.75,0.772509498555698,0.045183066300893,TRUE,0.98989898989899,"confounded",TRUE,0.001,3000,80,5,5,99,26,600
"direct",0.75,0.669940782143955,0.0406195157748806,FALSE,0.98989898989899,"confounded",TRUE,0.001,3000,80,5,5,99,27,600
"raw_label",0.75,0.126686072052014,0.00636049741299875,FALSE,0.98989898989899,"confounded",TRUE,0.001,3000,80,5,5,99,27,600
"index_projection",0.75,0.669786928318912,0.0405291858677325,FALSE,0.98989898989899,"confounded",TRUE,0.001,3000,80,5,5,99,27,600
"sudo",0.75,0.684249441927769,0.0385563623591732,TRUE,0.98989898989899,"confounded",TRUE,0.001,3000,80,5,5,99,27,600
"scaled",0.75,0.699493683289078,0.0388530189495742,TRUE,0.98989898989899,"confounded",TRUE,0.001,3000,80,5,5,99,27,600
"orthogonal",0.75,0.73018067237715,0.0453254274706996,TRUE,0.98989898989899,"confounded",TRUE,0.001,3000,80,5,5,99,27,600
"targeted_projection",0.75,0.75640477397439,0.0439963527682175,TRUE,0.98989898989899,"confounded",TRUE,0.001,3000,80,5,5,99,27,600
"targeted_sudo",0.75,0.736700762521947,0.0425292394895498,TRUE,0.98989898989899,"confounded",TRUE,0.001,3000,80,5,5,99,27,600
"direct",0.75,0.71465286608361,0.0413352242434776,TRUE,0.98989898989899,"confounded",TRUE,0.001,3000,80,5,5,99,28,600
"raw_label",0.75,0.127812058035895,0.00692419856588385,FALSE,0.98989898989899,"confounded",TRUE,0.001,3000,80,5,5,99,28,600
"index_projection",0.75,0.714814973977205,0.0417620115637174,TRUE,0.98989898989899,"confounded",TRUE,0.001,3000,80,5,5,99,28,600
"sudo",0.75,0.722407452289461,0.0421208015482551,TRUE,0.98989898989899,"confounded",TRUE,0.001,3000,80,5,5,99,28,600
"scaled",0.75,0.731110405184579,0.0449235383157012,TRUE,0.98989898989899,"confounded",TRUE,0.001,3000,80,5,5,99,28,600
"orthogonal",0.75,0.784689583194016,0.0513552714396897,TRUE,0.98989898989899,"confounded",TRUE,0.001,3000,80,5,5,99,28,600
"targeted_projection",0.75,0.795144225273564,0.0481722677969758,TRUE,0.98989898989899,"confounded",TRUE,0.001,3000,80,5,5,99,28,600
"targeted_sudo",0.75,0.775122551654943,0.0466438539538822,TRUE,0.98989898989899,"confounded",TRUE,0.001,3000,80,5,5,99,28,600
"direct",0.75,0.728047986321138,0.0450036907393299,TRUE,0.98989898989899,"confounded",TRUE,0.001,3000,80,5,5,99,29,600
"raw_label",0.75,0.135799089504724,0.00746833422504002,FALSE,0.98989898989899,"confounded",TRUE,0.001,3000,80,5,5,99,29,600
"index_projection",0.75,0.729958781459727,0.0452295082256133,TRUE,0.98989898989899,"confounded",TRUE,0.001,3000,80,5,5,99,29,600
"sudo",0.75,0.743720995047519,0.0458799847128285,TRUE,0.98989898989899,"confounded",TRUE,0.001,3000,80,5,5,99,29,600
"scaled",0.75,0.758960220141888,0.0490745376468418,TRUE,0.98989898989899,"confounded",TRUE,0.001,3000,80,5,5,99,29,600
"orthogonal",0.75,0.81934848290775,0.0576959733217681,TRUE,0.98989898989899,"confounded",TRUE,0.001,3000,80,5,5,99,29,600
"targeted_projection",0.75,0.809980949978952,0.0538683865237501,TRUE,0.98989898989899,"confounded",TRUE,0.001,3000,80,5,5,99,29,600
"targeted_sudo",0.75,0.792890737481673,0.0524820838450997,TRUE,0.98989898989899,"confounded",TRUE,0.001,3000,80,5,5,99,29,600
"direct",0.75,0.631854632027266,0.043974282333997,FALSE,0.98989898989899,"confounded",TRUE,0.001,3000,80,5,5,99,30,600
"raw_label",0.75,0.114503332624847,0.00692435523308292,FALSE,0.98989898989899,"confounded",TRUE,0.001,3000,80,5,5,99,30,600
"index_projection",0.75,0.631725240030874,0.0440360356354426,FALSE,0.98989898989899,"confounded",TRUE,0.001,3000,80,5,5,99,30,600
"sudo",0.75,0.631652928502918,0.0426782114269533,FALSE,0.98989898989899,"confounded",TRUE,0.001,3000,80,5,5,99,30,600
"scaled",0.75,0.631578810481461,0.0424570894814362,FALSE,0.98989898989899,"confounded",TRUE,0.001,3000,80,5,5,99,30,600
"orthogonal",0.75,0.671837761523607,0.0479776073649018,TRUE,0.98989898989899,"confounded",TRUE,0.001,3000,80,5,5,99,30,600
"targeted_projection",0.75,0.695090125233022,0.0489331496764449,TRUE,0.98989898989899,"confounded",TRUE,0.001,3000,80,5,5,99,30,600
"targeted_sudo",0.75,0.673425726931622,0.0466770704270463,TRUE,0.98989898989899,"confounded",TRUE,0.001,3000,80,5,5,99,30,600
"direct",0.75,0.695556038144203,0.0461026228917174,TRUE,0.98989898989899,"confounded",TRUE,0.001,3000,80,5,5,99,31,600
"raw_label",0.75,0.130905252092538,0.0077681856588994,FALSE,0.98989898989899,"confounded",TRUE,0.001,3000,80,5,5,99,31,600
"index_projection",0.75,0.695754102320828,0.0458200045487543,TRUE,0.98989898989899,"confounded",TRUE,0.001,3000,80,5,5,99,31,600
"sudo",0.75,0.709318237640183,0.0468793594203199,TRUE,0.98989898989899,"confounded",TRUE,0.001,3000,80,5,5,99,31,600
"scaled",0.75,0.723862400092661,0.0496292292823933,TRUE,0.98989898989899,"confounded",TRUE,0.001,3000,80,5,5,99,31,600
"orthogonal",0.75,0.747399213117976,0.0617164263007555,TRUE,0.98989898989899,"confounded",TRUE,0.001,3000,80,5,5,99,31,600
"targeted_projection",0.75,0.782050836924628,0.0528830822437431,TRUE,0.98989898989899,"confounded",TRUE,0.001,3000,80,5,5,99,31,600
"targeted_sudo",0.75,0.761042666042184,0.0516849359311263,TRUE,0.98989898989899,"confounded",TRUE,0.001,3000,80,5,5,99,31,600
"direct",0.75,0.638367410206877,0.0478429264420257,FALSE,0.98989898989899,"confounded",TRUE,0.001,3000,80,5,5,99,32,600
"raw_label",0.75,0.118949169782657,0.0080909754729785,FALSE,0.98989898989899,"confounded",TRUE,0.001,3000,80,5,5,99,32,600
"index_projection",0.75,0.637309132455273,0.0478234049135523,FALSE,0.98989898989899,"confounded",TRUE,0.001,3000,80,5,5,99,32,600
"sudo",0.75,0.644481009516094,0.0469418614566409,FALSE,0.98989898989899,"confounded",TRUE,0.001,3000,80,5,5,99,32,600
"scaled",0.75,0.651988368673193,0.0481541965029888,FALSE,0.98989898989899,"confounded",TRUE,0.001,3000,80,5,5,99,32,600
"orthogonal",0.75,0.69134785646706,0.0548113825269999,TRUE,0.98989898989899,"confounded",TRUE,0.001,3000,80,5,5,99,32,600
"targeted_projection",0.75,0.707114988327226,0.053393149998589,TRUE,0.98989898989899,"confounded",TRUE,0.001,3000,80,5,5,99,32,600
"targeted_sudo",0.75,0.689423758716154,0.0518536585390478,TRUE,0.98989898989899,"confounded",TRUE,0.001,3000,80,5,5,99,32,600
"direct",0.75,0.69932127203768,0.0398013755037163,TRUE,0.98989898989899,"confounded",TRUE,0.001,3000,80,5,5,99,33,600
"raw_label",0.75,0.131303584647389,0.0069834712236802,FALSE,0.98989898989899,"confounded",TRUE,0.001,3000,80,5,5,99,33,600
"index_projection",0.75,0.695863187786449,0.0398766846061904,TRUE,0.98989898989899,"confounded",TRUE,0.001,3000,80,5,5,99,33,600
"sudo",0.75,0.716440955672556,0.0410440853162363,TRUE,0.98989898989899,"confounded",TRUE,0.001,3000,80,5,5,99,33,600
"scaled",0.75,0.738014834938898,0.0448927175619884,TRUE,0.98989898989899,"confounded",TRUE,0.001,3000,80,5,5,99,33,600
"orthogonal",0.75,0.798955793751985,0.0481527107461624,TRUE,0.98989898989899,"confounded",TRUE,0.001,3000,80,5,5,99,33,600
"targeted_projection",0.75,0.78114309338121,0.0460181726077133,TRUE,0.98989898989899,"confounded",TRUE,0.001,3000,80,5,5,99,33,600
"targeted_sudo",0.75,0.766297246127432,0.0449946676303457,TRUE,0.98989898989899,"confounded",TRUE,0.001,3000,80,5,5,99,33,600
"direct",0.75,0.620785719501396,0.0393988260597803,FALSE,0.98989898989899,"confounded",TRUE,0.001,3000,80,5,5,99,34,600
"raw_label",0.75,0.116852932719856,0.00656742233946484,FALSE,0.98989898989899,"confounded",TRUE,0.001,3000,80,5,5,99,34,600
"index_projection",0.75,0.620797950886317,0.0396323179200561,FALSE,0.98989898989899,"confounded",TRUE,0.001,3000,80,5,5,99,34,600
"sudo",0.75,0.639145028227117,0.0388852164820764,FALSE,0.98989898989899,"confounded",TRUE,0.001,3000,80,5,5,99,34,600
"scaled",0.75,0.658182385688009,0.0404808704716844,FALSE,0.98989898989899,"confounded",TRUE,0.001,3000,80,5,5,99,34,600
"orthogonal",0.75,0.715803627350442,0.0488243106952914,TRUE,0.98989898989899,"confounded",TRUE,0.001,3000,80,5,5,99,34,600
"targeted_projection",0.75,0.69864398189833,0.0453590123386927,TRUE,0.98989898989899,"confounded",TRUE,0.001,3000,80,5,5,99,34,600
"targeted_sudo",0.75,0.684472639145852,0.0442144420831288,TRUE,0.98989898989899,"confounded",TRUE,0.001,3000,80,5,5,99,34,600
"direct",0.75,0.665236249540935,0.0385568837075864,FALSE,1,"confounded",TRUE,0.001,3000,80,5,5,99,35,600
"raw_label",0.75,0.121465071405115,0.00662500916673425,FALSE,1,"confounded",TRUE,0.001,3000,80,5,5,99,35,600
"index_projection",0.75,0.665158423567645,0.03867260078241,FALSE,1,"confounded",TRUE,0.001,3000,80,5,5,99,35,600
"sudo",0.75,0.678096824038132,0.0395822592203734,TRUE,1,"confounded",TRUE,0.001,3000,80,5,5,99,35,600
"scaled",0.75,0.692208483053645,0.0427844222424059,TRUE,1,"confounded",TRUE,0.001,3000,80,5,5,99,35,600
"orthogonal",0.75,0.721143225036832,0.0488036649174475,TRUE,1,"confounded",TRUE,0.001,3000,80,5,5,99,35,600
"targeted_projection",0.75,0.755257632049793,0.0459951983659006,TRUE,1,"confounded",TRUE,0.001,3000,80,5,5,99,35,600
"targeted_sudo",0.75,0.732256414728024,0.0446840862020198,TRUE,1,"confounded",TRUE,0.001,3000,80,5,5,99,35,600
"direct",0.75,0.629159360856908,0.0385531994151837,FALSE,0.98989898989899,"confounded",TRUE,0.001,3000,80,5,5,99,36,600
"raw_label",0.75,0.12186439299879,0.00719817787650571,FALSE,0.98989898989899,"confounded",TRUE,0.001,3000,80,5,5,99,36,600
"index_projection",0.75,0.626028459787585,0.0386682279711299,FALSE,0.98989898989899,"confounded",TRUE,0.001,3000,80,5,5,99,36,600
"sudo",0.75,0.640618704331489,0.0396667923476842,FALSE,0.98989898989899,"confounded",TRUE,0.001,3000,80,5,5,99,36,600
"scaled",0.75,0.654808093406809,0.0427623725700897,FALSE,0.98989898989899,"confounded",TRUE,0.001,3000,80,5,5,99,36,600
"orthogonal",0.75,0.682103096998714,0.0485781896495005,TRUE,0.98989898989899,"confounded",TRUE,0.001,3000,80,5,5,99,36,600
"targeted_projection",0.75,0.698751668538048,0.0453121115299729,TRUE,0.98989898989899,"confounded",TRUE,0.001,3000,80,5,5,99,36,600
"targeted_sudo",0.75,0.68187138633516,0.0441470296738867,TRUE,0.98989898989899,"confounded",TRUE,0.001,3000,80,5,5,99,36,600
"direct",0.75,0.662267213881236,0.0390921729903076,FALSE,0.98989898989899,"confounded",TRUE,0.001,3000,80,5,5,99,37,600
"raw_label",0.75,0.127548608723804,0.00689482041418428,FALSE,0.98989898989899,"confounded",TRUE,0.001,3000,80,5,5,99,37,600
"index_projection",0.75,0.663204078602605,0.0393457437143624,FALSE,0.98989898989899,"confounded",TRUE,0.001,3000,80,5,5,99,37,600
"sudo",0.75,0.672476223791695,0.0400042310447254,TRUE,0.98989898989899,"confounded",TRUE,0.001,3000,80,5,5,99,37,600
"scaled",0.75,0.681687820071447,0.0424769025404691,TRUE,0.98989898989899,"confounded",TRUE,0.001,3000,80,5,5,99,37,600
"orthogonal",0.75,0.692643995916362,0.0476454043231451,TRUE,0.98989898989899,"confounded",TRUE,0.001,3000,80,5,5,99,37,600
"targeted_projection",0.75,0.732860766901564,0.0447801066794147,TRUE,0.98989898989899,"confounded",TRUE,0.001,3000,80,5,5,99,37,600
"targeted_sudo",0.75,0.711002009569301,0.0436705041774087,TRUE,0.98989898989899,"confounded",TRUE,0.001,3000,80,5,5,99,37,600
"direct",0.75,0.659457962539849,0.0430428702045506,FALSE,0.98989898989899,"confounded",TRUE,0.001,3000,80,5,5,99,38,600
"raw_label",0.75,0.123389466495779,0.00737230960101171,FALSE,0.98989898989899,"confounded",TRUE,0.001,3000,80,5,5,99,38,600
"index_projection",0.75,0.660760505813854,0.0432819377807236,FALSE,0.98989898989899,"confounded",TRUE,0.001,3000,80,5,5,99,38,600
"sudo",0.75,0.669613516454898,0.0439468500738824,TRUE,0.98989898989899,"confounded",TRUE,0.001,3000,80,5,5,99,38,600
"scaled",0.75,0.678772990120333,0.0467121726806355,TRUE,0.98989898989899,"confounded",TRUE,0.001,3000,80,5,5,99,38,600
"orthogonal",0.75,0.714876033313174,0.0581489887330046,TRUE,0.98989898989899,"confounded",TRUE,0.001,3000,80,5,5,99,38,600
"targeted_projection",0.75,0.726577039076059,0.049274637708064,TRUE,0.98989898989899,"confounded",TRUE,0.001,3000,80,5,5,99,38,600
"targeted_sudo",0.75,0.709465299287428,0.0476969928169196,TRUE,0.98989898989899,"confounded",TRUE,0.001,3000,80,5,5,99,38,600
"direct",0.75,0.659400935447176,0.0397145891603737,FALSE,0.98989898989899,"confounded",TRUE,0.001,3000,80,5,5,99,39,600
"raw_label",0.75,0.126526911114347,0.00671559394586895,FALSE,0.98989898989899,"confounded",TRUE,0.001,3000,80,5,5,99,39,600
"index_projection",0.75,0.656940295756584,0.0398978436048489,FALSE,0.98989898989899,"confounded",TRUE,0.001,3000,80,5,5,99,39,600
"sudo",0.75,0.677413658327515,0.0405861083254003,TRUE,0.98989898989899,"confounded",TRUE,0.001,3000,80,5,5,99,39,600
"scaled",0.75,0.698587451405512,0.0433613516451961,TRUE,0.98989898989899,"confounded",TRUE,0.001,3000,80,5,5,99,39,600
"orthogonal",0.75,0.741618753192558,0.0490387527525115,TRUE,0.98989898989899,"confounded",TRUE,0.001,3000,80,5,5,99,39,600
"targeted_projection",0.75,0.741568746078899,0.0463732694212382,TRUE,0.98989898989899,"confounded",TRUE,0.001,3000,80,5,5,99,39,600
"targeted_sudo",0.75,0.726615319785599,0.0452961443922929,TRUE,0.98989898989899,"confounded",TRUE,0.001,3000,80,5,5,99,39,600
"direct",0.75,0.613559733732287,0.0395674200953781,FALSE,1,"confounded",TRUE,0.001,3000,80,5,5,99,40,600
"raw_label",0.75,0.114835652976862,0.00670119328528889,FALSE,1,"confounded",TRUE,0.001,3000,80,5,5,99,40,600
"index_projection",0.75,0.612370812835157,0.039520864392746,FALSE,1,"confounded",TRUE,0.001,3000,80,5,5,99,40,600
"sudo",0.75,0.625363209954871,0.0397997013954899,FALSE,1,"confounded",TRUE,0.001,3000,80,5,5,99,40,600
"scaled",0.75,0.638379402116464,0.0416644311979746,FALSE,1,"confounded",TRUE,0.001,3000,80,5,5,99,40,600
"orthogonal",0.75,0.684956498467638,0.0488768853352061,TRUE,1,"confounded",TRUE,0.001,3000,80,5,5,99,40,600
"targeted_projection",0.75,0.677118306728791,0.0442104993467593,TRUE,1,"confounded",TRUE,0.001,3000,80,5,5,99,40,600
"targeted_sudo",0.75,0.663374192253598,0.0432889113752351,FALSE,1,"confounded",TRUE,0.001,3000,80,5,5,99,40,600
"direct",0.75,0.654974067426706,0.0453258236342495,FALSE,0.98989898989899,"confounded",TRUE,0.001,3000,80,5,5,99,41,600
"raw_label",0.75,0.124387505568968,0.00815812035284694,FALSE,0.98989898989899,"confounded",TRUE,0.001,3000,80,5,5,99,41,600
"index_projection",0.75,0.656086073216446,0.0452705868860874,FALSE,0.98989898989899,"confounded",TRUE,0.001,3000,80,5,5,99,41,600
"sudo",0.75,0.669043507271875,0.0447241024962628,TRUE,0.98989898989899,"confounded",TRUE,0.001,3000,80,5,5,99,41,600
"scaled",0.75,0.682335239255875,0.0460532417452318,TRUE,0.98989898989899,"confounded",TRUE,0.001,3000,80,5,5,99,41,600
"orthogonal",0.75,0.724288085197167,0.0509794804583724,TRUE,0.98989898989899,"confounded",TRUE,0.001,3000,80,5,5,99,41,600
"targeted_projection",0.75,0.73156465567268,0.0520236123834494,TRUE,0.98989898989899,"confounded",TRUE,0.001,3000,80,5,5,99,41,600
"targeted_sudo",0.75,0.715203542193565,0.0501359974403847,TRUE,0.98989898989899,"confounded",TRUE,0.001,3000,80,5,5,99,41,600
"direct",0.75,0.569546298815188,0.0448651651113841,FALSE,0.98989898989899,"confounded",TRUE,0.001,3000,80,5,5,99,42,600
"raw_label",0.75,0.106770010880818,0.00765263998600249,FALSE,0.98989898989899,"confounded",TRUE,0.001,3000,80,5,5,99,42,600
"index_projection",0.75,0.570291331046361,0.044790626567173,FALSE,0.98989898989899,"confounded",TRUE,0.001,3000,80,5,5,99,42,600
"sudo",0.75,0.577917147620921,0.0437753742108689,FALSE,0.98989898989899,"confounded",TRUE,0.001,3000,80,5,5,99,42,600
"scaled",0.75,0.585317153437104,0.0451288790403355,FALSE,0.98989898989899,"confounded",TRUE,0.001,3000,80,5,5,99,42,600
"orthogonal",0.75,0.644366379888396,0.0475746110131753,FALSE,0.98989898989899,"confounded",TRUE,0.001,3000,80,5,5,99,42,600
"targeted_projection",0.75,0.630036410987166,0.0497241909187777,FALSE,0.98989898989899,"confounded",TRUE,0.001,3000,80,5,5,99,42,600
"targeted_sudo",0.75,0.61604737900019,0.047923111881161,FALSE,0.98989898989899,"confounded",TRUE,0.001,3000,80,5,5,99,42,600
"direct",0.75,0.610937690632129,0.0432911983612708,FALSE,0.98989898989899,"confounded",TRUE,0.001,3000,80,5,5,99,43,600
"raw_label",0.75,0.115637932991713,0.00727515063126464,FALSE,0.98989898989899,"confounded",TRUE,0.001,3000,80,5,5,99,43,600
"index_projection",0.75,0.610466783653463,0.043566113017264,FALSE,0.98989898989899,"confounded",TRUE,0.001,3000,80,5,5,99,43,600
"sudo",0.75,0.618906833885269,0.0426893467125158,FALSE,0.98989898989899,"confounded",TRUE,0.001,3000,80,5,5,99,43,600
"scaled",0.75,0.627595236941183,0.0439333236716598,FALSE,0.98989898989899,"confounded",TRUE,0.001,3000,80,5,5,99,43,600
"orthogonal",0.75,0.656923274949215,0.0482652199282414,TRUE,0.98989898989899,"confounded",TRUE,0.001,3000,80,5,5,99,43,600
"targeted_projection",0.75,0.673342096067552,0.0486735785705419,TRUE,0.98989898989899,"confounded",TRUE,0.001,3000,80,5,5,99,43,600
"targeted_sudo",0.75,0.659802706804327,0.0468342382681804,TRUE,0.98989898989899,"confounded",TRUE,0.001,3000,80,5,5,99,43,600
"direct",0.75,0.690554251589238,0.0383209248786496,TRUE,0.98989898989899,"confounded",TRUE,0.001,3000,80,5,5,99,44,600
"raw_label",0.75,0.129549933251209,0.0070336228249112,FALSE,0.98989898989899,"confounded",TRUE,0.001,3000,80,5,5,99,44,600
"index_projection",0.75,0.691000518192288,0.0383455213259804,TRUE,0.98989898989899,"confounded",TRUE,0.001,3000,80,5,5,99,44,600
"sudo",0.75,0.705341371908232,0.0393447250756131,TRUE,0.98989898989899,"confounded",TRUE,0.001,3000,80,5,5,99,44,600
"scaled",0.75,0.720527172980726,0.0425574807969797,TRUE,0.98989898989899,"confounded",TRUE,0.001,3000,80,5,5,99,44,600
"orthogonal",0.75,0.759196859314535,0.0462068236899748,TRUE,0.98989898989899,"confounded",TRUE,0.001,3000,80,5,5,99,44,600
"targeted_projection",0.75,0.768922068868116,0.0457193078989663,TRUE,0.98989898989899,"confounded",TRUE,0.001,3000,80,5,5,99,44,600
"targeted_sudo",0.75,0.750944001515763,0.0444048749881429,TRUE,0.98989898989899,"confounded",TRUE,0.001,3000,80,5,5,99,44,600
"direct",0.75,0.697929823196883,0.0380760284511017,TRUE,1,"confounded",TRUE,0.001,3000,80,5,5,99,45,600
"raw_label",0.75,0.130257294275244,0.00716167895584243,FALSE,1,"confounded",TRUE,0.001,3000,80,5,5,99,45,600
"index_projection",0.75,0.696992423935177,0.0378879600749609,TRUE,1,"confounded",TRUE,0.001,3000,80,5,5,99,45,600
"sudo",0.75,0.711547990711611,0.0399198500829958,TRUE,1,"confounded",TRUE,0.001,3000,80,5,5,99,45,600
"scaled",0.75,0.727266237800713,0.0444593957447922,TRUE,1,"confounded",TRUE,0.001,3000,80,5,5,99,45,600
"orthogonal",0.75,0.748324878874022,0.0500452578947722,TRUE,1,"confounded",TRUE,0.001,3000,80,5,5,99,45,600
"targeted_projection",0.75,0.780354528538637,0.0452632209040496,TRUE,1,"confounded",TRUE,0.001,3000,80,5,5,99,45,600
"targeted_sudo",0.75,0.760588598794048,0.0449180937185477,TRUE,1,"confounded",TRUE,0.001,3000,80,5,5,99,45,600
"direct",0.75,0.69557005359888,0.0444657714733706,TRUE,1,"confounded",TRUE,0.001,3000,80,5,5,99,46,600
"raw_label",0.75,0.127916890547308,0.00770808108884727,FALSE,1,"confounded",TRUE,0.001,3000,80,5,5,99,46,600
"index_projection",0.75,0.692960583933277,0.0442740273974938,TRUE,1,"confounded",TRUE,0.001,3000,80,5,5,99,46,600
"sudo",0.75,0.70431495984988,0.0459431714259151,TRUE,1,"confounded",TRUE,0.001,3000,80,5,5,99,46,600
"scaled",0.75,0.716629046557321,0.0500521460246509,TRUE,1,"confounded",TRUE,0.001,3000,80,5,5,99,46,600
"orthogonal",0.75,0.756840341865572,0.0523772377450267,TRUE,1,"confounded",TRUE,0.001,3000,80,5,5,99,46,600
"targeted_projection",0.75,0.7763917101739,0.0551164361135276,TRUE,1,"confounded",TRUE,0.001,3000,80,5,5,99,46,600
"targeted_sudo",0.75,0.75424072585666,0.0535765555530505,TRUE,1,"confounded",TRUE,0.001,3000,80,5,5,99,46,600
"direct",0.75,0.679766372658507,0.0443465836353311,TRUE,1,"confounded",TRUE,0.001,3000,80,5,5,99,47,600
"raw_label",0.75,0.132512895221619,0.00796633373827666,FALSE,1,"confounded",TRUE,0.001,3000,80,5,5,99,47,600
"index_projection",0.75,0.679537251397203,0.0439885693792247,TRUE,1,"confounded",TRUE,0.001,3000,80,5,5,99,47,600
"sudo",0.75,0.696742737329692,0.0456983795006137,TRUE,1,"confounded",TRUE,0.001,3000,80,5,5,99,47,600
"scaled",0.75,0.714325047461924,0.0496435252987847,TRUE,1,"confounded",TRUE,0.001,3000,80,5,5,99,47,600
"orthogonal",0.75,0.752189725199821,0.0543086893892054,TRUE,1,"confounded",TRUE,0.001,3000,80,5,5,99,47,600
"targeted_projection",0.75,0.758675140900051,0.0527605721668634,TRUE,1,"confounded",TRUE,0.001,3000,80,5,5,99,47,600
"targeted_sudo",0.75,0.742516231091196,0.051250692157507,TRUE,1,"confounded",TRUE,0.001,3000,80,5,5,99,47,600
"direct",0.75,0.660208981414959,0.0465349224803111,TRUE,1,"confounded",TRUE,0.001,3000,80,5,5,99,48,600
"raw_label",0.75,0.125199894651705,0.00812490141367646,FALSE,1,"confounded",TRUE,0.001,3000,80,5,5,99,48,600
"index_projection",0.75,0.66191775059911,0.0465044995320471,TRUE,1,"confounded",TRUE,0.001,3000,80,5,5,99,48,600
"sudo",0.75,0.672684917915934,0.0458880925693413,TRUE,1,"confounded",TRUE,0.001,3000,80,5,5,99,48,600
"scaled",0.75,0.683931407856321,0.0476657106476057,TRUE,1,"confounded",TRUE,0.001,3000,80,5,5,99,48,600
"orthogonal",0.75,0.701494082090515,0.0536231660463005,TRUE,1,"confounded",TRUE,0.001,3000,80,5,5,99,48,600
"targeted_projection",0.75,0.73249409926646,0.0524924840109056,TRUE,1,"confounded",TRUE,0.001,3000,80,5,5,99,48,600
"targeted_sudo",0.75,0.713417235274553,0.0512006924717944,TRUE,1,"confounded",TRUE,0.001,3000,80,5,5,99,48,600
"direct",0.75,0.695966237436313,0.0385124175471411,TRUE,1,"confounded",TRUE,0.001,3000,80,5,5,99,49,600
"raw_label",0.75,0.132070979666318,0.00758887450535834,FALSE,1,"confounded",TRUE,0.001,3000,80,5,5,99,49,600
"index_projection",0.75,0.69442107343796,0.0385175236730133,TRUE,1,"confounded",TRUE,0.001,3000,80,5,5,99,49,600
"sudo",0.75,0.704631218508268,0.0412997501738781,TRUE,1,"confounded",TRUE,0.001,3000,80,5,5,99,49,600
"scaled",0.75,0.715248750300764,0.0460796435801057,TRUE,1,"confounded",TRUE,0.001,3000,80,5,5,99,49,600
"orthogonal",0.75,0.755412259001798,0.0526102241116155,TRUE,1,"confounded",TRUE,0.001,3000,80,5,5,99,49,600
"targeted_projection",0.75,0.765067256084147,0.0480828201318959,TRUE,1,"confounded",TRUE,0.001,3000,80,5,5,99,49,600
"targeted_sudo",0.75,0.745950875888858,0.0474524772333844,TRUE,1,"confounded",TRUE,0.001,3000,80,5,5,99,49,600
"direct",0.75,0.677023942990824,0.0449209750633251,TRUE,1,"confounded",TRUE,0.001,3000,80,5,5,99,50,600
"raw_label",0.75,0.126655441327239,0.00771728785080671,FALSE,1,"confounded",TRUE,0.001,3000,80,5,5,99,50,600
"index_projection",0.75,0.674297193695948,0.0448838049294047,TRUE,1,"confounded",TRUE,0.001,3000,80,5,5,99,50,600
"sudo",0.75,0.681792043392411,0.0446422626808668,TRUE,1,"confounded",TRUE,0.001,3000,80,5,5,99,50,600
"scaled",0.75,0.689712037779586,0.0465645385556647,TRUE,1,"confounded",TRUE,0.001,3000,80,5,5,99,50,600
"orthogonal",0.75,0.734032505296633,0.0461353957042698,TRUE,1,"confounded",TRUE,0.001,3000,80,5,5,99,50,600
"targeted_projection",0.75,0.739893115282888,0.0516051752565914,TRUE,1,"confounded",TRUE,0.001,3000,80,5,5,99,50,600
"targeted_sudo",0.75,0.724581400695921,0.0497641933954616,TRUE,1,"confounded",TRUE,0.001,3000,80,5,5,99,50,600
