"seed","selection","truth","direct","raw_label","index_projection","sudo","scaled","orthogonal","targeted_projection","targeted_sudo","pit_intercept_tilt","pit_affine_tilt","correction","kappa","clipping_rate","max_inverse_information","direct_contrast_spread","target_failure","index_rmse","index_correlation","pit_intercept_tilt_theta","pit_intercept_tilt_intercept","pit_intercept_tilt_slope","pit_intercept_tilt_tilt","pit_intercept_tilt_score_error","pit_intercept_tilt_converged","pit_affine_tilt_theta","pit_affine_tilt_intercept","pit_affine_tilt_slope","pit_affine_tilt_tilt","pit_affine_tilt_score_error","pit_affine_tilt_converged","oracle_sudo","oracle_orthogonal","sample_signature","fold_signature","cell","primary","clip","cell_n","cell_p","outer_folds","inner_folds","replication"
1615001,"min",0.75,0.649166321930046,0.13566103099699,0.6483055106252,0.675283903523153,0.700094521830347,0.71344981288941,0.713248171259199,0.70611979938225,0.713256392034042,0.715709029033339,0.0269783928979527,0.479071095003422,0,504.770929629128,7.99360577730113e-15,0,0.366780274585061,0.980552742252924,0.713256392034042,-0.00262349057417738,1,0.0640900701039959,2.12925973149443e-14,1,0.715709029033339,0.000931618079100948,1.1181037046813,-0.0101262404709763,7.90478793533111e-17,1,0.738531160495436,0.703810878490714,2239543,13479267,"randomized",TRUE,0.001,3000,80,5,5,1
1615002,"min",0.75,0.703520782013764,0.13950209546008,0.700597330584083,0.727640368026219,0.754896295916569,0.802337913082337,0.781147295299931,0.773574725611512,0.781206623874768,0.785419010453418,0.027043037442136,0.501960354556574,0,662.114567604554,6.88338275267597e-15,0,0.301678656375903,0.98382961318663,0.781206623874768,0.00416192303610595,1,0.0776858418610038,1.49091198646071e-12,1,0.785419010453418,0.018053840250828,1.17337486617834,-0.0400745929956662,1.1664743245395e-16,1,0.77020661752552,0.831972460945085,2174540,13625818,"randomized",TRUE,0.001,3000,80,5,5,2
1615003,"min",0.75,0.651624834684827,0.134117268260093,0.65039282220147,0.674479622137419,0.6968746122327,0.66850716850955,0.723102255972625,0.710660272088186,0.723118240199026,0.726216511480436,0.024086799935949,0.481801369530623,0.000333333333333344,1001.001001001,1.04360964314765e-14,0,0.327183445595803,0.984824312684499,0.723118240199026,0.00222890486182029,1,0.0714934055141992,1.75663927848291e-14,1,0.726216511480436,0.00480087181484615,1.15100436647448,-0.0238065185450129,2.1493917756743e-16,1,0.736336141929481,0.631451812007353,2216701,13488696,"randomized",TRUE,0.001,3000,80,5,5,3
1615004,"min",0.75,0.660500586915597,0.134545747376135,0.664309720537,0.683775774013595,0.702256125180526,0.676251949575531,0.719337016335445,0.710779265789608,0.7193384257285,0.722573181020587,0.019466053476594,0.487011914318066,0.000666666666666669,1001.001001001,1.02140518265514e-14,0,0.340998765923531,0.983127152372025,0.7193384257285,-0.000502609679583373,1,0.0588378388129031,1.82103221391117e-13,1,0.722573181020587,0.00279067861665063,1.10371589137664,-0.00643181302175275,6.66133814775094e-18,1,0.749204784697384,0.698614541436443,2225434,13654756,"randomized",TRUE,0.001,3000,80,5,5,4
1615005,"min",0.75,0.689027241066757,0.137353882284634,0.690507171011654,0.711815024383622,0.733097495827247,0.752110387613847,0.75891334565427,0.750233997250928,0.758864883246662,0.762525914280691,0.0213078533719687,0.499702022367117,0,419.737384561232,7.105427357601e-15,0,0.327379963033031,0.9807458109126,0.758864883246662,0.00283535612119297,1,0.0698376421799055,7.1167812383995e-13,1,0.762525914280691,0.0109063951166584,1.13382557923108,-0.0187107964278163,6.51330841113425e-17,1,0.756271260943101,0.764016383159507,2195811,13531376,"randomized",TRUE,0.001,3000,80,5,5,5
1615006,"min",0.75,0.702321461238166,0.145771861724437,0.700896932938656,0.722637113730313,0.743178796533149,0.76441709947775,0.772769886463071,0.763065189555226,0.772811130368691,0.773829121420421,0.0217401807916573,0.485827280458645,0,587.163390611391,6.21724893790088e-15,0,0.389556019850084,0.979767956930316,0.772811130368691,-0.00403231290418552,1,0.0704896691305251,1.04568205946028e-14,1,0.773829121420421,-0.00491313521427994,1.15464713841077,-0.0371043440426979,5.00340509764404e-17,1,0.776126722036099,0.809794438103674,2296462,13622055,"randomized",TRUE,0.001,3000,80,5,5,6
1615007,"min",0.75,0.598232772354456,0.124437404673463,0.597616708048419,0.615962751107403,0.631975277047848,0.63705723609564,0.648527735884085,0.640961572580939,0.648495580967144,0.651634546344597,0.0183460430589834,0.466041701000757,0,524.113048033817,7.105427357601e-15,0,0.398010774506385,0.982075197528473,0.648495580967144,0.0031069075292951,1,0.0502628086126878,1.36187357687353e-15,1,0.651634546344597,0.0121700032033561,1.12173158323941,-0.0194220485342684,4.28770631592338e-11,1,0.71308000891751,0.642149804525131,2177873,13668199,"randomized",TRUE,0.001,3000,80,5,5,7
1615008,"min",0.75,0.688535415973586,0.137133459676844,0.686469607294775,0.70540062679299,0.723875343758799,0.748170231840792,0.750301654438334,0.740257443209862,0.750325574574176,0.752329527307901,0.0189310194982149,0.493900634293816,0.000333333333333335,1001.001001001,8.88178419700125e-15,0,0.258473903781492,0.986516710278997,0.750325574574176,-0.00220632832809219,1,0.0617901586005897,4.2648270100661e-13,1,0.752329527307901,0.00229257814176277,1.11525316549815,-0.0155617749142258,3.19004082408962e-17,1,0.751000471001173,0.780130042355502,2217573,13557181,"randomized",TRUE,0.001,3000,80,5,5,8
1615009,"min",0.75,0.685530903757856,0.138644590838954,0.685847102455194,0.713891301350992,0.740886673878155,0.773662736896372,0.75703051372989,0.749549030164781,0.757039381120849,0.760812296450723,0.0280441988957981,0.490472069989651,0.00066666666666667,1001.001001001,1.06581410364015e-14,0,0.325189548896436,0.979083144373121,0.757039381120849,0.00170038025814095,1,0.0715084773629931,4.81790607409494e-13,1,0.760812296450723,0.0104493547343057,1.13163355041656,-0.0149574740890502,6.06921920128419e-17,1,0.748112328992643,0.772652531802965,2185192,13497273,"randomized",TRUE,0.001,3000,80,5,5,9
1615010,"min",0.75,0.672729433448882,0.134359761732016,0.671441988556399,0.694061567423468,0.716125939208688,0.707031827224668,0.731517453516879,0.723087187356722,0.731540509812788,0.73468460541426,0.0226195788670682,0.493787399348724,0,238.039080705007,7.32747196252603e-15,0,0.385303751164049,0.97450726898207,0.731540509812788,0.00532580265435867,1,0.0588110763639059,3.56858912790396e-13,1,0.73468460541426,0.0120268945174764,1.09418161142014,-0.00140357012659676,1.01400369582431e-17,1,0.746636019503903,0.711226211673709,2151889,13556368,"randomized",TRUE,0.001,3000,80,5,5,10
1615011,"min",0.75,0.683705964226369,0.135112909455204,0.683218262636183,0.707877685357445,0.732881724290054,0.764012253843626,0.754856394811508,0.747468794101177,0.754897613688715,0.758259383641054,0.024659422721262,0.503469514607636,0,242.504164490262,8.65973959207622e-15,0,0.356384338106975,0.976496893952511,0.754897613688715,0.0036527579778574,1,0.0711916494623467,2.19422406170603e-12,1,0.758259383641054,0.00580671552672439,1.12805246844054,-0.0129968169920196,2.96059473233375e-18,1,0.756596846987095,0.804684566458995,2239036,13522070,"randomized",TRUE,0.001,3000,80,5,5,11
1615012,"min",0.75,0.733613410038931,0.147519063270146,0.733785863852552,0.760489277537953,0.787794874797228,0.829521200919215,0.811774331724011,0.802560306491823,0.811774923787534,0.813154141739425,0.0267034136854014,0.505574843561663,0.000333333333333344,1001.001001001,6.66133814775094e-15,0,0.313559866499317,0.981661809310536,0.811774923787534,0.000311892835597088,1,0.0781615137486026,1.41022697223529e-12,1,0.813154141739425,-0.00481080464611614,1.15414708707157,-0.0335436384936483,3.73034936274053e-17,1,0.784832840056014,0.862555899143168,2342092,13404216,"randomized",TRUE,0.001,3000,80,5,5,12
1615013,"min",0.75,0.670386237856117,0.139276562823896,0.669337603809431,0.696142030651303,0.720699217512407,0.717693412640134,0.73817495494331,0.730401165908127,0.738164292531385,0.739316106238228,0.0268044268418715,0.47812335109092,0,309.106951492903,7.54951656745106e-15,0,0.324058781826308,0.98131893830909,0.738164292531385,0.000982111006400969,1,0.0677780546752683,2.56082562562672e-14,1,0.739316106238228,0.00250898356664474,1.06392825744825,0.0260732443786813,4.14483262526725e-18,1,0.745127056007433,0.746730302935431,2253726,13640058,"randomized",TRUE,0.001,3000,80,5,5,13
1615014,"min",0.75,0.681194254603414,0.142818477846288,0.684178583783006,0.709014514582367,0.73254713189519,0.753933742142644,0.747483996961466,0.741838364248216,0.747488549148771,0.748326708496876,0.0248359307993609,0.486527262679922,0,555.43128753011,8.43769498715119e-15,0,0.406900082210459,0.972550892187534,0.747488549148771,-0.00114507185184673,1,0.0662942945453574,2.41548632947305e-14,1,0.748326708496876,0.0013525023477781,1.11888826465093,-0.0138535489265211,1.69420033557799e-16,1,0.762222902688357,0.772341292497205,2191974,13534946,"randomized",TRUE,0.001,3000,80,5,5,14
1615015,"min",0.75,0.768253546304693,0.157326187603278,0.768555702256114,0.799286416644259,0.82945373274981,0.872349454355901,0.840690076487565,0.834972170503111,0.840689559133558,0.84486956569671,0.0307307143881451,0.495374248739847,0,275.787311772487,5.99520433297585e-15,0,0.360027828701166,0.977039828311591,0.840689559133558,0.000206854350066192,1,0.0724360128288648,5.62388654164655e-14,1,0.84486956569671,-0.00289086122181902,1.14869272919501,-0.0376176971217729,1.06581410364015e-17,1,0.812600039420318,0.900749478852287,2272209,13665444,"randomized",TRUE,0.001,3000,80,5,5,15
1615016,"min",0.75,0.75580290249706,0.151038419149897,0.760247272998433,0.784189501554573,0.808674118939003,0.831530423030904,0.83202399542528,0.821490671536446,0.832042048469764,0.835646417919701,0.0239422285561406,0.505600084186309,0,152.593121512259,5.77315972805081e-15,0,0.289836148901006,0.983378480116691,0.832042048469764,0.00327025361236205,1,0.0762391459727043,1.36314307989475e-12,1,0.835646417919701,0.010947641347276,1.15764143891915,-0.0393023416662679,4.0264088359739e-17,1,0.792621368604232,0.848424537444983,2153214,13501097,"randomized",TRUE,0.001,3000,80,5,5,16
1615017,"min",0.75,0.677601110215629,0.136934194143125,0.678920382139666,0.702064464818093,0.724017944938578,0.758437343847188,0.73763400685885,0.733441183653835,0.737634281164119,0.740706439544635,0.0231440826784273,0.48679970175715,0,421.460004766162,8.21565038222616e-15,0,0.354078794755254,0.979083122761425,0.737634281164119,0.000290507030065952,1,0.0600331709484892,5.12060024012347e-14,1,0.740706439544635,0.00539038598604733,1.10347699922138,-0.0070108002251816,1.52470628715188e-17,1,0.759369214227153,0.789319019560864,2156276,13501444,"randomized",TRUE,0.001,3000,80,5,5,17
1615018,"min",0.75,0.714813196492419,0.141055856694339,0.711114035320814,0.738610236612876,0.765905142584581,0.781598689873285,0.790861466379457,0.779937779105361,0.790870054657202,0.795883597036399,0.027496201292062,0.498163065774632,0.000333333333333341,1001.001001001,9.32587340685131e-15,0,0.319522317567685,0.97840162546183,0.790870054657202,0.000709486626771544,1,0.0760568581647832,3.53367350195792e-12,1,0.795883597036399,0.00455215260649984,1.12993735459355,-0.0118105352368073,2.72522745111322e-16,1,0.765805423444881,0.796573194975155,2215981,13448340,"randomized",TRUE,0.001,3000,80,5,5,18
1615019,"min",0.75,0.737245328870145,0.151425731614608,0.740239382390165,0.767134748783874,0.793612982869087,0.799120488382126,0.811898730688995,0.802116408480587,0.811901819005329,0.816388908172998,0.026895366393709,0.496092334930072,0,245.226225777191,8.88178419700125e-15,0,0.347207175534473,0.975352370756941,0.811901819005329,-0.00305599519800671,1,0.0746564901351842,2.25383563664157e-13,1,0.816388908172998,0.00312240124230893,1.12809949751529,-0.0152971768709086,8.43769498715119e-17,1,0.791549256228354,0.822062462111868,2140814,13549404,"randomized",TRUE,0.001,3000,80,5,5,19
1615020,"min",0.75,0.682765627143538,0.13768241223748,0.681433721368646,0.705667232601036,0.729069486788839,0.74100869254491,0.752631881994079,0.744294097685781,0.75263432670685,0.756188801593373,0.0242335112323899,0.491274864198631,0.000333333333333342,1001.001001001,6.66133814775094e-15,0,0.362924342369064,0.977230759939513,0.75263432670685,0.000996032867477121,1,0.0698686995633123,2.61571505196419e-13,1,0.756188801593373,0.00602990973249034,1.11727660833466,-0.00664926258904327,7.87518198800778e-17,1,0.758120443702715,0.781796022773688,2242870,13493598,"randomized",TRUE,0.001,3000,80,5,5,20
1625001,"min",0.75,0.657352050059858,0.119765502937557,0.658409627840025,0.670507524669472,0.68375313777691,0.713931927520082,0.742436063598468,0.720928310502957,0.742444259397135,0.746340207938801,0.0120978968294474,0.522643199005355,0,663.131160107829,4.88498130835069e-15,0,0.361714283927436,0.988220882655979,0.742444259397135,0.000536843970704095,1,0.085092209337277,6.51330841113425e-18,1,0.746340207938801,0.0237473039469543,1.25795352024244,-0.0805781174725819,3.92670784776783e-13,1,0.736967067817143,0.733648473422946,2097546,13532961,"confounded",TRUE,0.001,3000,80,5,5,1
1625002,"min",0.75,0.74373220702979,0.135319992864223,0.743635626976462,0.759550948695203,0.778363830821123,0.826041288276601,0.834113298965087,0.815453962087612,0.83412444445729,0.839684631329337,0.0159153217187405,0.541717683127822,0,515.775113998751,6.21724893790088e-15,0,0.441393074579659,0.98441773631928,0.83412444445729,0.00205334111868361,1,0.0903922374275002,5.9211894646675e-18,1,0.839684631329337,0.0145034616682123,1.30263265239899,-0.129125226188434,1.27203136912613e-13,1,0.788403692005077,0.83121108218342,2211392,13499371,"confounded",TRUE,0.001,3000,80,5,5,2
1625003,"min",0.75,0.639767580029429,0.118790151224526,0.639009283892706,0.651368432375036,0.664529243738216,0.712034893502244,0.708629020501109,0.692945561178315,0.708646573973209,0.710518207128739,0.0123591484823299,0.515706585858744,0.000333333333333343,1001.001001001,5.55111512312578e-15,0,0.450888049905057,0.987377811804665,0.708646573973209,0.00138159991949791,1,0.0688789939437796,1.64624312700331e-11,1,0.710518207128739,0.0178409193521664,1.25335580968514,-0.0913382061493468,7.22432484205153e-14,1,0.737262533488399,0.771388237783256,2212564,13457483,"confounded",TRUE,0.001,3000,80,5,5,3
1625004,"min",0.75,0.685513308608425,0.130993059583415,0.683764648173875,0.69855487799568,0.713807643345732,0.773011342645135,0.753405809289521,0.740598112588512,0.753425998211607,0.755454804426642,0.014790229821805,0.507697893062942,0.000333333333333347,1001.001001001,4.88498130835069e-15,0,0.501189788796124,0.981460017456402,0.753425998211607,0.00171338411111115,1,0.0679126896031818,3.30587586934901e-12,1,0.755454804426642,0.0100945536155696,1.25136383752521,-0.102371760108199,4.16437255050065e-15,1,0.770568925558618,0.826130644649416,2263146,13627223,"confounded",TRUE,0.001,3000,80,5,5,4
1625005,"min",0.75,0.726227456514769,0.138066327676838,0.725997311185667,0.740626771274126,0.756112917897288,0.811212657367007,0.805333334192665,0.787142286772918,0.805337458889959,0.80755718225811,0.0146294600884594,0.514223298618973,0,648.524869241298,7.99360577730113e-15,0,0.48033387861772,0.981060618328579,0.805337458889959,-0.00227855489445144,1,0.0791100023751905,8.85173608485464e-12,1,0.80755718225811,0.0142822229192094,1.2951041761351,-0.13298302949814,1.68271322801653e-14,1,0.77695539279071,0.852883300563289,2206950,13630036,"confounded",TRUE,0.001,3000,80,5,5,5
1625006,"min",0.75,0.681931159226537,0.12438209567181,0.681525751286756,0.684612297752135,0.687919181383801,0.733336880864237,0.737059803629855,0.721572592983201,0.737071255974941,0.736878638322796,0.0030865464653792,0.51723153009747,0,423.262262998652,4.88498130835069e-15,0,0.496381362434225,0.97523298389317,0.737071255974941,0.00122224915747671,1,0.0551400967484046,8.65560837818672e-12,1,0.736878638322796,0.0121965873538721,1.22012585715812,-0.0951632018513092,8.56470450116831e-15,1,0.755715829512086,0.809995366579502,2217781,13548416,"confounded",TRUE,0.001,3000,80,5,5,6
1625007,"min",0.75,0.60586488272569,0.113894518858804,0.605113731653448,0.617722861070134,0.630549770033197,0.685691101179434,0.678366429349874,0.665614062147639,0.678386639323033,0.680164711270867,0.0126091294166862,0.504280925023101,0.000999999999999999,1001.001001001,5.10702591327572e-15,0,0.415763212832883,0.991565579942799,0.678386639323033,0.00144351201716131,1,0.0725217565973429,8.09747469077138e-12,1,0.680164711270867,0.00686834317077279,1.24883180723651,-0.0764586251645914,2.64940069882869e-13,1,0.718025413326971,0.728875662298011,2206833,13449524,"confounded",TRUE,0.001,3000,80,5,5,7
1625008,"min",0.75,0.62553904844039,0.115741333870056,0.624814436830034,0.636941939235964,0.649444267793959,0.703816190613325,0.689283678122278,0.676549504772996,0.689307898606942,0.689053012180537,0.0121275024059306,0.507609190509943,0.00033333333333333,1001.001001001,6.21724893790088e-15,0,0.511869213990534,0.982233179679057,0.689307898606942,-0.00469451524764804,1,0.063768850166551,2.7539474404629e-12,1,0.689053012180537,0.01996878002737,1.23511210165246,-0.0835578366043538,5.20309721233995e-15,1,0.73075314907582,0.745898996291059,2121135,13384044,"confounded",TRUE,0.001,3000,80,5,5,8
1625009,"min",0.75,0.697983841066078,0.130883719312291,0.699195886279277,0.706214194557955,0.713606057214059,0.743080685154936,0.780123353902579,0.757651596289758,0.780132281846101,0.785857020335477,0.00701830827867778,0.512961483216158,0,909.182141257644,4.44089209850063e-15,0,0.441513680164071,0.98660189064588,0.780132281846101,-0.00179313383961617,1,0.0821484407800232,1.48189072864587e-11,1,0.785857020335477,0.0300666495462263,1.29427986372074,-0.117529410358808,4.72342165380724e-14,1,0.76467101443488,0.786612753291889,2129016,13475402,"confounded",TRUE,0.001,3000,80,5,5,9
1625010,"min",0.75,0.636918278491283,0.118578030170979,0.637334039267506,0.643390207277797,0.649553193007384,0.658633071774686,0.703311376060335,0.684549626619379,0.703325121494664,0.708966818246706,0.00605616801029174,0.504370913140504,0.00100000000000001,1001.001001001,6.21724893790088e-15,0,0.404004491056549,0.991531965982912,0.703325121494664,-0.00256485084392945,1,0.0664068430033816,6.97265919077002e-12,1,0.708966818246706,0.022454385859028,1.26212747129883,-0.0949052380094979,1.49298499489229e-13,1,0.729569502256669,0.642063849930601,2173504,13525152,"confounded",TRUE,0.001,3000,80,5,5,10
1625011,"min",0.75,0.68930080442205,0.124383011888657,0.687087559447287,0.697579077813377,0.709135499258322,0.76029246034672,0.770413263103645,0.75062576840941,0.770420749493718,0.777732525552161,0.0104915183660904,0.524149718476671,0.000333333333333341,1001.001001001,7.105427357601e-15,0,0.354591060996332,0.991174457036536,0.770420749493718,0.00245938067226914,1,0.081119945071668,9.62193288008469e-19,1,0.777732525552161,0.0312991811764606,1.29034450838963,-0.111702982062387,1.1276232170232e-12,1,0.755840033954205,0.787731820668525,2160420,13439566,"confounded",TRUE,0.001,3000,80,5,5,11
1625012,"min",0.75,0.689425237538008,0.130751606707243,0.690297796625306,0.701182392594752,0.71241272306397,0.711807640677914,0.764581665976486,0.744278830634163,0.764582692844641,0.7690731507945,0.0108845959694467,0.507816768026105,0,543.379075069047,6.66133814775094e-15,0,0.461361102407835,0.98638125327338,0.764582692844641,-0.000240988267281126,1,0.0751574553066323,9.00358661700314e-12,1,0.7690731507945,0.0140704867185288,1.28082436539886,-0.11395949156508,4.60098625865157e-14,1,0.757958249230568,0.635761229451232,2241262,13511271,"confounded",TRUE,0.001,3000,80,5,5,12
1625013,"min",0.75,0.760202269873634,0.140492788748357,0.760138489604252,0.771676839089411,0.784432374837931,0.847955441363633,0.849478668714883,0.829056688559412,0.849472205410692,0.854224119418243,0.0115383494851595,0.525051288660756,0,287.304587128491,6.21724893790088e-15,0,0.41575965692114,0.982315600807523,0.849472205410692,-0.00103534165572182,1,0.0892699355370583,1.48029736616688e-18,1,0.854224119418243,0.0117472957664345,1.30245108775241,-0.135902153890521,5.36914216790289e-14,1,0.801654799488595,0.892575145279862,2197472,13579328,"confounded",TRUE,0.001,3000,80,5,5,13
1625014,"min",0.75,0.604475172693408,0.11441707972688,0.603473715582605,0.616844928323041,0.630224574340069,0.670891423872608,0.675255923547046,0.659102368215685,0.675260174835689,0.679251264834415,0.013371212740436,0.500157626277884,0.000333333333333341,1001.001001001,7.105427357601e-15,0,0.46151349663792,0.986404526665231,0.675260174835689,0.000359128632179588,1,0.0707850021422811,3.22339281192778e-12,1,0.679251264834415,0.00880690862470792,1.23939785037738,-0.069933964808289,4.55981178741164e-14,1,0.717376101561897,0.681648980202713,2272346,13425813,"confounded",TRUE,0.001,3000,80,5,5,14
1625015,"min",0.75,0.690445594318445,0.131725835165314,0.691508014243065,0.706784276137692,0.722314705242541,0.771155367668523,0.766682257628327,0.749296126782622,0.76668211788944,0.772198528299887,0.0152762618946272,0.504125194916691,0.00066666666666666,1001.001001001,5.77315972805081e-15,0,0.424581498493449,0.988668923986657,0.76668211788944,-0.000215446874480717,1,0.0762365235709942,6.81773274872436e-12,1,0.772198528299887,0.0216672191275981,1.28237589838308,-0.113212260998872,5.46508024020416e-14,1,0.764327541237063,0.786751158322231,2158503,13558260,"confounded",TRUE,0.001,3000,80,5,5,15
1625016,"min",0.75,0.721342466423813,0.138037154784356,0.722761585841415,0.737762976806653,0.753470179511488,0.817853234562405,0.798511669320375,0.783597300484755,0.798511088419846,0.805759759804468,0.0150013909652381,0.511492088292622,0,763.278680746286,5.55111512312578e-15,0,0.552768530754953,0.97021213596624,0.798511088419846,0.00380191946848133,1,0.0771686219960328,6.30587138061855e-12,1,0.805759759804468,0.0324564061444807,1.30346951582047,-0.13448815564572,1.91325473982336e-14,1,0.790374220721658,0.86189506709517,2141903,13503898,"confounded",TRUE,0.001,3000,80,5,5,16
1625017,"min",0.75,0.636536191312292,0.123624453950655,0.635644017592443,0.652990517879129,0.670148378994161,0.7095900970756,0.710396853177512,0.695461999203677,0.710388335960634,0.716907504305731,0.0173465002866859,0.497266444530624,0.00166666666666665,1001.001001001,5.32907051820075e-15,0,0.476036509106179,0.990605904912489,0.710388335960634,-0.00144704214228239,1,0.0738521446483417,7.81236438503659e-12,1,0.716907504305731,0.0160447965202401,1.25212699872561,-0.0801166465023597,2.14872712215689e-13,1,0.74162268718878,0.751096484073026,2254269,13429841,"confounded",TRUE,0.001,3000,80,5,5,17
1625018,"min",0.75,0.704851600198349,0.128184237732286,0.702005722458636,0.711034942043183,0.720926526894178,0.757779558747979,0.777719376510493,0.758490192228898,0.777715093627008,0.78412757783506,0.00902921958454683,0.522788810840101,0.000333333333333331,1001.001001001,5.32907051820075e-15,0,0.432340981806571,0.983529223429533,0.777715093627008,-0.00117489532953943,1,0.072863493428659,2.77666911685515e-11,1,0.78412757783506,0.0238869747085722,1.25387486849579,-0.0996681296726941,4.58288222186335e-14,1,0.764887195304404,0.801521833059496,2148278,13421042,"confounded",TRUE,0.001,3000,80,5,5,18
1625019,"min",0.75,0.665610777984947,0.128095353519181,0.664932440693023,0.681252781872849,0.697986819533425,0.733275806149194,0.741449259036819,0.724928329166228,0.741429276736295,0.747493516794156,0.0163203411798266,0.506257816592873,0.00033333333333333,1001.001001001,4.88498130835069e-15,0,0.475607849006852,0.986867255061769,0.741429276736295,-0.00192804160073992,1,0.0758184987513482,1.05816978882937e-11,1,0.747493516794156,0.0117312011982227,1.26616549924947,-0.0952798862189852,2.9534300930815e-14,1,0.755643056212545,0.753554289265971,2243045,13438270,"confounded",TRUE,0.001,3000,80,5,5,19
1625020,"min",0.75,0.648606401022268,0.121052793774278,0.650650669247025,0.659392822764244,0.668458491725499,0.727484157902135,0.707920713401823,0.694916539435291,0.707920984912838,0.713410745751266,0.00874215351721996,0.509083520582754,0.00133333333333332,1001.001001001,6.21724893790088e-15,0,0.449773480122442,0.988012452595597,0.707920984912838,-7.47268333222513e-05,1,0.0593145838905695,8.75340925669358e-12,1,0.713410745751266,0.0241571307763268,1.25778299293582,-0.102395354563855,6.05441622762252e-14,1,0.742946905949461,0.791757772525171,2130999,13511447,"confounded",TRUE,0.001,3000,80,5,5,20
1635001,"min",0.75,0.614244975654722,0.113968414751529,0.616631108913951,0.639085556251658,0.674556033813013,0.719839872262029,0.713158659005268,0.703638312131323,0.713163543981724,0.726344299460535,0.0224544473377065,0.61235258609597,0.000333333333333343,1001.001001001,6.21724893790088e-15,0,0.559615455727354,0.985580686270848,0.713163543981724,0.00132276503925913,1,0.0989185683270024,1.78523862359725e-15,1,0.726344299460535,0.0131797878323133,1.48739529629701,-0.18728078810237,8.91574813977058e-13,1,0.749127857391931,0.788868014404093,2205331,13520885,"high_signal",FALSE,0.001,3000,80,5,5,1
1635002,"min",0.75,0.627858723001389,0.116928362875334,0.629945383545369,0.6489220417893,0.678953978653286,0.696474305158362,0.731075499263587,0.716521342591952,0.731080827158234,0.744299917301529,0.0189766582439318,0.612789181119249,0,316.023082507807,5.55111512312578e-15,0,0.483563250218089,0.987314274954468,0.731080827158234,0.00295116036361226,1,0.103222104156845,1.55194375868935e-15,1,0.744299917301529,-0.00104952574313293,1.52897846217056,-0.215682547453505,7.06530537778841e-13,1,0.747313159991009,0.723976225287107,2224420,13600298,"high_signal",FALSE,0.001,3000,80,5,5,2
1635003,"min",0.75,0.592551414276774,0.112815115389366,0.592767552867962,0.6147879281306,0.647336340495659,0.673553471061404,0.682433227974847,0.672360432446603,0.682434298688676,0.691524965681964,0.022020375262638,0.596465741315805,0,412.262611897689,4.88498130835069e-15,0,0.611477671695828,0.985444299259279,0.682434298688676,0.000526330796427895,1,0.0898828844119018,1.1931196771305e-16,1,0.691524965681964,0.00890614012071786,1.40503965897613,-0.141033271359299,5.59149763527482e-14,1,0.736869546085928,0.720652986124751,2230454,13426362,"high_signal",FALSE,0.001,3000,80,5,5,3
1635004,"min",0.75,0.646097977027298,0.117234882436337,0.646743911854709,0.672263326058412,0.715871435742929,0.765256116650946,0.761421828769143,0.751576964471417,0.761479627120636,0.773035934662464,0.0255194142037023,0.630835696574819,0,547.186587430365,4.44089209850063e-15,0,0.47237664863282,0.989231782236933,0.761479627120636,-0.00501741176635645,1,0.115381650093338,3.0687452579059e-14,1,0.773035934662464,0.00990187645563065,1.5440217143325,-0.224553371453984,7.22250659279666e-12,1,0.759718676753568,0.827937390186718,2201035,13396228,"high_signal",FALSE,0.001,3000,80,5,5,4
1635005,"min",0.75,0.670994916245875,0.122280725146866,0.668712870953218,0.693941312388111,0.738884818310994,0.781533845848442,0.786711366171431,0.776190711073017,0.786722162872742,0.801703793565865,0.0252284414348938,0.640476823220183,0,602.983451839968,5.32907051820075e-15,0,0.516674983275993,0.981381929210999,0.786722162872742,-0.00104042667367401,1,0.115727246626868,2.39063583743852e-14,1,0.801703793565865,0.00736034831885778,1.59559523656351,-0.268932498554381,2.60377674976553e-12,1,0.772485832120293,0.846191444249143,2232279,13423071,"high_signal",FALSE,0.001,3000,80,5,5,5
1635006,"min",0.75,0.626836837355313,0.117721922386327,0.626551341930708,0.650168822292754,0.687681270568422,0.70662780784752,0.728178571400747,0.715231823103745,0.728177019653798,0.73769009257178,0.0236174803620456,0.613651105303682,0,246.891185587958,4.88498130835069e-15,0,0.500372763409256,0.987571285677908,0.728177019653798,-0.00116251748980838,1,0.101340182298485,1.68339416480497e-15,1,0.73769009257178,0.00386237435983286,1.48260374138008,-0.191660547726065,3.91215356406368e-13,1,0.746537209958433,0.745586843331009,2202017,13441434,"high_signal",FALSE,0.001,3000,80,5,5,6
1635007,"min",0.75,0.622837556843965,0.115325742573304,0.622414459877993,0.643886740780952,0.678994747716593,0.718356295812018,0.719258046091276,0.710062742645601,0.719283356731051,0.725285469664332,0.021472280902959,0.620498910076057,0,274.167064511291,4.88498130835069e-15,0,0.548749346319296,0.985224056069096,0.719283356731051,-0.00568091085869985,1,0.0964457998870852,1.97116397278781e-15,1,0.725285469664332,-0.00377460442310912,1.4169552428551,-0.157247471952785,1.99115390842053e-13,1,0.750956295848991,0.79475409180342,2269388,13506390,"high_signal",FALSE,0.001,3000,80,5,5,7
1635008,"min",0.75,0.63025208327301,0.116262974901164,0.632477423624368,0.654659329804155,0.691030682353225,0.707793235894281,0.740091829516915,0.727300649104195,0.740169987186509,0.753760873383281,0.0221819061797871,0.62116700827011,0.000333333333333342,1001.001001001,4.88498130835069e-15,0,0.50907124370348,0.985204570191004,0.740169987186509,0.00618232175872099,1,0.109917903913499,1.1475117152789e-14,1,0.753760873383281,-0.00588119348509437,1.53578944161611,-0.214173621663967,4.20471761112632e-12,1,0.746609978271396,0.73228481331821,2298796,13518038,"high_signal",FALSE,0.001,3000,80,5,5,8
1635009,"min",0.75,0.649280163366405,0.118111372871225,0.649908396500927,0.673507196194891,0.713246157907575,0.74405398532814,0.764068299873086,0.753090394615026,0.764078019329311,0.779297969436943,0.0235987996939644,0.627413423369153,0,485.3721433512,5.99520433297585e-15,0,0.446480347205647,0.987664154689333,0.764078019329311,-0.00365838812178181,1,0.114797855962906,3.02460279044681e-14,1,0.779297969436943,0.0179102561390747,1.54043357057749,-0.220874990922707,5.74740551447424e-12,1,0.756050306848867,0.780367077064476,2179736,13575764,"high_signal",FALSE,0.001,3000,80,5,5,9
1635010,"min",0.75,0.588274114173159,0.112362712579667,0.58527671708303,0.606556617652003,0.638521293884752,0.666087227600847,0.675039345406498,0.666165739833739,0.675042601542065,0.683322574731704,0.0212799005689728,0.600336750760232,0,175.338127680139,3.77475828372553e-15,0,0.611687931715342,0.9852641653445,0.675042601542065,-0.00071317243212311,1,0.0867684873689067,3.30106312655213e-17,1,0.683322574731704,0.0150760208716156,1.49267191379921,-0.194777673109679,3.88106213833339e-14,1,0.735755271934,0.71017850047905,2196935,13386885,"high_signal",FALSE,0.001,3000,80,5,5,10
1635011,"min",0.75,0.624655839488191,0.116197467456293,0.626521497149878,0.649855316686888,0.689105288383052,0.711013981727299,0.72921335382258,0.718680764853331,0.729213046118138,0.735744148238547,0.0233338195370099,0.627158740670202,0,262.383547039782,7.54951656745106e-15,0,0.548525381648004,0.986068480696586,0.729213046118138,-0.000201259236117981,1,0.104557206629947,4.52793358363124e-15,1,0.735744148238547,0.00331040446818109,1.52219184595632,-0.215101877159378,6.7529626335272e-13,1,0.750199847930415,0.756493542624662,2273733,13415194,"high_signal",FALSE,0.001,3000,80,5,5,11
1635012,"min",0.75,0.648775453203192,0.115020791823074,0.650293371043381,0.670023128674531,0.7041046169922,0.72984298432223,0.767794745581801,0.755121136714107,0.767869763195881,0.779217388472048,0.0197297576311496,0.633352521703081,0,670.79057949201,5.99520433297585e-15,0,0.457280260494889,0.98917599851954,0.767869763195881,-0.00381196366227792,1,0.119094309992689,7.79639316069355e-14,1,0.779217388472048,0.0256317299852796,1.50948906078568,-0.200102061044442,1.16265163422706e-11,1,0.757203805845217,0.764992207504207,2165074,13588760,"high_signal",FALSE,0.001,3000,80,5,5,12
1635013,"min",0.75,0.649677286771606,0.120784471275812,0.650018687157469,0.673737227217812,0.713091445150768,0.730617652533484,0.757318901713659,0.74518491434488,0.757323200622234,0.770484511675219,0.0237185400603427,0.62394953360272,0,551.950868806577,6.66133814775094e-15,0,0.540141847573245,0.982028661537071,0.757323200622234,-0.00234174347559026,1,0.107645913850628,3.01388543751576e-15,1,0.770484511675219,0.0262375593222254,1.53369031371507,-0.225919250087081,6.22251287533497e-13,1,0.759037918541852,0.755209305042643,2145369,13530050,"high_signal",FALSE,0.001,3000,80,5,5,13
1635014,"min",0.75,0.610560156272703,0.115375960282293,0.608662522169266,0.633573317824282,0.6722578668179,0.711018359563793,0.712950713727395,0.702309320504393,0.712979181192394,0.725936997696199,0.0249107956550162,0.608292151058395,0,666.880742435022,5.77315972805081e-15,0,0.57475475189921,0.985232002401583,0.712979181192394,0.00289702001159367,1,0.102419024919692,6.81528907383229e-16,1,0.725936997696199,0.0100953658724191,1.54287643712275,-0.216081880862938,4.78237893730693e-13,1,0.744942440192785,0.755331939638069,2273918,13533176,"high_signal",FALSE,0.001,3000,80,5,5,14
1635015,"min",0.75,0.587826656362403,0.109462538049451,0.585020316426565,0.609912583393391,0.648462990423792,0.678646552604826,0.683698605725866,0.674089310282417,0.683697333655199,0.691866150221608,0.0248922669668266,0.607641585726435,0,428.212659521886,6.21724893790088e-15,0,0.589338882526121,0.980043930188156,0.683697333655199,0.000501079869090335,1,0.0958706772927953,7.93143328792212e-16,1,0.691866150221608,0.0356204629331206,1.41325725387822,-0.13888413590554,2.69953541002603e-13,1,0.733041275401739,0.714121354238239,2128658,13532264,"high_signal",FALSE,0.001,3000,80,5,5,15
1635016,"min",0.75,0.602906120191269,0.112221865457316,0.601821256562967,0.624233290799652,0.659276559985495,0.691886539626426,0.699710926138139,0.68885173869112,0.699732009506765,0.710469122042723,0.0224120342366847,0.609922271720229,0,355.371781770963,5.10702591327572e-15,0,0.555405891503136,0.988705708573122,0.699732009506765,-0.00254476066499028,1,0.0968258893154956,1.03265544263801e-15,1,0.710469122042723,-0.00972858706065385,1.48315037678627,-0.183731317285706,4.19356993575093e-13,1,0.743072998495517,0.735439558512013,2288390,13533447,"high_signal",FALSE,0.001,3000,80,5,5,16
1635017,"min",0.75,0.645719552486973,0.122027586127889,0.644907321194797,0.668937199498099,0.707133360626079,0.737998792398069,0.750496938562766,0.738942335074744,0.750526031882971,0.763717843204276,0.0240298783033021,0.613829218074546,0,412.571235836317,4.66293670342566e-15,0,0.521329223459472,0.98712943046797,0.750526031882971,-0.00331878592547718,1,0.104806479395998,1.4486190025309e-15,1,0.763717843204276,0.029014217118733,1.58084028314408,-0.257061636980902,1.07584489465277e-12,1,0.757962936998894,0.782123103081848,2188222,13610657,"high_signal",FALSE,0.001,3000,80,5,5,17
1635018,"min",0.75,0.636782326647808,0.119086325356782,0.63485104709627,0.659027360426559,0.697906668132656,0.721327327311596,0.738098248536253,0.727159555312397,0.738098155999454,0.753768172528909,0.0241763133302889,0.616587499529379,0,326.399095962496,4.88498130835069e-15,0,0.56941607032141,0.980055369452749,0.738098155999454,-0.000121973477184815,1,0.101315829351647,1.93874546046876e-15,1,0.753768172528909,-0.00185905779828842,1.47819323024706,-0.187519151862853,3.70433757742224e-13,1,0.758731100857619,0.769199727708303,2289219,13655867,"high_signal",FALSE,0.001,3000,80,5,5,18
1635019,"min",0.75,0.626106388861192,0.113654171668439,0.625678095353745,0.646625788841246,0.681588132856692,0.729640546032108,0.731138714520644,0.721410024642922,0.731151998906297,0.746542594432779,0.0209476934875004,0.62533215102214,0,441.594824323344,5.77315972805081e-15,0,0.523409165656434,0.989892991622199,0.731151998906297,0.00176821241816308,1,0.105045610045105,1.18947814560973e-14,1,0.746542594432779,0.0198815906860368,1.53437612067046,-0.214140097635047,3.06017078344212e-12,1,0.753874125559468,0.796439043939595,2228387,13652644,"high_signal",FALSE,0.001,3000,80,5,5,19
1635020,"min",0.75,0.625334268395754,0.113799408272683,0.625645701879238,0.649358541758228,0.688770832942684,0.729334552978019,0.733879196337446,0.722066486541664,0.733884419889149,0.740830721043425,0.0237128398789899,0.624351831362429,0,624.125780303315,5.77315972805081e-15,0,0.469693321589803,0.98842249761995,0.733884419889149,0.00117196672606524,1,0.108550151493395,1.28466126625426e-14,1,0.740830721043425,0.0100361709118319,1.4720073398585,-0.17966591190017,2.0840425681475e-12,1,0.746040685312813,0.776952519109358,2235121,13489427,"high_signal",FALSE,0.001,3000,80,5,5,20
1645001,"min",0.75,0.623641122872553,0.141121112043936,0.624561637795859,0.675522946839451,0.718890823634749,0.735508835284475,0.733341793335824,0.725465439231484,0.733350260493679,0.739769466601604,0.0509613090435918,0.459750356261621,0,129.531887654417,6.32827124036339e-15,0,0.585610502671315,0.930631277446752,0.733350260493679,0.00306280426634591,1,0.109709137621126,2.95319324550292e-16,1,0.739769466601604,0.0037972664977669,1.13521132131556,0.0318050034787362,4.09379519172859e-12,1,0.760395714544411,0.782709974706827,991765,6036458,"high_dimensional",FALSE,0.001,2000,500,5,5,1
1645002,"min",0.75,0.568868178181774,0.13077712073186,0.567672217019263,0.619911272802524,0.663008032704958,0.691575294530378,0.694295636703509,0.682358532637117,0.69429329888781,0.704680959696161,0.0522390557832605,0.452052144227899,0.000500000000000006,1001.001001001,6.88338275267597e-15,0,0.541653754421581,0.950813400016602,0.69429329888781,0.000265349056420554,1,0.125425120706036,1.14774856285749e-15,1,0.704680959696161,0.00171004130283264,1.24379679980288,-0.00287545983602345,1.37667655053519e-17,1,0.728961983447467,0.715979956261678,993395,6007232,"high_dimensional",FALSE,0.001,2000,500,5,5,2
1645003,"min",0.75,0.505780791075617,0.117186803220559,0.511547523788717,0.553703877327994,0.588930776402476,0.58509066666001,0.60476206507514,0.597202395375127,0.60481668065466,0.606952371142813,0.0421563535392773,0.455226394402273,0,114.294407876468,7.54951656745106e-15,0,0.661502826387196,0.925631939070928,0.60481668065466,-0.00524605893240285,1,0.0990358895790439,3.28626015289046e-17,1,0.606952371142813,-0.00144053022444049,1.09946665980405,0.0508632541858549,1.24975185755716e-12,1,0.695973253635423,0.576550281741519,986995,5965165,"high_dimensional",FALSE,0.001,2000,500,5,5,3
1645004,"min",0.75,0.697486606915197,0.150820847294097,0.685395270462014,0.731366914323041,0.773259224138488,0.795219191320183,0.80963889568149,0.801178242045687,0.809713563196723,0.816940908845814,0.0459716438610273,0.476786077367964,0,213.730242050048,7.54951656745106e-15,0,0.541222967576099,0.933754781233078,0.809713563196723,-0.00800712415423916,1,0.112226956281526,4.13657996745087e-14,1,0.816940908845814,-0.00627320488856069,1.14417445129464,0.0188945530932558,4.2632564145606e-17,1,0.791752268742,0.862398306850606,991944,5996704,"high_dimensional",FALSE,0.001,2000,500,5,5,4
1645005,"min",0.75,0.573851782163733,0.131330336108648,0.574345843716343,0.624505243495365,0.66579807471868,0.692025568716017,0.6870672491909,0.680564078938357,0.687048257071947,0.695444092541276,0.0501593997790218,0.451523497794825,0,160.32010087,6.66133814775094e-15,0,0.581724048567067,0.941181806425735,0.687048257071947,0.00295747666286907,1,0.113196474908214,8.96616114687276e-16,1,0.695444092541276,0.0018593492110116,1.18135767109519,0.0175198876105041,1.95399252334028e-17,1,0.738983732896461,0.744562185377592,1041459,5999308,"high_dimensional",FALSE,0.001,2000,500,5,5,5
1645006,"min",0.75,0.6296617362106,0.140828841876812,0.642228659766435,0.68586568519904,0.724172669104742,0.757917652480553,0.729765199849307,0.722024603653995,0.729819507996707,0.733124047068732,0.0436370254326054,0.467477540030425,0,185.719665325254,1.08801856413265e-14,0,0.538479008684995,0.945733164874528,0.729819507996707,-0.00406667363271176,1,0.100157771786106,4.38893366094817e-15,1,0.733124047068732,-0.00719332596410799,1.19336789304325,-0.0182940524028681,5.77315972805081e-17,1,0.757520540376841,0.787640249354558,1005115,5975163,"high_dimensional",FALSE,0.001,2000,500,5,5,6
1645007,"min",0.75,0.61443983198085,0.139930110504529,0.618634504992379,0.664464177521035,0.70246984592077,0.737800011978593,0.723700713997569,0.715559410834994,0.723730673394109,0.732795737035748,0.045829672528656,0.453337076927949,0,77.4368570303261,6.43929354282591e-15,0,0.554215082009059,0.948904050923687,0.723730673394109,0.00877324281817171,1,0.109290841413259,1.88293824976427e-16,1,0.732795737035748,0.0026053206626932,1.18484864215773,0.00477753642561385,3.00415026188716e-11,1,0.764539230250174,0.797230782162219,1018796,5987025,"high_dimensional",FALSE,0.001,2000,500,5,5,7
1645008,"min",0.75,0.518574342608997,0.12506283677308,0.514298816412336,0.573259383760216,0.617583416086107,0.631412760109549,0.635093943004487,0.624632432901618,0.635095894982116,0.647639273931309,0.0589605673478804,0.429144639819394,0,62.8697794613556,7.54951656745106e-15,0,0.593204643987075,0.960809136960277,0.635095894982116,0.000691417122337991,1,0.116521552373119,3.77475828372553e-18,1,0.647639273931309,0.00915766651228737,1.21931650017375,0.0153330214214042,1.23011667518824e-12,1,0.713755322517396,0.638386993780414,993392,5998571,"high_dimensional",FALSE,0.001,2000,500,5,5,8
1645009,"min",0.75,0.634553874490839,0.13744640994242,0.646080922693736,0.686465866595652,0.724907894306684,0.767810548503825,0.742683957152454,0.739847966726744,0.742686910920831,0.744960476273165,0.0403849439019162,0.487676069807529,0,758.446046985253,9.99200722162641e-15,0,0.563850533157681,0.937468059486216,0.742686910920831,0.00169064724222928,1,0.108133036429992,2.56932253250852e-13,1,0.744960476273165,0.00776676189004531,1.1138407047149,0.0381685415307213,1.06581410364015e-17,1,0.76427339947281,0.831799232382721,956404,5994058,"high_dimensional",FALSE,0.001,2000,500,5,5,9
1645010,"min",0.75,0.599910009216472,0.137850148816047,0.59930358318334,0.639240023988005,0.672823984161247,0.699237382828201,0.705644479103279,0.696910373056611,0.705611134456917,0.711273788947939,0.0399364408046652,0.456797837423843,0,63.076833582479,6.43929354282591e-15,0,0.667481467592527,0.938076370633134,0.705611134456917,-0.00258287359762212,1,0.105701125240446,1.33226762955019e-17,1,0.711273788947939,-0.0130931971575311,1.25106970893246,-0.0392554516681807,3.99444477494626e-13,1,0.756743718262286,0.741926899558018,1040487,5989589,"high_dimensional",FALSE,0.001,2000,500,5,5,10
