"cell","primary","estimator","n_reps","bias","mc_se_bias","sd","mean_se","sd_to_se","ratio_mc_se","coverage","mc_se_coverage","mean_bootstrap_success","bias_ok","coverage_ok","sd_to_se_ok"
"confounded",TRUE,"affine_calibrated_sudo",50,-0.0144387808381223,0.00686942859732389,0.0485741954404451,0.0497634343949249,0.976102152736448,0.0986012073329613,0.94,0.0335857112474933,1,TRUE,TRUE,TRUE
"high_signal",TRUE,"affine_calibrated_sudo",50,-0.00891492733865105,0.00453253472996631,0.0320498604352272,0.0314279004679328,1.01979005781595,0.103014352181183,0.96,0.027712812921102,1,TRUE,TRUE,TRUE
"randomized",TRUE,"affine_calibrated_sudo",50,-0.0117574312960414,0.00622367862867308,0.0440080536226053,0.048005803612822,0.916723610702167,0.0926030688001884,0.98,0.0197989898732233,1,TRUE,TRUE,TRUE
"confounded",TRUE,"direct",50,-0.0872728966884233,0.0058320386800241,0.0412387409878729,0.0419861419673555,0.982198865043047,0.0992170682779528,0.46,0.0704840407468244,1,FALSE,FALSE,TRUE
"high_signal",TRUE,"direct",50,-0.124644011512306,0.00312853446763316,0.0221220793723925,0.0220251006893856,1.00440309828203,0.101460034548572,0,0,1,FALSE,FALSE,TRUE
"randomized",TRUE,"direct",50,-0.0805054207592618,0.00538113300409261,0.0380503563766062,0.0390369276448792,0.974727230655857,0.0984623192291343,0.54,0.0704840407468244,1,FALSE,FALSE,TRUE
"confounded",TRUE,"index_projection",50,-0.0876884759897446,0.00581345933569422,0.0411073651842163,0.0420206387236198,0.978266071931691,0.0988197961810894,0.46,0.0704840407468244,1,FALSE,FALSE,TRUE
"high_signal",TRUE,"index_projection",50,-0.124063379318508,0.00316364155207186,0.0223703239471355,0.0222012110924229,1.00761728060729,0.101784715994023,0,0,1,FALSE,FALSE,TRUE
"randomized",TRUE,"index_projection",50,-0.080061385566062,0.00535635257612836,0.037875132290064,0.0388810477289586,0.974128386510906,0.0984018268354531,0.54,0.0704840407468244,1,FALSE,FALSE,TRUE
"confounded",TRUE,"orthogonal",50,-0.026158039013977,0.00728352121183729,0.0515022723980621,0.0506630181091876,1.01656542227835,0.102688614801827,0.92,0.0383666521865017,1,FALSE,TRUE,TRUE
"high_signal",TRUE,"orthogonal",50,-0.0377162773011453,0.00425253489508156,0.030069962615446,0.0303781126964449,0.989856180860273,0.0999905739836738,0.76,0.060398675482166,1,FALSE,FALSE,TRUE
"randomized",TRUE,"orthogonal",50,-0.0215897664517934,0.00648036568509649,0.0458231052050034,0.0521800822099147,0.878172345928127,0.0887088029794682,0.98,0.0197989898732233,1,TRUE,TRUE,TRUE
"confounded",TRUE,"pit_affine_tilt",50,-0.0135447366199285,0.00683587936993023,0.0483369665785089,0.0502580169324676,0.961776240464482,0.0971540716595055,0.96,0.027712812921102,1,TRUE,TRUE,TRUE
"high_signal",TRUE,"pit_affine_tilt",50,-0.00936326444614795,0.00444692189274264,0.0314444862576523,0.0314172385246175,1.0008672860606,0.101102863577318,0.94,0.0335857112474933,1,TRUE,TRUE,TRUE
"randomized",TRUE,"pit_affine_tilt",50,-0.011035980828803,0.00625469046089481,0.0442273403912154,0.0483880136772444,0.91401438145857,0.092329395318769,0.98,0.0197989898732233,1,TRUE,TRUE,TRUE
"confounded",TRUE,"pit_intercept_tilt",50,-0.0167882065741156,0.00668042422835954,0.0472377327307594,0.0485676177553991,0.972617865851742,0.0982492412067078,0.94,0.0335857112474933,1,TRUE,TRUE,TRUE
"high_signal",TRUE,"pit_intercept_tilt",50,-0.0212457146772292,0.00419366312762276,0.0296536763555404,0.0297978406097136,0.995161922769458,0.100526534852704,0.88,0.0459565011723042,1,TRUE,TRUE,TRUE
"randomized",TRUE,"pit_intercept_tilt",50,-0.014363031674854,0.00614681439370027,0.0434645414048054,0.0469466175115827,0.925829031113515,0.0935228551599625,0.94,0.0335857112474933,1,TRUE,TRUE,TRUE
"confounded",TRUE,"raw_label",50,-0.624639133917018,0.000972125021022657,0.00687396194526236,0.00735438552948089,0.93467522442321,0.0944164556281015,0,0,1,FALSE,FALSE,TRUE
"high_signal",TRUE,"raw_label",50,-0.633842985659717,0.000447093271838944,0.00316142684340198,0.00330681554462403,0.95603362229913,0.0965739796242933,0,0,1,FALSE,FALSE,TRUE
"randomized",TRUE,"raw_label",50,-0.614098931746159,0.000979085839840741,0.00692318236715114,0.00744153060042791,0.930343868605881,0.0939789226180778,0,0,1,FALSE,FALSE,TRUE
"confounded",TRUE,"scaled",50,-0.0632116688103706,0.00608750230676753,0.0430451416160407,0.0446937879402099,0.963112405545605,0.0972890447151693,0.74,0.0620322496770833,1,FALSE,FALSE,TRUE
"high_signal",TRUE,"scaled",50,-0.0657079723257011,0.00367051723978747,0.0259544763071585,0.0273693659369734,0.948303894468246,0.095793159200587,0.26,0.0620322496770833,1,FALSE,FALSE,TRUE
"randomized",TRUE,"scaled",50,-0.0343929906971816,0.00565340948712416,0.0399756418516985,0.044247675150875,0.903451802052656,0.0912624136723771,0.88,0.0459565011723042,1,FALSE,TRUE,TRUE
"confounded",TRUE,"sudo",50,-0.0756366916239562,0.00589852093600522,0.0417088415282011,0.0423527644322025,0.984796201319229,0.099479438862797,0.6,0.0692820323027551,1,FALSE,FALSE,TRUE
"high_signal",TRUE,"sudo",50,-0.101788567865063,0.00326344702555653,0.0230760552181409,0.023048310875179,1.00120374734236,0.10113685129931,0.02,0.0197989898732233,1,FALSE,FALSE,TRUE
"randomized",TRUE,"sudo",50,-0.0566540710786052,0.00543870511448284,0.0384574526732478,0.0405642931516615,0.94806169873251,0.0957686937367137,0.72,0.0634980314655502,1,FALSE,FALSE,TRUE
"confounded",TRUE,"targeted_projection",50,-0.0167987496626863,0.00668029158938237,0.0472367948315573,0.0485674268922917,0.972602376821706,0.0982476765783974,0.94,0.0335857112474933,1,TRUE,TRUE,TRUE
"high_signal",TRUE,"targeted_projection",50,-0.0212568074042796,0.00419319403848524,0.0296503593944392,0.0297952131673409,0.995138354201791,0.100524154067844,0.88,0.0459565011723042,1,TRUE,TRUE,TRUE
"randomized",TRUE,"targeted_projection",50,-0.0143663020546122,0.00614703661824659,0.0434661127696419,0.0469452598325463,0.925889278804408,0.0935289410957884,0.94,0.0335857112474933,1,TRUE,TRUE,TRUE
"confounded",TRUE,"targeted_sudo",50,-0.0334771804363006,0.00650810990306036,0.046019286451613,0.0471777630825663,0.975444434935888,0.098534767801978,0.94,0.0335857112474933,1,FALSE,TRUE,TRUE
"high_signal",TRUE,"targeted_sudo",50,-0.0326956099108225,0.00410061991469389,0.0289957614874865,0.0293318276545084,0.988542610744194,0.0998578833641533,0.78,0.0585832740635072,1,FALSE,FALSE,TRUE
"randomized",TRUE,"targeted_sudo",50,-0.0226273771107085,0.00593809449045168,0.0419886688152486,0.0456743448045819,0.919305334206708,0.0928638622569327,0.94,0.0335857112474933,1,FALSE,TRUE,TRUE
