"replication","seed","rao_blackwell","rao_blackwell_se","ci_lo","ci_hi","direct_ordinal","dml_equal","dml_middle","coding_difference","coding_difference_se","oracle_dml_equal","oracle_dml_middle","oracle_coding_difference","oracle_latent_plr","thresholds_ordered","all_boot_thresholds_ordered","min_threshold_gap","min_boot_threshold_gap","max_contrast_spread","max_probability_error","backfit_iterations","max_condition_number","min_category_frequency","bootstrap_success","error","config","n","p","n_folds","bootstrap_reps"
1,194001,0.849518976689333,0.0859231782488629,0.681112641884346,1.01792531149432,0.795568927203962,1.13516215794482,1.29982036325381,0.164658205308987,NA,1.12264125541835,1.29456019054767,0.171918935129325,0.785661623758987,1,1,1.01266623527983,0.936092160240559,5.08525371974486e-16,2.22044604925031e-16,0,NA,0.178333333333333,1,"","stage19_v3_resumable_primary_boot_pure_2000_2000_0.1_0.1_10_4_2.9.11",3000,50,5,99
2,194002,0.964106828527168,0.0710582483384969,0.824835220979211,1.10337843607513,0.924349129657072,1.32458098064255,1.52716921093527,0.202588230292715,NA,1.30470356417014,1.49828304219858,0.193579478028437,0.995976608047096,1,1,0.989736146549071,0.879578406658053,5.20048768835014e-16,2.22044604925031e-16,0,NA,0.174333333333333,1,"","stage19_v3_resumable_primary_boot_pure_2000_2000_0.1_0.1_10_4_2.9.11",3000,50,5,99
3,194003,1.00255943556921,0.0715072954926667,0.862407711771722,1.1427111593667,0.93294885994356,1.37144095259558,1.56293552053456,0.191494567938987,NA,1.33072856186066,1.51718202985602,0.186453467995356,0.992642929844498,1,1,0.934729838541033,0.830604032503614,5.11028052043089e-16,2.22044604925031e-16,0,NA,0.170333333333333,1,"","stage19_v3_resumable_primary_boot_pure_2000_2000_0.1_0.1_10_4_2.9.11",3000,50,5,99
4,194004,1.03039971575221,0.0691040646742999,0.894958237805251,1.16584119369916,0.978829156836329,1.35755626515983,1.56368429252332,0.206128027363493,NA,1.33749348678506,1.55444512850068,0.216951641715625,1.04703135202548,1,1,1.05183940844917,0.918022300126041,5.86335318202517e-16,2.22044604925031e-16,0,NA,0.169666666666667,1,"","stage19_v3_resumable_primary_boot_pure_2000_2000_0.1_0.1_10_4_2.9.11",3000,50,5,99
5,194005,0.930824688861537,0.06802893093773,0.797490434316823,1.06415894340625,0.875137750361935,1.27085629590888,1.43972601104595,0.168869715137067,NA,1.23958610780234,1.40950640308783,0.169920295285493,0.940501279159207,1,1,0.920497586171561,0.826871959874939,5.69583735799848e-16,2.22044604925031e-16,0,NA,0.165333333333333,1,"","stage19_v3_resumable_primary_boot_pure_2000_2000_0.1_0.1_10_4_2.9.11",3000,50,5,99
6,194006,1.07783025568104,0.0803302660028535,0.920385827446924,1.23527468391515,1.03767616198371,1.45774157821167,1.70376022889784,0.246018650686173,NA,1.47628357130058,1.72324761934645,0.246964048045868,1.04958538158297,1,1,1.00097539458535,0.900869529530294,5.43593229059567e-16,2.22044604925031e-16,0,NA,0.170333333333333,1,"","stage19_v3_resumable_primary_boot_pure_2000_2000_0.1_0.1_10_4_2.9.11",3000,50,5,99
7,194007,0.907144850518765,0.0758856198982619,0.758411768573676,1.05587793246385,0.888663839831411,1.20121934463805,1.36286426943061,0.161644924792551,NA,1.25959884604004,1.43710457001589,0.177505723975846,0.894713333202651,1,1,0.930300432224893,0.839148848322629,5.17927528000565e-16,2.22044604925031e-16,0,NA,0.163333333333333,1,"","stage19_v3_resumable_primary_boot_pure_2000_2000_0.1_0.1_10_4_2.9.11",3000,50,5,99
8,194008,0.928165536273449,0.0802241136222449,0.7709291628822,1.0854019096647,0.818626824648327,1.23443049832511,1.37983043370717,0.145399935382064,NA,1.17064147112377,1.30953755120819,0.138896080084424,0.914831954634785,1,1,0.99637908275615,0.893928652652247,5.15118908506069e-16,2.22044604925031e-16,0,NA,0.172333333333333,1,"","stage19_v3_resumable_primary_boot_pure_2000_2000_0.1_0.1_10_4_2.9.11",3000,50,5,99
9,194009,1.00670902643825,0.0684152682255886,0.872617564723446,1.14080048815305,0.949995217506691,1.37328368919863,1.54436845909953,0.171084769900906,NA,1.37528854142852,1.54358887939139,0.16830033796287,1.00252112759685,1,1,0.913054966089146,0.841537509751098,4.72946036958774e-16,2.22044604925031e-16,0,NA,0.165666666666667,1,"","stage19_v3_resumable_primary_boot_pure_2000_2000_0.1_0.1_10_4_2.9.11",3000,50,5,99
10,194010,0.909350427207372,0.0798902095488485,0.752768493774271,1.06593236064047,0.862381697778457,1.23634453351708,1.40817393267051,0.17182939915343,NA,1.2231939851306,1.38385856666998,0.160664581539383,0.887473682385286,1,1,0.976797758083895,0.858835240757025,5.15358535860558e-16,2.22044604925031e-16,0,NA,0.172333333333333,1,"","stage19_v3_resumable_primary_boot_pure_2000_2000_0.1_0.1_10_4_2.9.11",3000,50,5,99
11,194011,0.842279880386048,0.0669844287278318,0.710992812554508,0.973566948217588,0.759474752671333,1.11154682242686,1.256789124784,0.145242302357145,NA,1.02947279665361,1.16169114761821,0.132218350964599,0.846457611094276,1,1,1.01527142944421,0.930681757163066,5.10584923303219e-16,2.22044604925031e-16,0,NA,0.171333333333333,1,"","stage19_v3_resumable_primary_boot_pure_2000_2000_0.1_0.1_10_4_2.9.11",3000,50,5,99
12,194012,0.971144902076068,0.0697614271473357,0.834415017357175,1.10787478679496,0.92350500491414,1.3103302046032,1.47433776689026,0.164007562287055,NA,1.29418013057903,1.44237987547497,0.148199744895941,0.978558919842173,1,1,0.992729283458045,0.915904797410452,5.57275842195354e-16,2.22044604925031e-16,0,NA,0.176333333333333,1,"","stage19_v3_resumable_primary_boot_pure_2000_2000_0.1_0.1_10_4_2.9.11",3000,50,5,99
13,194013,1.00135638174367,0.068155029168849,0.867774979207454,1.1349377842799,0.93932175492055,1.31427109438694,1.40551572737772,0.0912446329907799,NA,1.34796045814694,1.46631374829463,0.118353290147693,1.0351284331495,1,1,0.973366379823897,0.9038196896076,5.32212323448026e-16,2.22044604925031e-16,0,NA,0.173333333333333,1,"","stage19_v3_resumable_primary_boot_pure_2000_2000_0.1_0.1_10_4_2.9.11",3000,50,5,99
14,194014,1.02073005089172,0.0765529195920252,0.87068908557996,1.17077101620348,0.950751803664784,1.34178065586905,1.46969471958293,0.127914063713884,NA,1.33780167897563,1.46828592282885,0.130484243853224,1.03849007644129,1,1,1.0136987562062,0.926208414382968,5.07816738340595e-16,2.22044604925031e-16,0,NA,0.173,1,"","stage19_v3_resumable_primary_boot_pure_2000_2000_0.1_0.1_10_4_2.9.11",3000,50,5,99
15,194015,1.02588230615085,0.0681599931623352,0.892291174366179,1.15947343793553,0.984641197492137,1.35396325060173,1.53804527562293,0.184082025021195,NA,1.37490922278149,1.55936570673041,0.184456483948927,1.03976843244955,1,1,1.0386372184687,0.966924423651041,5.88262386800013e-16,2.22044604925031e-16,0,NA,0.161666666666667,1,"","stage19_v3_resumable_primary_boot_pure_2000_2000_0.1_0.1_10_4_2.9.11",3000,50,5,99
16,194016,1.10621291991302,0.0805010787723258,0.948433704802639,1.2639921350234,1.02158296426835,1.49044870498091,1.63146647916618,0.141017774185263,NA,1.45608527626107,1.60200761085093,0.145922334589858,1.05845055554703,1,1,0.973195094469716,0.907654071745972,5.29945642530782e-16,2.22044604925031e-16,0,NA,0.168333333333333,1,"","stage19_v3_resumable_primary_boot_pure_2000_2000_0.1_0.1_10_4_2.9.11",3000,50,5,99
17,194017,1.00655319758302,0.076691623507796,0.856240377591838,1.15686601757421,0.947140970487486,1.33444210695515,1.46106872655988,0.126626619604733,NA,1.29534909248782,1.41445991269917,0.119110820211342,0.967501448103886,1,1,0.96472332440787,0.905433754202981,5.0676208146313e-16,2.22044604925031e-16,0,NA,0.170333333333333,1,"","stage19_v3_resumable_primary_boot_pure_2000_2000_0.1_0.1_10_4_2.9.11",3000,50,5,99
18,194018,0.910636968105192,0.0628199600896458,0.787512108819242,1.03376182739114,0.884673727838711,1.24699209967109,1.45558934165038,0.208597241979292,NA,1.27335576902853,1.47965426324858,0.206298494220055,0.957835182301847,1,1,0.94541005543124,0.844885699123349,5.31612690990024e-16,2.22044604925031e-16,0,NA,0.171666666666667,1,"","stage19_v3_resumable_primary_boot_pure_2000_2000_0.1_0.1_10_4_2.9.11",3000,50,5,99
19,194019,1.04188976422101,0.0739781580815062,0.896895238738651,1.18688428970338,1.00298707821965,1.38014364264123,1.56642998491746,0.186286342276229,NA,1.36384755717632,1.55429508448398,0.190447527307666,1.01848224550497,1,1,1.00429465114982,0.931063530764372,5.7858064391431e-16,2.22044604925031e-16,0,NA,0.176666666666667,1,"","stage19_v3_resumable_primary_boot_pure_2000_2000_0.1_0.1_10_4_2.9.11",3000,50,5,99
20,194020,0.980222030783426,0.0734935625064069,0.836177295175325,1.12426676639153,0.909669163730924,1.31858112249314,1.50360585556475,0.185024733071613,NA,1.2896103606429,1.45575796900221,0.166147608359309,0.939334897042183,1,1,0.998372941304652,0.945753085831437,4.99667287127858e-16,2.22044604925031e-16,0,NA,0.168333333333333,1,"","stage19_v3_resumable_primary_boot_pure_2000_2000_0.1_0.1_10_4_2.9.11",3000,50,5,99
21,194021,1.14685921300305,0.0645445313906707,1.02035425607832,1.27336416992778,1.07261047790554,1.51018012741201,1.6736249009941,0.163444773582086,NA,1.46879705705076,1.62470116767024,0.155904110619484,1.09458129171887,1,1,1.00739933854807,0.89595128179413,5.75799847101566e-16,2.22044604925031e-16,0,NA,0.174,1,"","stage19_v3_resumable_primary_boot_pure_2000_2000_0.1_0.1_10_4_2.9.11",3000,50,5,99
22,194022,1.04887116389978,0.0795255714516336,0.893003908004609,1.20473841979495,1.00316455640008,1.36690515368401,1.52711709847374,0.160211944789725,NA,1.33603424777723,1.48236280622445,0.146328558447213,1.00042525698816,1,1,1.014440442981,0.941598497790563,5.57349687798566e-16,2.22044604925031e-16,0,NA,0.160333333333333,1,"","stage19_v3_resumable_primary_boot_pure_2000_2000_0.1_0.1_10_4_2.9.11",3000,50,5,99
23,194023,0.950819319710295,0.0741560944562879,0.805476045341821,1.09616259407877,0.909252018233894,1.29885239906084,1.45677555121422,0.157923152153375,NA,1.31778246984622,1.48141392795094,0.163631458104719,0.997505297719369,1,1,0.946496312537424,0.873241802642839,4.87493701919782e-16,2.22044604925031e-16,0,NA,0.169666666666667,1,"","stage19_v3_resumable_primary_boot_pure_2000_2000_0.1_0.1_10_4_2.9.11",3000,50,5,99
24,194024,0.97423563231158,0.0737505636529829,0.829687183712205,1.11878408091096,0.932956366672305,1.29816885477948,1.49145752490188,0.193288670122394,NA,1.29766609821822,1.49176282349681,0.194096725278585,0.976964309024993,1,1,0.955114526431202,0.91066726682624,5.34507890979954e-16,2.22044604925031e-16,0,NA,0.172333333333333,1,"","stage19_v3_resumable_primary_boot_pure_2000_2000_0.1_0.1_10_4_2.9.11",3000,50,5,99
25,194025,1.01652036424342,0.0694053192571039,0.880488438163989,1.15255229032284,0.974822508723323,1.37551414257779,1.57447495517316,0.198960812595376,NA,1.36271822974918,1.54462685335786,0.181908623608678,1.01016435062295,1,1,0.960865463706654,0.868293290382624,5.25657039649772e-16,2.22044604925031e-16,0,NA,0.165,1,"","stage19_v3_resumable_primary_boot_pure_2000_2000_0.1_0.1_10_4_2.9.11",3000,50,5,99
26,194026,1.01229793906313,0.0659582024687391,0.883022237739399,1.14157364038686,0.960912742956299,1.35412204061145,1.49769334660652,0.143571305995066,NA,1.33671785932825,1.48376225752024,0.147044398191984,0.96362721288254,1,1,0.976213285300962,0.901957617984859,4.96983215511974e-16,2.22044604925031e-16,0,NA,0.170666666666667,1,"","stage19_v3_resumable_primary_boot_pure_2000_2000_0.1_0.1_10_4_2.9.11",3000,50,5,99
27,194027,0.9382540254918,0.0784767158878577,0.784442488726616,1.09206556225698,0.896977925122569,1.28070012756955,1.45914622550671,0.178446097937161,NA,1.27861339581226,1.46354510699757,0.184931711185309,0.967968157406585,1,1,0.931191155999095,0.8721946885096,5.56573820302094e-16,2.22044604925031e-16,0,NA,0.158666666666667,1,"","stage19_v3_resumable_primary_boot_pure_2000_2000_0.1_0.1_10_4_2.9.11",3000,50,5,99
28,194028,0.980911357587349,0.0625069858883697,0.858399916463991,1.10342279871071,0.911254841030248,1.28846706930876,1.46721257195786,0.178745502649099,NA,1.25394898380459,1.43298405144545,0.179035067640853,0.952965868264917,1,1,1.01612648699503,0.925959029330762,5.07978798896289e-16,2.22044604925031e-16,0,NA,0.166666666666667,1,"","stage19_v3_resumable_primary_boot_pure_2000_2000_0.1_0.1_10_4_2.9.11",3000,50,5,99
29,194029,1.07099880012362,0.0616558257323121,0.950155602251212,1.19184199799603,1.00344024369179,1.45076105255751,1.66311877967377,0.212357727116253,NA,1.38832939911666,1.58126401972531,0.192934620608652,0.978984228245353,1,1,0.963223809299617,0.897645120975923,4.97975942025355e-16,2.22044604925031e-16,0,NA,0.165666666666667,1,"","stage19_v3_resumable_primary_boot_pure_2000_2000_0.1_0.1_10_4_2.9.11",3000,50,5,99
30,194030,0.896023992949161,0.0753215939598236,0.748396381529757,1.04365160436856,0.8321815412685,1.21551211151988,1.38501819160804,0.169506080088153,NA,1.20955284059653,1.38545602834888,0.175903187752348,0.933340974918524,1,1,0.979454590670081,0.882000860873256,4.66351918329913e-16,2.22044604925031e-16,0,NA,0.170333333333333,1,"","stage19_v3_resumable_primary_boot_pure_2000_2000_0.1_0.1_10_4_2.9.11",3000,50,5,99
31,194031,1.03099986364305,0.0669698696461761,0.899741331087198,1.16225839619889,1.00499503316674,1.36549906330677,1.57461263787882,0.209113574572048,NA,1.41273465361687,1.63090370949778,0.21816905588091,1.05123916716921,1,1,1.01561145675093,0.904693371450082,5.23774644921386e-16,2.22044604925031e-16,0,NA,0.167333333333333,1,"","stage19_v3_resumable_primary_boot_pure_2000_2000_0.1_0.1_10_4_2.9.11",3000,50,5,99
32,194032,0.934032662640341,0.0722627517869225,0.792400271714216,1.07566505356647,0.876093962142785,1.25552578343395,1.4394952581774,0.183969474743442,NA,1.26181090605639,1.4311530530644,0.169342147008012,0.974276727804585,1,1,0.981650393827201,0.905795370418353,4.94305384073635e-16,2.22044604925031e-16,0,NA,0.172333333333333,1,"","stage19_v3_resumable_primary_boot_pure_2000_2000_0.1_0.1_10_4_2.9.11",3000,50,5,99
33,194033,1.02359488112056,0.0670530992212558,0.89217322159511,1.15501654064601,0.954797438818183,1.36226507403252,1.56160743728173,0.199342363249209,NA,1.33823910645712,1.52152268330723,0.183283576850113,1.00401838755337,1,1,0.969670829732788,0.873253481415885,5.33235939625826e-16,2.22044604925031e-16,0,NA,0.168333333333333,1,"","stage19_v3_resumable_primary_boot_pure_2000_2000_0.1_0.1_10_4_2.9.11",3000,50,5,99
34,194034,0.930917767411874,0.0786245973019742,0.77681638840104,1.08501914642271,0.847760701858784,1.23110558924475,1.38576885838225,0.154663269137499,NA,1.19454296129723,1.34003419311808,0.145491231820852,0.93290947515897,1,1,0.983589008318679,0.885021963105509,4.9960550955704e-16,2.22044604925031e-16,0,NA,0.165333333333333,1,"","stage19_v3_resumable_primary_boot_pure_2000_2000_0.1_0.1_10_4_2.9.11",3000,50,5,99
35,194035,0.939510490744599,0.0703888298443281,0.801550919335798,1.0774700621534,0.882016637755663,1.24996966961821,1.3887825889673,0.138812919349088,NA,1.23201488973824,1.36297038082851,0.130955491090268,0.979882803598996,1,1,0.939957352994186,0.798846943155919,4.80307087149683e-16,2.22044604925031e-16,0,NA,0.161333333333333,1,"","stage19_v3_resumable_primary_boot_pure_2000_2000_0.1_0.1_10_4_2.9.11",3000,50,5,99
36,194036,1.17235106139301,0.0714954251117036,1.03222260311469,1.31247951967133,1.09311135941418,1.57088541305806,1.77660024152102,0.205714828462954,NA,1.5337584377383,1.70875649121484,0.174998053476546,1.16845037842964,1,1,0.991092855324726,0.876467774864262,5.48792312362394e-16,2.22044604925031e-16,0,NA,0.170333333333333,1,"","stage19_v3_resumable_primary_boot_pure_2000_2000_0.1_0.1_10_4_2.9.11",3000,50,5,99
37,194037,0.95365541622038,0.0700669729840036,0.816326672665992,1.09098415977477,0.877804417903294,1.29743046522581,1.44652770671279,0.149097241486981,NA,1.23684412265574,1.36434425649908,0.127500133843333,0.926000612058858,1,1,1.01096626335031,0.919517656167344,5.21609382881983e-16,2.22044604925031e-16,0,NA,0.176333333333333,1,"","stage19_v3_resumable_primary_boot_pure_2000_2000_0.1_0.1_10_4_2.9.11",3000,50,5,99
38,194038,1.04199004320739,0.0722337347729616,0.900414524583564,1.18356556183121,1.00994404155636,1.41277114470732,1.62368381269983,0.210912667992514,NA,1.37760713464513,1.58449784568663,0.206890711041493,1.07694264248159,1,1,0.896199905172645,0.811690261865057,5.63299032711077e-16,2.22044604925031e-16,0,NA,0.162333333333333,1,"","stage19_v3_resumable_primary_boot_pure_2000_2000_0.1_0.1_10_4_2.9.11",3000,50,5,99
39,194039,1.00867085104775,0.0729922795402139,0.865608611999448,1.15173309009605,0.973086177035301,1.29684219288104,1.42370107034876,0.126858877467712,NA,1.32801503418741,1.45085015034486,0.122835116157454,1.00599314803129,1,1,1.04493450972446,0.937903185060867,5.770671277041e-16,2.22044604925031e-16,0,NA,0.168333333333333,1,"","stage19_v3_resumable_primary_boot_pure_2000_2000_0.1_0.1_10_4_2.9.11",3000,50,5,99
40,194040,0.95457740459771,0.0714411709447843,0.814555282532563,1.09459952666286,0.899535937004665,1.27338834298479,1.45551598523812,0.182127642253328,NA,1.26010531892103,1.4264272059297,0.166321887008672,0.936211073246211,1,1,0.959341497896097,0.889670118953656,5.0198870587263e-16,2.22044604925031e-16,0,NA,0.158333333333333,1,"","stage19_v3_resumable_primary_boot_pure_2000_2000_0.1_0.1_10_4_2.9.11",3000,50,5,99
41,194041,0.989382648339117,0.0733024962086764,0.845712395793228,1.13305290088501,0.949175840526683,1.31234264495086,1.4755187895577,0.163176144606837,NA,1.32401265333757,1.47861352289198,0.154600869554417,1.02050780127285,1,1,1.05650852967938,0.943144653643778,4.97479826393322e-16,2.22044604925031e-16,0,NA,0.166333333333333,1,"","stage19_v3_resumable_primary_boot_pure_2000_2000_0.1_0.1_10_4_2.9.11",3000,50,5,99
42,194042,1.08922979623327,0.0728111741473854,0.94652251723232,1.23193707523422,1.0028748774915,1.47439545127314,1.67808689738781,0.20369144611467,NA,1.40893332951107,1.6068280749587,0.197894745447623,1.03652795540619,1,1,0.922389675712237,0.856141866411221,5.35315741000888e-16,2.22044604925031e-16,0,NA,0.162666666666667,1,"","stage19_v3_resumable_primary_boot_pure_2000_2000_0.1_0.1_10_4_2.9.11",3000,50,5,99
43,194043,1.23328122751498,0.0744447736124186,1.0873721523974,1.37919030263256,1.15696658156861,1.61652597679235,1.81980412653843,0.203278149746072,NA,1.56921252958179,1.77794771473159,0.208735185149798,1.18354347353685,1,1,1.01035097157326,0.89965548565917,5.54388191346488e-16,2.22044604925031e-16,0,NA,0.171,1,"","stage19_v3_resumable_primary_boot_pure_2000_2000_0.1_0.1_10_4_2.9.11",3000,50,5,99
44,194044,0.902680546487055,0.0714918926241687,0.76255901175708,1.04280208121703,0.863950208698226,1.25045358020533,1.50259043917062,0.252136858965287,NA,1.27728139273511,1.5253072887476,0.248025896012491,0.941446778925329,1,1,0.951705310158915,0.874244436115438,5.15697817342158e-16,2.22044604925031e-16,0,NA,0.165,1,"","stage19_v3_resumable_primary_boot_pure_2000_2000_0.1_0.1_10_4_2.9.11",3000,50,5,99
45,194045,1.088400453096,0.0686857716510441,0.95377881440961,1.22302209178239,1.05823234891067,1.43501904934032,1.62158605082647,0.186567001486142,NA,1.46962757344613,1.66690816513135,0.197280591685222,1.01288462336769,1,1,0.964048038416363,0.846199918528393,5.86914103150748e-16,2.22044604925031e-16,0,NA,0.157666666666667,1,"","stage19_v3_resumable_primary_boot_pure_2000_2000_0.1_0.1_10_4_2.9.11",3000,50,5,99
46,194046,1.08770836255123,0.0754202027638461,0.939887481427383,1.23552924367508,1.01865358173683,1.43790597034446,1.61577558804906,0.177869617704605,NA,1.43381525030398,1.61107552597552,0.17726027567154,1.0589817576404,1,1,0.962925415478538,0.875483722870124,5.1927660988079e-16,2.22044604925031e-16,0,NA,0.164,1,"","stage19_v3_resumable_primary_boot_pure_2000_2000_0.1_0.1_10_4_2.9.11",3000,50,5,99
47,194047,1.01007408172431,0.0651520305666279,0.882378448294063,1.13776971515455,0.945287982673506,1.35763467199322,1.52283159423148,0.165196922238268,NA,1.33395296544047,1.49025514054961,0.156302175109138,0.986439267440373,1,1,0.974736954302972,0.881804076806859,5.29362878919298e-16,2.22044604925031e-16,0,NA,0.171666666666667,1,"","stage19_v3_resumable_primary_boot_pure_2000_2000_0.1_0.1_10_4_2.9.11",3000,50,5,99
48,194048,0.883016610970308,0.0861743641251449,0.714117960894384,1.05191526104623,0.833114437670166,1.18243684490038,1.3384331022034,0.15599625730302,NA,1.20132212878651,1.340489959574,0.139167830787488,0.912968188270846,1,1,0.98896901016541,0.888266934938598,5.62860497002166e-16,2.22044604925031e-16,0,NA,0.166666666666667,1,"","stage19_v3_resumable_primary_boot_pure_2000_2000_0.1_0.1_10_4_2.9.11",3000,50,5,99
49,194049,0.899464209959776,0.0754378176815442,0.751608804231651,1.0473196156879,0.824977499685432,1.19188224038902,1.29911930563079,0.107237065241771,NA,1.1721973216321,1.27619771293296,0.10400039130086,0.921969495274905,1,1,0.94147642039297,0.83570151913536,5.3157398179778e-16,2.22044604925031e-16,0,NA,0.167333333333333,1,"","stage19_v3_resumable_primary_boot_pure_2000_2000_0.1_0.1_10_4_2.9.11",3000,50,5,99
50,194050,1.04706960791523,0.0702393156236441,0.90940307899415,1.18473613683632,1.00540557632967,1.39462794923762,1.5753045380215,0.180676588783881,NA,1.41213159578875,1.60366245425612,0.191530858467367,1.07256046868988,1,1,0.980868150892965,0.891060860720212,5.6483122642097e-16,2.22044604925031e-16,0,NA,0.172666666666667,1,"","stage19_v3_resumable_primary_boot_pure_2000_2000_0.1_0.1_10_4_2.9.11",3000,50,5,99
